name,status,vanilla,resolved,applied,reason
bucket.png,manual,bucket_empty.png,items/bucket_empty.png,yes,
bucket_river_water.png,manual,bucket_water.png,items/bucket_water.png,yes,
character.png,manual,entity/steve.png,entity/steve.png,yes,
default_acacia_leaves.png,manual,leaves_acacia.png,blocks/leaves_acacia.png,yes,
default_acacia_sapling.png,manual,sapling_acacia.png,blocks/sapling_acacia.png,yes,
default_acacia_tree.png,manual,log_acacia.png,blocks/log_acacia.png,yes,
default_acacia_tree_top.png,manual,log_acacia_top.png,blocks/log_acacia_top.png,yes,
default_acacia_wood.png,manual,log_acacia.png,blocks/log_acacia.png,yes,
default_book.png,manual,items/book_normal.png,items/book_normal.png,yes,
default_clay_brick.png,manual,items/brick.png,items/brick.png,yes,
default_clay_lump.png,manual,clay_ball.png,items/clay_ball.png,yes,
default_coal_lump.png,manual,coal.png,items/coal.png,yes,
default_cobble.png,manual,cobblestone.png,blocks/cobblestone.png,yes,
default_diamond.png,manual,diamond.png,items/diamond.png,yes,
default_diamond_block.png,manual,diamond_block.png,blocks/diamond_block.png,yes,
default_dry_shrub.png,manual,deadbush.png,blocks/deadbush.png,yes,
default_furnace_bottom.png,manual,furnace_top.png,blocks/furnace_top.png,yes,
default_furnace_front.png,manual,furnace_front_off.png,blocks/furnace_front_off.png,yes,
default_furnace_front_active.png,manual,furnace_front_on.png,blocks/furnace_front_on.png,yes,
default_glass_detail.png,manual,glass.png,blocks/glass.png,yes,
default_jungleleaves.png,manual,leaves_jungle.png,blocks/leaves_jungle.png,yes,
default_junglesapling.png,manual,sapling_jungle.png,blocks/sapling_jungle.png,yes,
default_jungletree.png,manual,log_jungle.png,blocks/log_jungle.png,yes,
default_jungletree_top.png,manual,log_jungle_top.png,blocks/log_jungle_top.png,yes,
default_junglewood.png,manual,log_jungle.png,blocks/log_jungle.png,yes,
default_lava_flowing_animated.png,manual,lava_flow.png,blocks/lava_flow.png,yes,
default_lava_source_animated.png,manual,lava_still.png,blocks/lava_still.png,yes,
default_leaves.png,manual,leaves_oak.png,blocks/leaves_oak.png,yes,
default_mossycobble.png,manual,cobblestone_mossy.png,blocks/cobblestone_mossy.png,yes,
default_rail.png,manual,rail_normal.png,blocks/rail_normal.png,yes,
default_rail_crossing.png,manual,rail_normal.png,blocks/rail_normal.png,yes,
default_rail_curved.png,manual,rail_normal_turned.png,blocks/rail_normal_turned.png,yes,
default_rail_t_junction.png,manual,rail_normal.png,blocks/rail_normal.png,yes,
default_river_water_flowing_animated.png,manual,water_flow.png,blocks/water_flow.png,yes,
default_river_water_source_animated.png,manual,water_still.png,blocks/water_still.png,yes,
default_sapling.png,manual,sapling_oak.png,blocks/sapling_oak.png,yes,
default_snow.png,manual,snow.png,blocks/snow.png,yes,
default_steel_block.png,manual,iron_block.png,blocks/iron_block.png,yes,
default_steel_ingot.png,manual,iron_ingot.png,items/iron_ingot.png,yes,
default_stone_brick.png,manual,stonebrick.png,blocks/stonebrick.png,yes,
default_tnt_bottom.png,manual,tnt_bottom.png,blocks/tnt_bottom.png,yes,
default_tnt_side.png,manual,tnt_side.png,blocks/tnt_side.png,yes,
default_tnt_top.png,manual,tnt_top.png,blocks/tnt_top.png,yes,
default_tool_diamondaxe.png,manual,diamond_axe.png,items/diamond_axe.png,yes,
default_tool_diamondpick.png,manual,diamond_pickaxe.png,items/diamond_pickaxe.png,yes,
default_tool_diamondshovel.png,manual,diamond_shovel.png,items/diamond_shovel.png,yes,
default_tool_diamondsword.png,manual,diamond_sword.png,items/diamond_sword.png,yes,
default_tool_goldaxe.png,manual,gold_axe.png,items/gold_axe.png,yes,
default_tool_goldpick.png,manual,gold_pickaxe.png,items/gold_pickaxe.png,yes,
default_tool_goldshovel.png,manual,gold_shovel.png,items/gold_shovel.png,yes,
default_tool_goldsword.png,manual,gold_sword.png,items/gold_sword.png,yes,
default_tool_shears.png,manual,shears.png,items/shears.png,yes,
default_tool_steelaxe.png,manual,iron_axe.png,items/iron_axe.png,yes,
default_tool_steelpick.png,manual,iron_pickaxe.png,items/iron_pickaxe.png,yes,
default_tool_steelshovel.png,manual,iron_shovel.png,items/iron_shovel.png,yes,
default_tool_steelsword.png,manual,iron_sword.png,items/iron_sword.png,yes,
default_tool_stoneaxe.png,manual,stone_axe.png,items/stone_axe.png,yes,
default_tool_stonepick.png,manual,stone_pickaxe.png,items/stone_pickaxe.png,yes,
default_tool_stoneshovel.png,manual,stone_shovel.png,items/stone_shovel.png,yes,
default_tool_stonesword.png,manual,stone_sword.png,items/stone_sword.png,yes,
default_tool_woodaxe.png,manual,wood_axe.png,items/wood_axe.png,yes,
default_tool_woodpick.png,manual,wood_pickaxe.png,items/wood_pickaxe.png,yes,
default_tool_woodshovel.png,manual,wood_shovel.png,items/wood_shovel.png,yes,
default_tool_woodsword.png,manual,wood_sword.png,items/wood_sword.png,yes,
default_torch_on_floor.png,manual,torch_on.png,blocks/torch_on.png,yes,
default_torch_on_floor_animated.png,manual,torch_on.png,blocks/torch_on.png,yes,
default_tree.png,manual,log_oak.png,blocks/log_oak.png,yes,
default_tree_top.png,manual,log_oak_top.png,blocks/log_oak_top.png,yes,
default_water_flowing_animated.png,manual,water_flow.png,blocks/water_flow.png,yes,
default_water_source_animated.png,manual,water_still.png,blocks/water_still.png,yes,
default_wood.png,manual,planks_oak.png,blocks/planks_oak.png,yes,
doors_trapdoor.png,manual,trapdoor.png,blocks/trapdoor.png,yes,
doors_trapdoor_steel.png,manual,iron_trapdoor.png,blocks/iron_trapdoor.png,yes,
farming_carrot_1.png,manual,carrots_stage_0.png,blocks/carrots_stage_0.png,yes,
farming_carrot_2.png,manual,carrots_stage_1.png,blocks/carrots_stage_1.png,yes,
farming_carrot_3.png,manual,carrots_stage_2.png,blocks/carrots_stage_2.png,yes,
farming_carrot_4.png,manual,carrots_stage_3.png,blocks/carrots_stage_3.png,yes,
farming_carrot_gold.png,manual,carrot_golden.png,items/carrot_golden.png,yes,
farming_pumpkin_face.png,manual,pumpkin_face_off.png,blocks/pumpkin_face_off.png,yes,
farming_pumpkin_face_light.png,manual,pumpkin_face_on.png,blocks/pumpkin_face_on.png,yes,
farming_tool_diamondhoe.png,manual,diamond_hoe.png,items/diamond_hoe.png,yes,
farming_tool_goldhoe.png,manual,gold_hoe.png,items/gold_hoe.png,yes,
farming_tool_steelhoe.png,manual,iron_hoe.png,items/iron_hoe.png,yes,
farming_tool_stonehoe.png,manual,stone_hoe.png,items/stone_hoe.png,yes,
farming_tool_woodhoe.png,manual,wood_hoe.png,items/wood_hoe.png,yes,
farming_wheat_harvested.png,manual,wheat.png,items/wheat.png,yes,
hardened_clay_stained_grey.png,manual,hardened_clay_stained_silver.png,blocks/hardened_clay_stained_silver.png,yes,
mcl_armor_boots_chain.png,manual,chainmail_boots.png,items/chainmail_boots.png,yes,
mcl_armor_boots_diamond.png,manual,diamond_boots.png,items/diamond_boots.png,yes,
mcl_armor_boots_gold.png,manual,gold_boots.png,items/gold_boots.png,yes,
mcl_armor_boots_iron.png,manual,iron_boots.png,items/iron_boots.png,yes,
mcl_armor_boots_leather.png,manual,leather_boots.png,items/leather_boots.png,yes,
mcl_armor_chestplate_chain.png,manual,chainmail_chestplate.png,items/chainmail_chestplate.png,yes,
mcl_armor_chestplate_diamond.png,manual,diamond_chestplate.png,items/diamond_chestplate.png,yes,
mcl_armor_chestplate_gold.png,manual,gold_chestplate.png,items/gold_chestplate.png,yes,
mcl_armor_chestplate_iron.png,manual,iron_chestplate.png,items/iron_chestplate.png,yes,
mcl_armor_chestplate_leather.png,manual,leather_chestplate.png,items/leather_chestplate.png,yes,
mcl_armor_helmet_chain.png,manual,chainmail_helmet.png,items/chainmail_helmet.png,yes,
mcl_armor_helmet_diamond.png,manual,diamond_helmet.png,items/diamond_helmet.png,yes,
mcl_armor_helmet_gold.png,manual,gold_helmet.png,items/gold_helmet.png,yes,
mcl_armor_helmet_iron.png,manual,iron_helmet.png,items/iron_helmet.png,yes,
mcl_armor_helmet_leather.png,manual,leather_helmet.png,items/leather_helmet.png,yes,
mcl_armor_inv_boots_chain.png,manual,chainmail_boots.png,items/chainmail_boots.png,yes,
mcl_armor_inv_boots_diamond.png,manual,diamond_boots.png,items/diamond_boots.png,yes,
mcl_armor_inv_boots_gold.png,manual,gold_boots.png,items/gold_boots.png,yes,
mcl_armor_inv_boots_iron.png,manual,iron_boots.png,items/iron_boots.png,yes,
mcl_armor_inv_boots_leather.png,manual,leather_boots.png,items/leather_boots.png,yes,
mcl_armor_inv_chestplate_chain.png,manual,chainmail_chestplate.png,items/chainmail_chestplate.png,yes,
mcl_armor_inv_chestplate_diamond.png,manual,diamond_chestplate.png,items/diamond_chestplate.png,yes,
mcl_armor_inv_chestplate_gold.png,manual,gold_chestplate.png,items/gold_chestplate.png,yes,
mcl_armor_inv_chestplate_iron.png,manual,iron_chestplate.png,items/iron_chestplate.png,yes,
mcl_armor_inv_chestplate_leather.png,manual,leather_chestplate.png,items/leather_chestplate.png,yes,
mcl_armor_inv_helmet_chain.png,manual,chainmail_helmet.png,items/chainmail_helmet.png,yes,
mcl_armor_inv_helmet_diamond.png,manual,diamond_helmet.png,items/diamond_helmet.png,yes,
mcl_armor_inv_helmet_gold.png,manual,gold_helmet.png,items/gold_helmet.png,yes,
mcl_armor_inv_helmet_iron.png,manual,iron_helmet.png,items/iron_helmet.png,yes,
mcl_armor_inv_helmet_leather.png,manual,leather_helmet.png,items/leather_helmet.png,yes,
mcl_armor_inv_leggings_chain.png,manual,chainmail_leggings.png,items/chainmail_leggings.png,yes,
mcl_armor_inv_leggings_diamond.png,manual,diamond_leggings.png,items/diamond_leggings.png,yes,
mcl_armor_inv_leggings_gold.png,manual,gold_leggings.png,items/gold_leggings.png,yes,
mcl_armor_inv_leggings_iron.png,manual,iron_leggings.png,items/iron_leggings.png,yes,
mcl_armor_inv_leggings_leather.png,manual,leather_leggings.png,items/leather_leggings.png,yes,
mcl_armor_leggings_chain.png,manual,chainmail_leggings.png,items/chainmail_leggings.png,yes,
mcl_armor_leggings_diamond.png,manual,diamond_leggings.png,items/diamond_leggings.png,yes,
mcl_armor_leggings_gold.png,manual,gold_leggings.png,items/gold_leggings.png,yes,
mcl_armor_leggings_iron.png,manual,iron_leggings.png,items/iron_leggings.png,yes,
mcl_armor_leggings_leather.png,manual,leather_leggings.png,items/leather_leggings.png,yes,
mcl_core_andesite.png,manual,stone_andesite.png,blocks/stone_andesite.png,yes,
mcl_core_andesite_smooth.png,manual,stone_andesite_smooth.png,blocks/stone_andesite_smooth.png,yes,
mcl_core_diorite_smooth.png,manual,stone_diorite_smooth.png,blocks/stone_diorite_smooth.png,yes,
mcl_core_glass_black_detail.png,manual,glass_black.png,blocks/glass_black.png,yes,
mcl_core_glass_blue_detail.png,manual,glass_blue.png,blocks/glass_blue.png,yes,
mcl_core_glass_brown_detail.png,manual,glass_brown.png,blocks/glass_brown.png,yes,
mcl_core_glass_cyan_detail.png,manual,glass_cyan.png,blocks/glass_cyan.png,yes,
mcl_core_glass_gray_detail.png,manual,glass_gray.png,blocks/glass_gray.png,yes,
mcl_core_glass_green_detail.png,manual,glass_green.png,blocks/glass_green.png,yes,
mcl_core_glass_light_blue_detail.png,manual,glass_light_blue.png,blocks/glass_light_blue.png,yes,
mcl_core_glass_lime_detail.png,manual,glass_lime.png,blocks/glass_lime.png,yes,
mcl_core_glass_magenta_detail.png,manual,glass_magenta.png,blocks/glass_magenta.png,yes,
mcl_core_glass_orange_detail.png,manual,glass_orange.png,blocks/glass_orange.png,yes,
mcl_core_glass_pink_detail.png,manual,glass_pink.png,blocks/glass_pink.png,yes,
mcl_core_glass_purple_detail.png,manual,glass_purple.png,blocks/glass_purple.png,yes,
mcl_core_glass_red_detail.png,manual,glass_red.png,blocks/glass_red.png,yes,
mcl_core_glass_silver_detail.png,manual,glass_silver.png,blocks/glass_silver.png,yes,
mcl_core_glass_white_detail.png,manual,glass_white.png,blocks/glass_white.png,yes,
mcl_core_glass_yellow_detail.png,manual,glass_yellow.png,blocks/glass_yellow.png,yes,
mcl_core_granite.png,manual,stone_granite.png,blocks/stone_granite.png,yes,
mcl_core_granite_smooth.png,manual,stone_granite_smooth.png,blocks/stone_granite_smooth.png,yes,
mcl_core_grass_block_side_overlay.png,manual,grass_side_overlay.png,blocks/grass_side_overlay.png,yes,
mcl_core_grass_block_top.png,manual,grass_top.png,blocks/grass_top.png,yes,
mcl_core_grass_path_side.png,manual,grass_side.png,blocks/grass_side.png,yes,
mcl_core_grass_path_top.png,manual,grass_top.png,blocks/grass_top.png,yes,
mcl_core_grass_side_snowed.png,manual,grass_side_snowed.png,blocks/grass_side_snowed.png,yes,
mcl_core_ice_blue.png,manual,ice_packed.png,blocks/ice_packed.png,yes,
mcl_core_lapis.png,manual,lapis_ore.png,blocks/lapis_ore.png,yes,
mcl_core_papyrus.png,manual,reeds.png,blocks/reeds.png,yes,
mcl_core_sapling_big_oak.png,manual,sapling_roofed_oak.png,blocks/sapling_roofed_oak.png,yes,
mcl_experience_bottle.png,manual,experience_bottle.png,items/experience_bottle.png,yes,
mcl_farming_hayblock_side.png,manual,hay_block_side.png,blocks/hay_block_side.png,yes,
mcl_farming_hayblock_top.png,manual,hay_block_top.png,blocks/hay_block_top.png,yes,
mcl_farming_melon_seeds.png,manual,seeds_melon.png,items/seeds_melon.png,yes,
mcl_farming_pumpkin_face.png,manual,pumpkin_face_off.png,blocks/pumpkin_face_off.png,yes,
mcl_farming_pumpkin_face_light.png,manual,pumpkin_face_on.png,blocks/pumpkin_face_on.png,yes,
mcl_farming_pumpkin_seeds.png,manual,seeds_pumpkin.png,items/seeds_pumpkin.png,yes,
mcl_farming_wheat_seeds.png,manual,seeds_wheat.png,items/seeds_wheat.png,yes,
mcl_heads_creeper.png,manual,entity/creeper/creeper.png,entity/creeper/creeper.png,yes,
mcl_nether_netherbrick.png,manual,nether_brick.png,blocks/nether_brick.png,yes,
mcl_nether_quartz_chiseled_side.png,manual,quartz_block_chiseled.png,blocks/quartz_block_chiseled.png,yes,
mcl_nether_quartz_chiseled_top.png,manual,quartz_block_chiseled_top.png,blocks/quartz_block_chiseled_top.png,yes,
mcl_nether_quartz_pillar_side.png,manual,quartz_block_lines.png,blocks/quartz_block_lines.png,yes,
mcl_nether_quartz_pillar_top.png,manual,quartz_block_lines_top.png,blocks/quartz_block_lines_top.png,yes,
mesecons_noteblock.png,manual,noteblock.png,blocks/noteblock.png,yes,
mesecons_piston_bottom.png,manual,piston_bottom.png,blocks/piston_bottom.png,yes,
mesecons_piston_on_front.png,manual,piston_top_normal.png,blocks/piston_top_normal.png,yes,
mesecons_piston_pusher_front.png,manual,piston_inner.png,blocks/piston_inner.png,yes,
mesecons_piston_pusher_front_sticky.png,manual,piston_inner.png,blocks/piston_inner.png,yes,
mesecons_walllever_lever.png,manual,lever.png,blocks/lever.png,yes,
mesecons_walllever_lever_inv.png,manual,lever.png,blocks/lever.png,yes,
mobs_mc_horse_markings_blackdots.png,manual,entity/horse/horse_markings_blackdots.png,entity/horse/horse_markings_blackdots.png,yes,
mobs_mc_horse_markings_white.png,manual,entity/horse/horse_markings_white.png,entity/horse/horse_markings_white.png,yes,
mobs_mc_horse_markings_whitedots.png,manual,entity/horse/horse_markings_whitedots.png,entity/horse/horse_markings_whitedots.png,yes,
mobs_mc_horse_markings_whitefield.png,manual,entity/horse/horse_markings_whitefield.png,entity/horse/horse_markings_whitefield.png,yes,
xpanes_pane_iron.png,manual,iron_bars.png,blocks/iron_bars.png,yes,
xpanes_top_glass_black.png,manual,glass_pane_top_black.png,blocks/glass_pane_top_black.png,yes,
xpanes_top_glass_blue.png,manual,glass_pane_top_blue.png,blocks/glass_pane_top_blue.png,yes,
xpanes_top_glass_brown.png,manual,glass_pane_top_brown.png,blocks/glass_pane_top_brown.png,yes,
xpanes_top_glass_cyan.png,manual,glass_pane_top_cyan.png,blocks/glass_pane_top_cyan.png,yes,
xpanes_top_glass_gray.png,manual,glass_pane_top_gray.png,blocks/glass_pane_top_gray.png,yes,
xpanes_top_glass_green.png,manual,glass_pane_top_green.png,blocks/glass_pane_top_green.png,yes,
xpanes_top_glass_light_blue.png,manual,glass_pane_top_light_blue.png,blocks/glass_pane_top_light_blue.png,yes,
xpanes_top_glass_lime.png,manual,glass_pane_top_lime.png,blocks/glass_pane_top_lime.png,yes,
xpanes_top_glass_magenta.png,manual,glass_pane_top_magenta.png,blocks/glass_pane_top_magenta.png,yes,
xpanes_top_glass_natural.png,manual,glass_pane_top.png,blocks/glass_pane_top.png,yes,
xpanes_top_glass_orange.png,manual,glass_pane_top_orange.png,blocks/glass_pane_top_orange.png,yes,
xpanes_top_glass_pink.png,manual,glass_pane_top_pink.png,blocks/glass_pane_top_pink.png,yes,
xpanes_top_glass_purple.png,manual,glass_pane_top_purple.png,blocks/glass_pane_top_purple.png,yes,
xpanes_top_glass_red.png,manual,glass_pane_top_red.png,blocks/glass_pane_top_red.png,yes,
xpanes_top_glass_silver.png,manual,glass_pane_top_silver.png,blocks/glass_pane_top_silver.png,yes,
xpanes_top_glass_white.png,manual,glass_pane_top_white.png,blocks/glass_pane_top_white.png,yes,
xpanes_top_glass_yellow.png,manual,glass_pane_top_yellow.png,blocks/glass_pane_top_yellow.png,yes,
bucket_lava.png,exact,bucket_lava.png,items/bucket_lava.png,yes,
bucket_water.png,exact,bucket_water.png,items/bucket_water.png,yes,
cake.png,exact,cake.png,items/cake.png,yes,
cake_bottom.png,exact,cake_bottom.png,blocks/cake_bottom.png,yes,
cake_inner.png,exact,cake_inner.png,blocks/cake_inner.png,yes,
cake_side.png,exact,cake_side.png,blocks/cake_side.png,yes,
cake_top.png,exact,cake_top.png,blocks/cake_top.png,yes,
hardened_clay.png,exact,hardened_clay.png,blocks/hardened_clay.png,yes,
hardened_clay_stained_black.png,exact,hardened_clay_stained_black.png,blocks/hardened_clay_stained_black.png,yes,
hardened_clay_stained_blue.png,exact,hardened_clay_stained_blue.png,blocks/hardened_clay_stained_blue.png,yes,
hardened_clay_stained_brown.png,exact,hardened_clay_stained_brown.png,blocks/hardened_clay_stained_brown.png,yes,
hardened_clay_stained_cyan.png,exact,hardened_clay_stained_cyan.png,blocks/hardened_clay_stained_cyan.png,yes,
hardened_clay_stained_green.png,exact,hardened_clay_stained_green.png,blocks/hardened_clay_stained_green.png,yes,
hardened_clay_stained_light_blue.png,exact,hardened_clay_stained_light_blue.png,blocks/hardened_clay_stained_light_blue.png,yes,
hardened_clay_stained_lime.png,exact,hardened_clay_stained_lime.png,blocks/hardened_clay_stained_lime.png,yes,
hardened_clay_stained_magenta.png,exact,hardened_clay_stained_magenta.png,blocks/hardened_clay_stained_magenta.png,yes,
hardened_clay_stained_orange.png,exact,hardened_clay_stained_orange.png,blocks/hardened_clay_stained_orange.png,yes,
hardened_clay_stained_pink.png,exact,hardened_clay_stained_pink.png,blocks/hardened_clay_stained_pink.png,yes,
hardened_clay_stained_purple.png,exact,hardened_clay_stained_purple.png,blocks/hardened_clay_stained_purple.png,yes,
hardened_clay_stained_red.png,exact,hardened_clay_stained_red.png,blocks/hardened_clay_stained_red.png,yes,
hardened_clay_stained_silver.png,exact,hardened_clay_stained_silver.png,blocks/hardened_clay_stained_silver.png,yes,
hardened_clay_stained_white.png,exact,hardened_clay_stained_white.png,blocks/hardened_clay_stained_white.png,yes,
hardened_clay_stained_yellow.png,exact,hardened_clay_stained_yellow.png,blocks/hardened_clay_stained_yellow.png,yes,
mob_spawner.png,exact,mob_spawner.png,blocks/mob_spawner.png,yes,
spawn_egg.png,exact,spawn_egg.png,items/spawn_egg.png,yes,
spawn_egg_overlay.png,exact,spawn_egg_overlay.png,items/spawn_egg_overlay.png,yes,
wool_dark_grey.png,exact,wool_dark_grey.png,blocks/wool_dark_grey.png,yes,
default_apple.png,stripped,apple.png,items/apple.png,yes,
default_bookshelf.png,stripped,bookshelf.png,blocks/bookshelf.png,yes,
default_brick.png,stripped,brick.png,blocks/brick.png,yes,
default_clay.png,stripped,clay.png,blocks/clay.png,yes,
default_coal_block.png,stripped,coal_block.png,blocks/coal_block.png,yes,
default_dirt.png,stripped,dirt.png,blocks/dirt.png,yes,
default_flint.png,stripped,flint.png,items/flint.png,yes,
default_furnace_side.png,stripped,furnace_side.png,blocks/furnace_side.png,yes,
default_furnace_top.png,stripped,furnace_top.png,blocks/furnace_top.png,yes,
default_glass.png,stripped,glass.png,blocks/glass.png,yes,
default_gold_block.png,stripped,gold_block.png,blocks/gold_block.png,yes,
default_gold_ingot.png,stripped,gold_ingot.png,items/gold_ingot.png,yes,
default_gravel.png,stripped,gravel.png,blocks/gravel.png,yes,
default_gunpowder.png,stripped,gunpowder.png,items/gunpowder.png,yes,
default_ice.png,stripped,ice.png,blocks/ice.png,yes,
default_ladder.png,stripped,ladder.png,blocks/ladder.png,yes,
default_obsidian.png,stripped,obsidian.png,blocks/obsidian.png,yes,
default_paper.png,stripped,paper.png,items/paper.png,yes,
default_sand.png,stripped,sand.png,blocks/sand.png,yes,
default_stick.png,stripped,stick.png,items/stick.png,yes,
default_stone.png,stripped,stone.png,blocks/stone.png,yes,
farming_bread.png,stripped,bread.png,items/bread.png,yes,
farming_carrot.png,stripped,carrot.png,items/carrot.png,yes,
farming_cookie.png,stripped,cookie.png,items/cookie.png,yes,
farming_melon.png,stripped,melon.png,items/melon.png,yes,
farming_melon_side.png,stripped,melon_side.png,blocks/melon_side.png,yes,
farming_melon_top.png,stripped,melon_top.png,blocks/melon_top.png,yes,
farming_mushroom_brown.png,stripped,mushroom_brown.png,blocks/mushroom_brown.png,yes,
farming_mushroom_red.png,stripped,mushroom_red.png,blocks/mushroom_red.png,yes,
farming_mushroom_stew.png,stripped,mushroom_stew.png,items/mushroom_stew.png,yes,
farming_potato.png,stripped,potato.png,items/potato.png,yes,
farming_potato_baked.png,stripped,potato_baked.png,items/potato_baked.png,yes,
farming_pumpkin_side.png,stripped,pumpkin_side.png,blocks/pumpkin_side.png,yes,
farming_pumpkin_top.png,stripped,pumpkin_top.png,blocks/pumpkin_top.png,yes,
mcl_anvils_anvil_base.png,stripped,anvil_base.png,blocks/anvil_base.png,yes,
mcl_anvils_anvil_top_damaged_0.png,stripped,anvil_top_damaged_0.png,blocks/anvil_top_damaged_0.png,yes,
mcl_anvils_anvil_top_damaged_1.png,stripped,anvil_top_damaged_1.png,blocks/anvil_top_damaged_1.png,yes,
mcl_anvils_anvil_top_damaged_2.png,stripped,anvil_top_damaged_2.png,blocks/anvil_top_damaged_2.png,yes,
mcl_bamboo_flower_pot.png,stripped,flower_pot.png,blocks/flower_pot.png,yes,
mcl_banners_base.png,stripped,base.png,entity/banner/base.png,yes,
mcl_banners_border.png,stripped,border.png,entity/banner/border.png,yes,
mcl_banners_bricks.png,stripped,bricks.png,entity/banner/bricks.png,yes,
mcl_banners_circle.png,stripped,circle.png,entity/banner/circle.png,yes,
mcl_banners_creeper.png,stripped,creeper.png,entity/banner/creeper.png,yes,
mcl_banners_cross.png,stripped,cross.png,entity/banner/cross.png,yes,
mcl_banners_curly_border.png,stripped,curly_border.png,entity/banner/curly_border.png,yes,
mcl_banners_diagonal_left.png,stripped,diagonal_left.png,entity/banner/diagonal_left.png,yes,
mcl_banners_diagonal_right.png,stripped,diagonal_right.png,entity/banner/diagonal_right.png,yes,
mcl_banners_diagonal_up_left.png,stripped,diagonal_up_left.png,entity/banner/diagonal_up_left.png,yes,
mcl_banners_diagonal_up_right.png,stripped,diagonal_up_right.png,entity/banner/diagonal_up_right.png,yes,
mcl_banners_flower.png,stripped,flower.png,entity/banner/flower.png,yes,
mcl_banners_gradient.png,stripped,gradient.png,entity/banner/gradient.png,yes,
mcl_banners_gradient_up.png,stripped,gradient_up.png,entity/banner/gradient_up.png,yes,
mcl_banners_half_horizontal.png,stripped,half_horizontal.png,entity/banner/half_horizontal.png,yes,
mcl_banners_half_horizontal_bottom.png,stripped,half_horizontal_bottom.png,entity/banner/half_horizontal_bottom.png,yes,
mcl_banners_half_vertical.png,stripped,half_vertical.png,entity/banner/half_vertical.png,yes,
mcl_banners_half_vertical_right.png,stripped,half_vertical_right.png,entity/banner/half_vertical_right.png,yes,
mcl_banners_rhombus.png,stripped,rhombus.png,entity/banner/rhombus.png,yes,
mcl_banners_skull.png,stripped,skull.png,entity/banner/skull.png,yes,
mcl_banners_small_stripes.png,stripped,small_stripes.png,entity/banner/small_stripes.png,yes,
mcl_banners_square_bottom_left.png,stripped,square_bottom_left.png,entity/banner/square_bottom_left.png,yes,
mcl_banners_square_bottom_right.png,stripped,square_bottom_right.png,entity/banner/square_bottom_right.png,yes,
mcl_banners_square_top_left.png,stripped,square_top_left.png,entity/banner/square_top_left.png,yes,
mcl_banners_square_top_right.png,stripped,square_top_right.png,entity/banner/square_top_right.png,yes,
mcl_banners_straight_cross.png,stripped,straight_cross.png,entity/banner/straight_cross.png,yes,
mcl_banners_stripe_bottom.png,stripped,stripe_bottom.png,entity/banner/stripe_bottom.png,yes,
mcl_banners_stripe_center.png,stripped,stripe_center.png,entity/banner/stripe_center.png,yes,
mcl_banners_stripe_downleft.png,stripped,stripe_downleft.png,entity/banner/stripe_downleft.png,yes,
mcl_banners_stripe_downright.png,stripped,stripe_downright.png,entity/banner/stripe_downright.png,yes,
mcl_banners_stripe_left.png,stripped,stripe_left.png,entity/banner/stripe_left.png,yes,
mcl_banners_stripe_middle.png,stripped,stripe_middle.png,entity/banner/stripe_middle.png,yes,
mcl_banners_stripe_right.png,stripped,stripe_right.png,entity/banner/stripe_right.png,yes,
mcl_banners_stripe_top.png,stripped,stripe_top.png,entity/banner/stripe_top.png,yes,
mcl_banners_triangle_bottom.png,stripped,triangle_bottom.png,entity/banner/triangle_bottom.png,yes,
mcl_banners_triangle_top.png,stripped,triangle_top.png,entity/banner/triangle_top.png,yes,
mcl_banners_triangles_bottom.png,stripped,triangles_bottom.png,entity/banner/triangles_bottom.png,yes,
mcl_banners_triangles_top.png,stripped,triangles_top.png,entity/banner/triangles_top.png,yes,
mcl_books_book_writable.png,stripped,book_writable.png,items/book_writable.png,yes,
mcl_books_book_written.png,stripped,book_written.png,items/book_written.png,yes,
mcl_bows_arrow.png,stripped,arrow.png,items/arrow.png,yes,
mcl_brewing_stand.png,stripped,brewing_stand.png,blocks/brewing_stand.png,yes,
mcl_cauldrons_cauldron.png,stripped,cauldron.png,items/cauldron.png,yes,
mcl_cauldrons_cauldron_bottom.png,stripped,cauldron_bottom.png,blocks/cauldron_bottom.png,yes,
mcl_cauldrons_cauldron_inner.png,stripped,cauldron_inner.png,blocks/cauldron_inner.png,yes,
mcl_cauldrons_cauldron_side.png,stripped,cauldron_side.png,blocks/cauldron_side.png,yes,
mcl_cauldrons_cauldron_top.png,stripped,cauldron_top.png,blocks/cauldron_top.png,yes,
mcl_chests_ender.png,stripped,ender.png,entity/chest/ender.png,yes,
mcl_cocoas_cocoa_stage_0.png,stripped,cocoa_stage_0.png,blocks/cocoa_stage_0.png,yes,
mcl_cocoas_cocoa_stage_1.png,stripped,cocoa_stage_1.png,blocks/cocoa_stage_1.png,yes,
mcl_cocoas_cocoa_stage_2.png,stripped,cocoa_stage_2.png,blocks/cocoa_stage_2.png,yes,
mcl_core_apple_golden.png,stripped,apple_golden.png,items/apple_golden.png,yes,
mcl_core_barrier.png,stripped,barrier.png,items/barrier.png,yes,
mcl_core_bedrock.png,stripped,bedrock.png,blocks/bedrock.png,yes,
mcl_core_bowl.png,stripped,bowl.png,items/bowl.png,yes,
mcl_core_cactus_bottom.png,stripped,cactus_bottom.png,blocks/cactus_bottom.png,yes,
mcl_core_cactus_side.png,stripped,cactus_side.png,blocks/cactus_side.png,yes,
mcl_core_cactus_top.png,stripped,cactus_top.png,blocks/cactus_top.png,yes,
mcl_core_charcoal.png,stripped,charcoal.png,items/charcoal.png,yes,
mcl_core_coal_ore.png,stripped,coal_ore.png,blocks/coal_ore.png,yes,
mcl_core_coarse_dirt.png,stripped,coarse_dirt.png,blocks/coarse_dirt.png,yes,
mcl_core_diamond_ore.png,stripped,diamond_ore.png,blocks/diamond_ore.png,yes,
mcl_core_dirt_podzol_side.png,stripped,dirt_podzol_side.png,blocks/dirt_podzol_side.png,yes,
mcl_core_dirt_podzol_top.png,stripped,dirt_podzol_top.png,blocks/dirt_podzol_top.png,yes,
mcl_core_emerald.png,stripped,emerald.png,items/emerald.png,yes,
mcl_core_emerald_block.png,stripped,emerald_block.png,blocks/emerald_block.png,yes,
mcl_core_emerald_ore.png,stripped,emerald_ore.png,blocks/emerald_ore.png,yes,
mcl_core_glass_black.png,stripped,glass_black.png,blocks/glass_black.png,yes,
mcl_core_glass_blue.png,stripped,glass_blue.png,blocks/glass_blue.png,yes,
mcl_core_glass_brown.png,stripped,glass_brown.png,blocks/glass_brown.png,yes,
mcl_core_glass_cyan.png,stripped,glass_cyan.png,blocks/glass_cyan.png,yes,
mcl_core_glass_gray.png,stripped,glass_gray.png,blocks/glass_gray.png,yes,
mcl_core_glass_green.png,stripped,glass_green.png,blocks/glass_green.png,yes,
mcl_core_glass_light_blue.png,stripped,glass_light_blue.png,blocks/glass_light_blue.png,yes,
mcl_core_glass_lime.png,stripped,glass_lime.png,blocks/glass_lime.png,yes,
mcl_core_glass_magenta.png,stripped,glass_magenta.png,blocks/glass_magenta.png,yes,
mcl_core_glass_orange.png,stripped,glass_orange.png,blocks/glass_orange.png,yes,
mcl_core_glass_pink.png,stripped,glass_pink.png,blocks/glass_pink.png,yes,
mcl_core_glass_purple.png,stripped,glass_purple.png,blocks/glass_purple.png,yes,
mcl_core_glass_red.png,stripped,glass_red.png,blocks/glass_red.png,yes,
mcl_core_glass_silver.png,stripped,glass_silver.png,blocks/glass_silver.png,yes,
mcl_core_glass_white.png,stripped,glass_white.png,blocks/glass_white.png,yes,
mcl_core_glass_yellow.png,stripped,glass_yellow.png,blocks/glass_yellow.png,yes,
mcl_core_gold_nugget.png,stripped,gold_nugget.png,items/gold_nugget.png,yes,
mcl_core_gold_ore.png,stripped,gold_ore.png,blocks/gold_ore.png,yes,
mcl_core_ice_packed.png,stripped,ice_packed.png,blocks/ice_packed.png,yes,
mcl_core_iron_ore.png,stripped,iron_ore.png,blocks/iron_ore.png,yes,
mcl_core_lapis_block.png,stripped,lapis_block.png,blocks/lapis_block.png,yes,
mcl_core_lapis_ore.png,stripped,lapis_ore.png,blocks/lapis_ore.png,yes,
mcl_core_leaves_big_oak.png,stripped,leaves_big_oak.png,blocks/leaves_big_oak.png,yes,
mcl_core_leaves_birch.png,stripped,leaves_birch.png,blocks/leaves_birch.png,yes,
mcl_core_leaves_spruce.png,stripped,leaves_spruce.png,blocks/leaves_spruce.png,yes,
mcl_core_log_big_oak.png,stripped,log_big_oak.png,blocks/log_big_oak.png,yes,
mcl_core_log_big_oak_top.png,stripped,log_big_oak_top.png,blocks/log_big_oak_top.png,yes,
mcl_core_log_birch.png,stripped,log_birch.png,blocks/log_birch.png,yes,
mcl_core_log_birch_top.png,stripped,log_birch_top.png,blocks/log_birch_top.png,yes,
mcl_core_log_spruce.png,stripped,log_spruce.png,blocks/log_spruce.png,yes,
mcl_core_log_spruce_top.png,stripped,log_spruce_top.png,blocks/log_spruce_top.png,yes,
mcl_core_mycelium_side.png,stripped,mycelium_side.png,blocks/mycelium_side.png,yes,
mcl_core_mycelium_top.png,stripped,mycelium_top.png,blocks/mycelium_top.png,yes,
mcl_core_planks_big_oak.png,stripped,planks_big_oak.png,blocks/planks_big_oak.png,yes,
mcl_core_planks_birch.png,stripped,planks_birch.png,blocks/planks_birch.png,yes,
mcl_core_planks_spruce.png,stripped,planks_spruce.png,blocks/planks_spruce.png,yes,
mcl_core_red_sand.png,stripped,red_sand.png,blocks/red_sand.png,yes,
mcl_core_red_sandstone_bottom.png,stripped,red_sandstone_bottom.png,blocks/red_sandstone_bottom.png,yes,
mcl_core_red_sandstone_carved.png,stripped,red_sandstone_carved.png,blocks/red_sandstone_carved.png,yes,
mcl_core_red_sandstone_normal.png,stripped,red_sandstone_normal.png,blocks/red_sandstone_normal.png,yes,
mcl_core_red_sandstone_smooth.png,stripped,red_sandstone_smooth.png,blocks/red_sandstone_smooth.png,yes,
mcl_core_red_sandstone_top.png,stripped,red_sandstone_top.png,blocks/red_sandstone_top.png,yes,
mcl_core_redstone_ore.png,stripped,redstone_ore.png,blocks/redstone_ore.png,yes,
mcl_core_reeds.png,stripped,reeds.png,blocks/reeds.png,yes,
mcl_core_sandstone_bottom.png,stripped,sandstone_bottom.png,blocks/sandstone_bottom.png,yes,
mcl_core_sandstone_carved.png,stripped,sandstone_carved.png,blocks/sandstone_carved.png,yes,
mcl_core_sandstone_normal.png,stripped,sandstone_normal.png,blocks/sandstone_normal.png,yes,
mcl_core_sandstone_smooth.png,stripped,sandstone_smooth.png,blocks/sandstone_smooth.png,yes,
mcl_core_sandstone_top.png,stripped,sandstone_top.png,blocks/sandstone_top.png,yes,
mcl_core_sapling_birch.png,stripped,sapling_birch.png,blocks/sapling_birch.png,yes,
mcl_core_sapling_spruce.png,stripped,sapling_spruce.png,blocks/sapling_spruce.png,yes,
mcl_core_slime.png,stripped,slime.png,blocks/slime.png,yes,
mcl_core_stonebrick_carved.png,stripped,stonebrick_carved.png,blocks/stonebrick_carved.png,yes,
mcl_core_stonebrick_cracked.png,stripped,stonebrick_cracked.png,blocks/stonebrick_cracked.png,yes,
mcl_core_stonebrick_mossy.png,stripped,stonebrick_mossy.png,blocks/stonebrick_mossy.png,yes,
mcl_core_sugar.png,stripped,sugar.png,items/sugar.png,yes,
mcl_core_vine.png,stripped,vine.png,blocks/vine.png,yes,
mcl_core_web.png,stripped,web.png,blocks/web.png,yes,
mcl_dispensers_dispenser_front_horizontal.png,stripped,dispenser_front_horizontal.png,blocks/dispenser_front_horizontal.png,yes,
mcl_dispensers_dispenser_front_vertical.png,stripped,dispenser_front_vertical.png,blocks/dispenser_front_vertical.png,yes,
mcl_doors_door_birch.png,stripped,door_birch.png,items/door_birch.png,yes,
mcl_doors_door_dark_oak.png,stripped,door_dark_oak.png,items/door_dark_oak.png,yes,
mcl_doors_door_dark_oak_lower.png,stripped,door_dark_oak_lower.png,blocks/door_dark_oak_lower.png,yes,
mcl_doors_door_dark_oak_upper.png,stripped,door_dark_oak_upper.png,blocks/door_dark_oak_upper.png,yes,
mcl_doors_door_iron_lower.png,stripped,door_iron_lower.png,blocks/door_iron_lower.png,yes,
mcl_doors_door_iron_upper.png,stripped,door_iron_upper.png,blocks/door_iron_upper.png,yes,
mcl_doors_door_jungle.png,stripped,door_jungle.png,items/door_jungle.png,yes,
mcl_doors_door_jungle_lower.png,stripped,door_jungle_lower.png,blocks/door_jungle_lower.png,yes,
mcl_doors_door_jungle_upper.png,stripped,door_jungle_upper.png,blocks/door_jungle_upper.png,yes,
mcl_doors_door_spruce.png,stripped,door_spruce.png,items/door_spruce.png,yes,
mcl_doors_door_spruce_lower.png,stripped,door_spruce_lower.png,blocks/door_spruce_lower.png,yes,
mcl_doors_door_spruce_upper.png,stripped,door_spruce_upper.png,blocks/door_spruce_upper.png,yes,
mcl_droppers_dropper_front_horizontal.png,stripped,dropper_front_horizontal.png,blocks/dropper_front_horizontal.png,yes,
mcl_droppers_dropper_front_vertical.png,stripped,dropper_front_vertical.png,blocks/dropper_front_vertical.png,yes,
mcl_enchanting_book_enchanted.png,stripped,book_enchanted.png,items/book_enchanted.png,yes,
mcl_enchanting_table_bottom.png,stripped,enchanting_table_bottom.png,blocks/enchanting_table_bottom.png,yes,
mcl_enchanting_table_side.png,stripped,enchanting_table_side.png,blocks/enchanting_table_side.png,yes,
mcl_enchanting_table_top.png,stripped,enchanting_table_top.png,blocks/enchanting_table_top.png,yes,
mcl_end_dragon_egg.png,stripped,dragon_egg.png,blocks/dragon_egg.png,yes,
mcl_end_end_stone.png,stripped,end_stone.png,blocks/end_stone.png,yes,
mcl_end_ender_eye.png,stripped,ender_eye.png,items/ender_eye.png,yes,
mcl_end_endframe_eye.png,stripped,endframe_eye.png,blocks/endframe_eye.png,yes,
mcl_end_endframe_side.png,stripped,endframe_side.png,blocks/endframe_side.png,yes,
mcl_end_endframe_top.png,stripped,endframe_top.png,blocks/endframe_top.png,yes,
mcl_experience_orb.png,stripped,experience_orb.png,entity/experience_orb.png,yes,
mcl_farming_farmland_dry.png,stripped,farmland_dry.png,blocks/farmland_dry.png,yes,
mcl_farming_farmland_wet.png,stripped,farmland_wet.png,blocks/farmland_wet.png,yes,
mcl_farming_melon_stem_connected.png,stripped,melon_stem_connected.png,blocks/melon_stem_connected.png,yes,
mcl_farming_melon_stem_disconnected.png,stripped,melon_stem_disconnected.png,blocks/melon_stem_disconnected.png,yes,
mcl_farming_potatoes_stage_0.png,stripped,potatoes_stage_0.png,blocks/potatoes_stage_0.png,yes,
mcl_farming_potatoes_stage_1.png,stripped,potatoes_stage_1.png,blocks/potatoes_stage_1.png,yes,
mcl_farming_potatoes_stage_2.png,stripped,potatoes_stage_2.png,blocks/potatoes_stage_2.png,yes,
mcl_farming_potatoes_stage_3.png,stripped,potatoes_stage_3.png,blocks/potatoes_stage_3.png,yes,
mcl_farming_pumpkin_pie.png,stripped,pumpkin_pie.png,items/pumpkin_pie.png,yes,
mcl_farming_pumpkin_stem_connected.png,stripped,pumpkin_stem_connected.png,blocks/pumpkin_stem_connected.png,yes,
mcl_farming_pumpkin_stem_disconnected.png,stripped,pumpkin_stem_disconnected.png,blocks/pumpkin_stem_disconnected.png,yes,
mcl_farming_wheat_stage_0.png,stripped,wheat_stage_0.png,blocks/wheat_stage_0.png,yes,
mcl_farming_wheat_stage_1.png,stripped,wheat_stage_1.png,blocks/wheat_stage_1.png,yes,
mcl_farming_wheat_stage_2.png,stripped,wheat_stage_2.png,blocks/wheat_stage_2.png,yes,
mcl_farming_wheat_stage_3.png,stripped,wheat_stage_3.png,blocks/wheat_stage_3.png,yes,
mcl_farming_wheat_stage_4.png,stripped,wheat_stage_4.png,blocks/wheat_stage_4.png,yes,
mcl_farming_wheat_stage_5.png,stripped,wheat_stage_5.png,blocks/wheat_stage_5.png,yes,
mcl_farming_wheat_stage_6.png,stripped,wheat_stage_6.png,blocks/wheat_stage_6.png,yes,
mcl_farming_wheat_stage_7.png,stripped,wheat_stage_7.png,blocks/wheat_stage_7.png,yes,
mcl_flowers_double_plant_fern_bottom.png,stripped,double_plant_fern_bottom.png,blocks/double_plant_fern_bottom.png,yes,
mcl_flowers_double_plant_fern_top.png,stripped,double_plant_fern_top.png,blocks/double_plant_fern_top.png,yes,
mcl_flowers_double_plant_grass_bottom.png,stripped,double_plant_grass_bottom.png,blocks/double_plant_grass_bottom.png,yes,
mcl_flowers_double_plant_grass_top.png,stripped,double_plant_grass_top.png,blocks/double_plant_grass_top.png,yes,
mcl_flowers_double_plant_paeonia_bottom.png,stripped,double_plant_paeonia_bottom.png,blocks/double_plant_paeonia_bottom.png,yes,
mcl_flowers_double_plant_paeonia_top.png,stripped,double_plant_paeonia_top.png,blocks/double_plant_paeonia_top.png,yes,
mcl_flowers_double_plant_rose_bottom.png,stripped,double_plant_rose_bottom.png,blocks/double_plant_rose_bottom.png,yes,
mcl_flowers_double_plant_rose_top.png,stripped,double_plant_rose_top.png,blocks/double_plant_rose_top.png,yes,
mcl_flowers_double_plant_sunflower_back.png,stripped,double_plant_sunflower_back.png,blocks/double_plant_sunflower_back.png,yes,
mcl_flowers_double_plant_sunflower_bottom.png,stripped,double_plant_sunflower_bottom.png,blocks/double_plant_sunflower_bottom.png,yes,
mcl_flowers_double_plant_sunflower_front.png,stripped,double_plant_sunflower_front.png,blocks/double_plant_sunflower_front.png,yes,
mcl_flowers_double_plant_sunflower_top.png,stripped,double_plant_sunflower_top.png,blocks/double_plant_sunflower_top.png,yes,
mcl_flowers_double_plant_syringa_bottom.png,stripped,double_plant_syringa_bottom.png,blocks/double_plant_syringa_bottom.png,yes,
mcl_flowers_double_plant_syringa_top.png,stripped,double_plant_syringa_top.png,blocks/double_plant_syringa_top.png,yes,
mcl_flowers_fern.png,stripped,fern.png,blocks/fern.png,yes,
mcl_flowers_tallgrass.png,stripped,tallgrass.png,blocks/tallgrass.png,yes,
mcl_heads_dragon.png,stripped,dragon.png,entity/enderdragon/dragon.png,yes,
mcl_heads_skeleton.png,stripped,skeleton.png,entity/skeleton/skeleton.png,yes,
mcl_heads_steve.png,stripped,steve.png,entity/steve.png,yes,
mcl_heads_wither_skeleton.png,stripped,wither_skeleton.png,entity/skeleton/wither_skeleton.png,yes,
mcl_heads_zombie.png,stripped,zombie.png,entity/zombie/zombie.png,yes,
mcl_hoppers_hopper_inside.png,stripped,hopper_inside.png,blocks/hopper_inside.png,yes,
mcl_hoppers_hopper_outside.png,stripped,hopper_outside.png,blocks/hopper_outside.png,yes,
mcl_hoppers_hopper_top.png,stripped,hopper_top.png,blocks/hopper_top.png,yes,
mcl_inventory_empty_armor_slot_boots.png,stripped,empty_armor_slot_boots.png,items/empty_armor_slot_boots.png,yes,
mcl_inventory_empty_armor_slot_chestplate.png,stripped,empty_armor_slot_chestplate.png,items/empty_armor_slot_chestplate.png,yes,
mcl_inventory_empty_armor_slot_helmet.png,stripped,empty_armor_slot_helmet.png,items/empty_armor_slot_helmet.png,yes,
mcl_inventory_empty_armor_slot_leggings.png,stripped,empty_armor_slot_leggings.png,items/empty_armor_slot_leggings.png,yes,
mcl_itemframes_item_frame.png,stripped,item_frame.png,items/item_frame.png,yes,
mcl_itemframes_itemframe_background.png,stripped,itemframe_background.png,blocks/itemframe_background.png,yes,
mcl_jukebox_record_11.png,stripped,record_11.png,items/record_11.png,yes,
mcl_jukebox_record_13.png,stripped,record_13.png,items/record_13.png,yes,
mcl_jukebox_record_blocks.png,stripped,record_blocks.png,items/record_blocks.png,yes,
mcl_jukebox_record_cat.png,stripped,record_cat.png,items/record_cat.png,yes,
mcl_jukebox_record_chirp.png,stripped,record_chirp.png,items/record_chirp.png,yes,
mcl_jukebox_record_far.png,stripped,record_far.png,items/record_far.png,yes,
mcl_jukebox_record_mall.png,stripped,record_mall.png,items/record_mall.png,yes,
mcl_jukebox_record_mellohi.png,stripped,record_mellohi.png,items/record_mellohi.png,yes,
mcl_jukebox_record_stal.png,stripped,record_stal.png,items/record_stal.png,yes,
mcl_jukebox_record_strad.png,stripped,record_strad.png,items/record_strad.png,yes,
mcl_jukebox_record_wait.png,stripped,record_wait.png,items/record_wait.png,yes,
mcl_jukebox_record_ward.png,stripped,record_ward.png,items/record_ward.png,yes,
mcl_jukebox_side.png,stripped,jukebox_side.png,blocks/jukebox_side.png,yes,
mcl_jukebox_top.png,stripped,jukebox_top.png,blocks/jukebox_top.png,yes,
mcl_maps_map_background.png,stripped,map_background.png,map/map_background.png,yes,
mcl_maps_map_empty.png,stripped,map_empty.png,items/map_empty.png,yes,
mcl_maps_map_filled.png,stripped,map_filled.png,items/map_filled.png,yes,
mcl_minecarts_minecart.png,stripped,minecart.png,entity/minecart.png,yes,
mcl_minecarts_minecart_chest.png,stripped,minecart_chest.png,items/minecart_chest.png,yes,
mcl_minecarts_minecart_command_block.png,stripped,minecart_command_block.png,items/minecart_command_block.png,yes,
mcl_minecarts_minecart_furnace.png,stripped,minecart_furnace.png,items/minecart_furnace.png,yes,
mcl_minecarts_minecart_hopper.png,stripped,minecart_hopper.png,items/minecart_hopper.png,yes,
mcl_minecarts_minecart_normal.png,stripped,minecart_normal.png,items/minecart_normal.png,yes,
mcl_minecarts_minecart_tnt.png,stripped,minecart_tnt.png,items/minecart_tnt.png,yes,
mcl_minecarts_rail_activator.png,stripped,rail_activator.png,blocks/rail_activator.png,yes,
mcl_minecarts_rail_activator_powered.png,stripped,rail_activator_powered.png,blocks/rail_activator_powered.png,yes,
mcl_minecarts_rail_detector.png,stripped,rail_detector.png,blocks/rail_detector.png,yes,
mcl_minecarts_rail_detector_powered.png,stripped,rail_detector_powered.png,blocks/rail_detector_powered.png,yes,
mcl_minecarts_rail_golden.png,stripped,rail_golden.png,blocks/rail_golden.png,yes,
mcl_minecarts_rail_golden_powered.png,stripped,rail_golden_powered.png,blocks/rail_golden_powered.png,yes,
mcl_mobitems_beef_cooked.png,stripped,beef_cooked.png,items/beef_cooked.png,yes,
mcl_mobitems_beef_raw.png,stripped,beef_raw.png,items/beef_raw.png,yes,
mcl_mobitems_blaze_powder.png,stripped,blaze_powder.png,items/blaze_powder.png,yes,
mcl_mobitems_blaze_rod.png,stripped,blaze_rod.png,items/blaze_rod.png,yes,
mcl_mobitems_bone.png,stripped,bone.png,items/bone.png,yes,
mcl_mobitems_bucket_milk.png,stripped,bucket_milk.png,items/bucket_milk.png,yes,
mcl_mobitems_carrot_on_a_stick.png,stripped,carrot_on_a_stick.png,items/carrot_on_a_stick.png,yes,
mcl_mobitems_chicken_cooked.png,stripped,chicken_cooked.png,items/chicken_cooked.png,yes,
mcl_mobitems_chicken_raw.png,stripped,chicken_raw.png,items/chicken_raw.png,yes,
mcl_mobitems_diamond_horse_armor.png,stripped,diamond_horse_armor.png,items/diamond_horse_armor.png,yes,
mcl_mobitems_feather.png,stripped,feather.png,items/feather.png,yes,
mcl_mobitems_ghast_tear.png,stripped,ghast_tear.png,items/ghast_tear.png,yes,
mcl_mobitems_gold_horse_armor.png,stripped,gold_horse_armor.png,items/gold_horse_armor.png,yes,
mcl_mobitems_horse_armor_diamond.png,stripped,horse_armor_diamond.png,entity/horse/armor/horse_armor_diamond.png,yes,
mcl_mobitems_horse_armor_gold.png,stripped,horse_armor_gold.png,entity/horse/armor/horse_armor_gold.png,yes,
mcl_mobitems_horse_armor_iron.png,stripped,horse_armor_iron.png,entity/horse/armor/horse_armor_iron.png,yes,
mcl_mobitems_iron_horse_armor.png,stripped,iron_horse_armor.png,items/iron_horse_armor.png,yes,
mcl_mobitems_leather.png,stripped,leather.png,items/leather.png,yes,
mcl_mobitems_magma_cream.png,stripped,magma_cream.png,items/magma_cream.png,yes,
mcl_mobitems_mutton_cooked.png,stripped,mutton_cooked.png,items/mutton_cooked.png,yes,
mcl_mobitems_mutton_raw.png,stripped,mutton_raw.png,items/mutton_raw.png,yes,
mcl_mobitems_nether_star.png,stripped,nether_star.png,items/nether_star.png,yes,
mcl_mobitems_porkchop_cooked.png,stripped,porkchop_cooked.png,items/porkchop_cooked.png,yes,
mcl_mobitems_porkchop_raw.png,stripped,porkchop_raw.png,items/porkchop_raw.png,yes,
mcl_mobitems_rabbit_cooked.png,stripped,rabbit_cooked.png,items/rabbit_cooked.png,yes,
mcl_mobitems_rabbit_foot.png,stripped,rabbit_foot.png,items/rabbit_foot.png,yes,
mcl_mobitems_rabbit_hide.png,stripped,rabbit_hide.png,items/rabbit_hide.png,yes,
mcl_mobitems_rabbit_raw.png,stripped,rabbit_raw.png,items/rabbit_raw.png,yes,
mcl_mobitems_rabbit_stew.png,stripped,rabbit_stew.png,items/rabbit_stew.png,yes,
mcl_mobitems_rotten_flesh.png,stripped,rotten_flesh.png,items/rotten_flesh.png,yes,
mcl_mobitems_saddle.png,stripped,saddle.png,items/saddle.png,yes,
mcl_mobitems_slimeball.png,stripped,slimeball.png,items/slimeball.png,yes,
mcl_mobitems_spider_eye.png,stripped,spider_eye.png,items/spider_eye.png,yes,
mcl_mobitems_string.png,stripped,string.png,items/string.png,yes,
mcl_moon_moon_phases.png,stripped,moon_phases.png,environment/moon_phases.png,yes,
mcl_mushrooms_mushroom_block_inside.png,stripped,mushroom_block_inside.png,blocks/mushroom_block_inside.png,yes,
mcl_mushrooms_mushroom_block_skin_brown.png,stripped,mushroom_block_skin_brown.png,blocks/mushroom_block_skin_brown.png,yes,
mcl_mushrooms_mushroom_block_skin_red.png,stripped,mushroom_block_skin_red.png,blocks/mushroom_block_skin_red.png,yes,
mcl_mushrooms_mushroom_block_skin_stem.png,stripped,mushroom_block_skin_stem.png,blocks/mushroom_block_skin_stem.png,yes,
mcl_nether_glowstone.png,stripped,glowstone.png,blocks/glowstone.png,yes,
mcl_nether_glowstone_dust.png,stripped,glowstone_dust.png,items/glowstone_dust.png,yes,
mcl_nether_nether_brick.png,stripped,nether_brick.png,blocks/nether_brick.png,yes,
mcl_nether_nether_wart.png,stripped,nether_wart.png,items/nether_wart.png,yes,
mcl_nether_nether_wart_stage_0.png,stripped,nether_wart_stage_0.png,blocks/nether_wart_stage_0.png,yes,
mcl_nether_nether_wart_stage_1.png,stripped,nether_wart_stage_1.png,blocks/nether_wart_stage_1.png,yes,
mcl_nether_nether_wart_stage_2.png,stripped,nether_wart_stage_2.png,blocks/nether_wart_stage_2.png,yes,
mcl_nether_netherrack.png,stripped,netherrack.png,blocks/netherrack.png,yes,
mcl_nether_quartz.png,stripped,quartz.png,items/quartz.png,yes,
mcl_nether_quartz_block_bottom.png,stripped,quartz_block_bottom.png,blocks/quartz_block_bottom.png,yes,
mcl_nether_quartz_block_side.png,stripped,quartz_block_side.png,blocks/quartz_block_side.png,yes,
mcl_nether_quartz_block_top.png,stripped,quartz_block_top.png,blocks/quartz_block_top.png,yes,
mcl_nether_quartz_ore.png,stripped,quartz_ore.png,blocks/quartz_ore.png,yes,
mcl_nether_soul_sand.png,stripped,soul_sand.png,blocks/soul_sand.png,yes,
mcl_ocean_prismarine_bricks.png,stripped,prismarine_bricks.png,blocks/prismarine_bricks.png,yes,
mcl_ocean_prismarine_crystals.png,stripped,prismarine_crystals.png,items/prismarine_crystals.png,yes,
mcl_ocean_prismarine_dark.png,stripped,prismarine_dark.png,blocks/prismarine_dark.png,yes,
mcl_ocean_prismarine_shard.png,stripped,prismarine_shard.png,items/prismarine_shard.png,yes,
mcl_ocean_sea_lantern.png,stripped,sea_lantern.png,blocks/sea_lantern.png,yes,
mcl_paintings_painting.png,stripped,painting.png,items/painting.png,yes,
mcl_playerplus_end_sky.png,stripped,end_sky.png,environment/end_sky.png,yes,
mcl_portals_end_portal.png,stripped,end_portal.png,entity/end_portal.png,yes,
mcl_portals_endframe_eye.png,stripped,endframe_eye.png,blocks/endframe_eye.png,yes,
mcl_portals_endframe_side.png,stripped,endframe_side.png,blocks/endframe_side.png,yes,
mcl_portals_endframe_top.png,stripped,endframe_top.png,blocks/endframe_top.png,yes,
mcl_portals_portal.png,stripped,portal.png,blocks/portal.png,yes,
mcl_potions_melon_speckled.png,stripped,melon_speckled.png,items/melon_speckled.png,yes,
mcl_potions_potion_overlay.png,stripped,potion_overlay.png,items/potion_overlay.png,yes,
mcl_potions_spider_eye_fermented.png,stripped,spider_eye_fermented.png,items/spider_eye_fermented.png,yes,
mcl_sponges_sponge.png,stripped,sponge.png,blocks/sponge.png,yes,
mcl_sponges_sponge_wet.png,stripped,sponge_wet.png,blocks/sponge_wet.png,yes,
mcl_stairs_stone_slab_side.png,stripped,stone_slab_side.png,blocks/stone_slab_side.png,yes,
mcl_stairs_stone_slab_top.png,stripped,stone_slab_top.png,blocks/stone_slab_top.png,yes,
mcl_throwing_egg.png,stripped,egg.png,items/egg.png,yes,
mcl_throwing_ender_pearl.png,stripped,ender_pearl.png,items/ender_pearl.png,yes,
mcl_throwing_snowball.png,stripped,snowball.png,items/snowball.png,yes,
redstone_redstone_block.png,token,redstone_block.png,blocks/redstone_block.png,yes,
redstone_redstone_dust.png,token,redstone_dust.png,items/redstone_dust.png,yes,
3d_armor_stand_item.png,excluded,,,,mod-specific
_0.png,excluded,,,,font glyph (not content)
_1.png,excluded,,,,font glyph (not content)
_1_2.png,excluded,,,,font glyph (not content)
_1_4.png,excluded,,,,font glyph (not content)
_1_sup.png,excluded,,,,font glyph (not content)
_2.png,excluded,,,,font glyph (not content)
_2_sup.png,excluded,,,,font glyph (not content)
_3.png,excluded,,,,font glyph (not content)
_3_4.png,excluded,,,,font glyph (not content)
_3_sup.png,excluded,,,,font glyph (not content)
_4.png,excluded,,,,font glyph (not content)
_5.png,excluded,,,,font glyph (not content)
_6.png,excluded,,,,font glyph (not content)
_7.png,excluded,,,,font glyph (not content)
_8.png,excluded,,,,font glyph (not content)
_9.png,excluded,,,,font glyph (not content)
_a.png,excluded,,,,font glyph (not content)
_a_.png,excluded,,,,font glyph (not content)
_a_acute.png,excluded,,,,font glyph (not content)
_a_acute_.png,excluded,,,,font glyph (not content)
_a_breve.png,excluded,,,,font glyph (not content)
_a_breve_.png,excluded,,,,font glyph (not content)
_a_circumflex.png,excluded,,,,font glyph (not content)
_a_circumflex_.png,excluded,,,,font glyph (not content)
_a_grave.png,excluded,,,,font glyph (not content)
_a_grave_.png,excluded,,,,font glyph (not content)
_a_macron.png,excluded,,,,font glyph (not content)
_a_macron_.png,excluded,,,,font glyph (not content)
_a_ogonek.png,excluded,,,,font glyph (not content)
_a_ogonek_.png,excluded,,,,font glyph (not content)
_a_ring.png,excluded,,,,font glyph (not content)
_a_ring_.png,excluded,,,,font glyph (not content)
_a_sup.png,excluded,,,,font glyph (not content)
_a_tilde.png,excluded,,,,font glyph (not content)
_a_tilde_.png,excluded,,,,font glyph (not content)
_acute.png,excluded,,,,font glyph (not content)
_ae.png,excluded,,,,font glyph (not content)
_ae_.png,excluded,,,,font glyph (not content)
_ae_lig.png,excluded,,,,font glyph (not content)
_ae_lig_.png,excluded,,,,font glyph (not content)
_am.png,excluded,,,,font glyph (not content)
_ap.png,excluded,,,,font glyph (not content)
_as.png,excluded,,,,font glyph (not content)
_at.png,excluded,,,,font glyph (not content)
_b.png,excluded,,,,font glyph (not content)
_b_.png,excluded,,,,font glyph (not content)
_bl.png,excluded,,,,font glyph (not content)
_br.png,excluded,,,,font glyph (not content)
_broken_bar.png,excluded,,,,font glyph (not content)
_c.png,excluded,,,,font glyph (not content)
_c_.png,excluded,,,,font glyph (not content)
_c_acute.png,excluded,,,,font glyph (not content)
_c_acute_.png,excluded,,,,font glyph (not content)
_c_caron.png,excluded,,,,font glyph (not content)
_c_caron_.png,excluded,,,,font glyph (not content)
_c_cedille.png,excluded,,,,font glyph (not content)
_c_cedille_.png,excluded,,,,font glyph (not content)
_c_circumflex.png,excluded,,,,font glyph (not content)
_c_circumflex_.png,excluded,,,,font glyph (not content)
_c_overdot.png,excluded,,,,font glyph (not content)
_c_overdot_.png,excluded,,,,font glyph (not content)
_ca.png,excluded,,,,font glyph (not content)
_cedille.png,excluded,,,,font glyph (not content)
_cent.png,excluded,,,,font glyph (not content)
_cl.png,excluded,,,,font glyph (not content)
_cm.png,excluded,,,,font glyph (not content)
_co.png,excluded,,,,font glyph (not content)
_copyright.png,excluded,,,,font glyph (not content)
_cr.png,excluded,,,,font glyph (not content)
_currency.png,excluded,,,,font glyph (not content)
_cyr_ae.png,excluded,,,,font glyph (not content)
_cyr_ae_.png,excluded,,,,font glyph (not content)
_cyr_b.png,excluded,,,,font glyph (not content)
_cyr_b_.png,excluded,,,,font glyph (not content)
_cyr_c.png,excluded,,,,font glyph (not content)
_cyr_c_.png,excluded,,,,font glyph (not content)
_cyr_ch.png,excluded,,,,font glyph (not content)
_cyr_ch_.png,excluded,,,,font glyph (not content)
_cyr_d_.png,excluded,,,,font glyph (not content)
_cyr_dje.png,excluded,,,,font glyph (not content)
_cyr_dje_.png,excluded,,,,font glyph (not content)
_cyr_dzhe.png,excluded,,,,font glyph (not content)
_cyr_dzhe_.png,excluded,,,,font glyph (not content)
_cyr_e.png,excluded,,,,font glyph (not content)
_cyr_e_.png,excluded,,,,font glyph (not content)
_cyr_f.png,excluded,,,,font glyph (not content)
_cyr_f_.png,excluded,,,,font glyph (not content)
_cyr_g.png,excluded,,,,font glyph (not content)
_cyr_g_.png,excluded,,,,font glyph (not content)
_cyr_g_stroke.png,excluded,,,,font glyph (not content)
_cyr_g_stroke_.png,excluded,,,,font glyph (not content)
_cyr_ge.png,excluded,,,,font glyph (not content)
_cyr_ge_.png,excluded,,,,font glyph (not content)
_cyr_gje.png,excluded,,,,font glyph (not content)
_cyr_gje_.png,excluded,,,,font glyph (not content)
_cyr_h_.png,excluded,,,,font glyph (not content)
_cyr_i_.png,excluded,,,,font glyph (not content)
_cyr_i_breve_.png,excluded,,,,font glyph (not content)
_cyr_i_circumflex_.png,excluded,,,,font glyph (not content)
_cyr_i_diaresis_.png,excluded,,,,font glyph (not content)
_cyr_i_grave_.png,excluded,,,,font glyph (not content)
_cyr_i_macron_.png,excluded,,,,font glyph (not content)
_cyr_k.png,excluded,,,,font glyph (not content)
_cyr_kh.png,excluded,,,,font glyph (not content)
_cyr_kh_.png,excluded,,,,font glyph (not content)
_cyr_kje.png,excluded,,,,font glyph (not content)
_cyr_kje_.png,excluded,,,,font glyph (not content)
_cyr_l.png,excluded,,,,font glyph (not content)
_cyr_l_.png,excluded,,,,font glyph (not content)
_cyr_lje_.png,excluded,,,,font glyph (not content)
_cyr_m.png,excluded,,,,font glyph (not content)
_cyr_n.png,excluded,,,,font glyph (not content)
_cyr_ng.png,excluded,,,,font glyph (not content)
_cyr_ng_.png,excluded,,,,font glyph (not content)
_cyr_nje.png,excluded,,,,font glyph (not content)
_cyr_nje_.png,excluded,,,,font glyph (not content)
_cyr_oo.png,excluded,,,,font glyph (not content)
_cyr_oo_.png,excluded,,,,font glyph (not content)
_cyr_p.png,excluded,,,,font glyph (not content)
_cyr_p_.png,excluded,,,,font glyph (not content)
_cyr_sh.png,excluded,,,,font glyph (not content)
_cyr_sh_.png,excluded,,,,font glyph (not content)
_cyr_shch.png,excluded,,,,font glyph (not content)
_cyr_shch_.png,excluded,,,,font glyph (not content)
_cyr_t.png,excluded,,,,font glyph (not content)
_cyr_tshe.png,excluded,,,,font glyph (not content)
_cyr_tshe_.png,excluded,,,,font glyph (not content)
_cyr_u_.png,excluded,,,,font glyph (not content)
_cyr_u_breve_.png,excluded,,,,font glyph (not content)
_cyr_u_diaresis_.png,excluded,,,,font glyph (not content)
_cyr_u_macron_.png,excluded,,,,font glyph (not content)
_cyr_ue.png,excluded,,,,font glyph (not content)
_cyr_ue_.png,excluded,,,,font glyph (not content)
_cyr_uu.png,excluded,,,,font glyph (not content)
_cyr_v.png,excluded,,,,font glyph (not content)
_cyr_ya.png,excluded,,,,font glyph (not content)
_cyr_ya_.png,excluded,,,,font glyph (not content)
_cyr_yat.png,excluded,,,,font glyph (not content)
_cyr_yat_.png,excluded,,,,font glyph (not content)
_cyr_ye.png,excluded,,,,font glyph (not content)
_cyr_ye_.png,excluded,,,,font glyph (not content)
_cyr_ye_acute.png,excluded,,,,font glyph (not content)
_cyr_ye_acute_.png,excluded,,,,font glyph (not content)
_cyr_yer.png,excluded,,,,font glyph (not content)
_cyr_yer_.png,excluded,,,,font glyph (not content)
_cyr_yerj.png,excluded,,,,font glyph (not content)
_cyr_yerj_.png,excluded,,,,font glyph (not content)
_cyr_yery.png,excluded,,,,font glyph (not content)
_cyr_yery_.png,excluded,,,,font glyph (not content)
_cyr_yi.png,excluded,,,,font glyph (not content)
_cyr_yi_.png,excluded,,,,font glyph (not content)
_cyr_yu.png,excluded,,,,font glyph (not content)
_cyr_yu_.png,excluded,,,,font glyph (not content)
_cyr_z.png,excluded,,,,font glyph (not content)
_cyr_z_.png,excluded,,,,font glyph (not content)
_cyr_zh.png,excluded,,,,font glyph (not content)
_cyr_zh_.png,excluded,,,,font glyph (not content)
_cyr_zh_breve.png,excluded,,,,font glyph (not content)
_cyr_zh_breve_.png,excluded,,,,font glyph (not content)
_cyr_zje.png,excluded,,,,font glyph (not content)
_cyr_zje_.png,excluded,,,,font glyph (not content)
_d.png,excluded,,,,font glyph (not content)
_d_.png,excluded,,,,font glyph (not content)
_d_caron.png,excluded,,,,font glyph (not content)
_d_caron_.png,excluded,,,,font glyph (not content)
_d_dash.png,excluded,,,,font glyph (not content)
_d_dash_.png,excluded,,,,font glyph (not content)
_degree.png,excluded,,,,font glyph (not content)
_diaresis.png,excluded,,,,font glyph (not content)
_div.png,excluded,,,,font glyph (not content)
_dl.png,excluded,,,,font glyph (not content)
_dt.png,excluded,,,,font glyph (not content)
_dv.png,excluded,,,,font glyph (not content)
_e.png,excluded,,,,font glyph (not content)
_e_.png,excluded,,,,font glyph (not content)
_e_acute.png,excluded,,,,font glyph (not content)
_e_acute_.png,excluded,,,,font glyph (not content)
_e_caron.png,excluded,,,,font glyph (not content)
_e_caron_.png,excluded,,,,font glyph (not content)
_e_circumflex.png,excluded,,,,font glyph (not content)
_e_circumflex_.png,excluded,,,,font glyph (not content)
_e_grave.png,excluded,,,,font glyph (not content)
_e_grave_.png,excluded,,,,font glyph (not content)
_e_macron.png,excluded,,,,font glyph (not content)
_e_macron_.png,excluded,,,,font glyph (not content)
_e_ogonek.png,excluded,,,,font glyph (not content)
_e_ogonek_.png,excluded,,,,font glyph (not content)
_e_overdot.png,excluded,,,,font glyph (not content)
_e_overdot_.png,excluded,,,,font glyph (not content)
_ee.png,excluded,,,,font glyph (not content)
_ee_.png,excluded,,,,font glyph (not content)
_ellipsis.png,excluded,,,,font glyph (not content)
_eng.png,excluded,,,,font glyph (not content)
_eng_.png,excluded,,,,font glyph (not content)
_eq.png,excluded,,,,font glyph (not content)
_euro.png,excluded,,,,font glyph (not content)
_ex.png,excluded,,,,font glyph (not content)
_ex_inv.png,excluded,,,,font glyph (not content)
_f.png,excluded,,,,font glyph (not content)
_f_.png,excluded,,,,font glyph (not content)
_g.png,excluded,,,,font glyph (not content)
_g_.png,excluded,,,,font glyph (not content)
_g_breve.png,excluded,,,,font glyph (not content)
_g_breve_.png,excluded,,,,font glyph (not content)
_g_cedille.png,excluded,,,,font glyph (not content)
_g_cedille_.png,excluded,,,,font glyph (not content)
_g_circumflex.png,excluded,,,,font glyph (not content)
_g_circumflex_.png,excluded,,,,font glyph (not content)
_g_overdot.png,excluded,,,,font glyph (not content)
_g_overdot_.png,excluded,,,,font glyph (not content)
_gr.png,excluded,,,,font glyph (not content)
_grk_a.png,excluded,,,,font glyph (not content)
_grk_a_tonos.png,excluded,,,,font glyph (not content)
_grk_a_tonos_.png,excluded,,,,font glyph (not content)
_grk_b.png,excluded,,,,font glyph (not content)
_grk_c.png,excluded,,,,font glyph (not content)
_grk_ch.png,excluded,,,,font glyph (not content)
_grk_d.png,excluded,,,,font glyph (not content)
_grk_d_.png,excluded,,,,font glyph (not content)
_grk_e.png,excluded,,,,font glyph (not content)
_grk_e_tonos.png,excluded,,,,font glyph (not content)
_grk_e_tonos_.png,excluded,,,,font glyph (not content)
_grk_eta.png,excluded,,,,font glyph (not content)
_grk_eta_tonos.png,excluded,,,,font glyph (not content)
_grk_eta_tonos_.png,excluded,,,,font glyph (not content)
_grk_f.png,excluded,,,,font glyph (not content)
_grk_i_dtonos.png,excluded,,,,font glyph (not content)
_grk_i_tonos.png,excluded,,,,font glyph (not content)
_grk_i_tonos_.png,excluded,,,,font glyph (not content)
_grk_kai.png,excluded,,,,font glyph (not content)
_grk_kai_.png,excluded,,,,font glyph (not content)
_grk_l.png,excluded,,,,font glyph (not content)
_grk_l_.png,excluded,,,,font glyph (not content)
_grk_o_tonos.png,excluded,,,,font glyph (not content)
_grk_o_tonos_.png,excluded,,,,font glyph (not content)
_grk_om.png,excluded,,,,font glyph (not content)
_grk_om_.png,excluded,,,,font glyph (not content)
_grk_om_tonos.png,excluded,,,,font glyph (not content)
_grk_om_tonos_.png,excluded,,,,font glyph (not content)
_grk_pi.png,excluded,,,,font glyph (not content)
_grk_ps.png,excluded,,,,font glyph (not content)
_grk_ps_.png,excluded,,,,font glyph (not content)
_grk_r.png,excluded,,,,font glyph (not content)
_grk_s.png,excluded,,,,font glyph (not content)
_grk_s_.png,excluded,,,,font glyph (not content)
_grk_t.png,excluded,,,,font glyph (not content)
_grk_th.png,excluded,,,,font glyph (not content)
_grk_ths.png,excluded,,,,font glyph (not content)
_grk_u_dtonos.png,excluded,,,,font glyph (not content)
_grk_u_tonos.png,excluded,,,,font glyph (not content)
_grk_u_tonos_.png,excluded,,,,font glyph (not content)
_grk_xi.png,excluded,,,,font glyph (not content)
_grk_xi_.png,excluded,,,,font glyph (not content)
_grk_z.png,excluded,,,,font glyph (not content)
_gt.png,excluded,,,,font glyph (not content)
_guill_left.png,excluded,,,,font glyph (not content)
_guill_right.png,excluded,,,,font glyph (not content)
_h.png,excluded,,,,font glyph (not content)
_h_.png,excluded,,,,font glyph (not content)
_h_circumflex.png,excluded,,,,font glyph (not content)
_h_circumflex_.png,excluded,,,,font glyph (not content)
_h_stroke.png,excluded,,,,font glyph (not content)
_h_stroke_.png,excluded,,,,font glyph (not content)
_ha.png,excluded,,,,font glyph (not content)
_hs.png,excluded,,,,font glyph (not content)
_hyphen.png,excluded,,,,font glyph (not content)
_i.png,excluded,,,,font glyph (not content)
_i_.png,excluded,,,,font glyph (not content)
_i_acute.png,excluded,,,,font glyph (not content)
_i_acute_.png,excluded,,,,font glyph (not content)
_i_circumflex.png,excluded,,,,font glyph (not content)
_i_circumflex_.png,excluded,,,,font glyph (not content)
_i_dotless.png,excluded,,,,font glyph (not content)
_i_grave.png,excluded,,,,font glyph (not content)
_i_grave_.png,excluded,,,,font glyph (not content)
_i_macron.png,excluded,,,,font glyph (not content)
_i_macron_.png,excluded,,,,font glyph (not content)
_i_ogonek.png,excluded,,,,font glyph (not content)
_i_ogonek_.png,excluded,,,,font glyph (not content)
_i_overdot_.png,excluded,,,,font glyph (not content)
_i_tilde.png,excluded,,,,font glyph (not content)
_i_tilde_.png,excluded,,,,font glyph (not content)
_j.png,excluded,,,,font glyph (not content)
_j_.png,excluded,,,,font glyph (not content)
_j_circumflex.png,excluded,,,,font glyph (not content)
_j_circumflex_.png,excluded,,,,font glyph (not content)
_k.png,excluded,,,,font glyph (not content)
_k_.png,excluded,,,,font glyph (not content)
_k_cedille.png,excluded,,,,font glyph (not content)
_k_cedille_.png,excluded,,,,font glyph (not content)
_l.png,excluded,,,,font glyph (not content)
_l_.png,excluded,,,,font glyph (not content)
_l_acute.png,excluded,,,,font glyph (not content)
_l_acute_.png,excluded,,,,font glyph (not content)
_l_caron.png,excluded,,,,font glyph (not content)
_l_caron_.png,excluded,,,,font glyph (not content)
_l_cedille.png,excluded,,,,font glyph (not content)
_l_cedille_.png,excluded,,,,font glyph (not content)
_l_stroke.png,excluded,,,,font glyph (not content)
_l_stroke_.png,excluded,,,,font glyph (not content)
_lt.png,excluded,,,,font glyph (not content)
_m.png,excluded,,,,font glyph (not content)
_m_.png,excluded,,,,font glyph (not content)
_macron.png,excluded,,,,font glyph (not content)
_mn.png,excluded,,,,font glyph (not content)
_mu.png,excluded,,,,font glyph (not content)
_n.png,excluded,,,,font glyph (not content)
_n_.png,excluded,,,,font glyph (not content)
_n_acute.png,excluded,,,,font glyph (not content)
_n_acute_.png,excluded,,,,font glyph (not content)
_n_caron.png,excluded,,,,font glyph (not content)
_n_caron_.png,excluded,,,,font glyph (not content)
_n_cedille.png,excluded,,,,font glyph (not content)
_n_cedille_.png,excluded,,,,font glyph (not content)
_n_tilde.png,excluded,,,,font glyph (not content)
_n_tilde_.png,excluded,,,,font glyph (not content)
_not.png,excluded,,,,font glyph (not content)
_o.png,excluded,,,,font glyph (not content)
_o_.png,excluded,,,,font glyph (not content)
_o_2acute.png,excluded,,,,font glyph (not content)
_o_2acute_.png,excluded,,,,font glyph (not content)
_o_acute.png,excluded,,,,font glyph (not content)
_o_acute_.png,excluded,,,,font glyph (not content)
_o_circumflex.png,excluded,,,,font glyph (not content)
_o_circumflex_.png,excluded,,,,font glyph (not content)
_o_dash.png,excluded,,,,font glyph (not content)
_o_dash_.png,excluded,,,,font glyph (not content)
_o_grave.png,excluded,,,,font glyph (not content)
_o_grave_.png,excluded,,,,font glyph (not content)
_o_macron.png,excluded,,,,font glyph (not content)
_o_macron_.png,excluded,,,,font glyph (not content)
_o_sup.png,excluded,,,,font glyph (not content)
_o_tilde.png,excluded,,,,font glyph (not content)
_o_tilde_.png,excluded,,,,font glyph (not content)
_oe.png,excluded,,,,font glyph (not content)
_oe_.png,excluded,,,,font glyph (not content)
_p.png,excluded,,,,font glyph (not content)
_p_.png,excluded,,,,font glyph (not content)
_paragraph.png,excluded,,,,font glyph (not content)
_pilcrow.png,excluded,,,,font glyph (not content)
_plus_minus.png,excluded,,,,font glyph (not content)
_pound.png,excluded,,,,font glyph (not content)
_pr.png,excluded,,,,font glyph (not content)
_ps.png,excluded,,,,font glyph (not content)
_q.png,excluded,,,,font glyph (not content)
_q_.png,excluded,,,,font glyph (not content)
_qo.png,excluded,,,,font glyph (not content)
_qu.png,excluded,,,,font glyph (not content)
_qu_inv.png,excluded,,,,font glyph (not content)
_r.png,excluded,,,,font glyph (not content)
_r_.png,excluded,,,,font glyph (not content)
_r_acute.png,excluded,,,,font glyph (not content)
_r_acute_.png,excluded,,,,font glyph (not content)
_r_caron.png,excluded,,,,font glyph (not content)
_r_caron_.png,excluded,,,,font glyph (not content)
_r_cedille.png,excluded,,,,font glyph (not content)
_r_cedille_.png,excluded,,,,font glyph (not content)
_rc.png,excluded,,,,font glyph (not content)
_re.png,excluded,,,,font glyph (not content)
_registered.png,excluded,,,,font glyph (not content)
_return.png,excluded,,,,font glyph (not content)
_s.png,excluded,,,,font glyph (not content)
_s_.png,excluded,,,,font glyph (not content)
_s_acute.png,excluded,,,,font glyph (not content)
_s_acute_.png,excluded,,,,font glyph (not content)
_s_caron.png,excluded,,,,font glyph (not content)
_s_caron_.png,excluded,,,,font glyph (not content)
_s_cedille.png,excluded,,,,font glyph (not content)
_s_cedille_.png,excluded,,,,font glyph (not content)
_s_circumflex.png,excluded,,,,font glyph (not content)
_s_circumflex_.png,excluded,,,,font glyph (not content)
_s_comma.png,excluded,,,,font glyph (not content)
_s_comma_.png,excluded,,,,font glyph (not content)
_sl.png,excluded,,,,font glyph (not content)
_sm.png,excluded,,,,font glyph (not content)
_sp.png,excluded,,,,font glyph (not content)
_sr.png,excluded,,,,font glyph (not content)
_sz.png,excluded,,,,font glyph (not content)
_t.png,excluded,,,,font glyph (not content)
_t_.png,excluded,,,,font glyph (not content)
_t_caron.png,excluded,,,,font glyph (not content)
_t_caron_.png,excluded,,,,font glyph (not content)
_t_cedille.png,excluded,,,,font glyph (not content)
_t_cedille_.png,excluded,,,,font glyph (not content)
_t_comma.png,excluded,,,,font glyph (not content)
_t_comma_.png,excluded,,,,font glyph (not content)
_t_stroke.png,excluded,,,,font glyph (not content)
_t_stroke_.png,excluded,,,,font glyph (not content)
_thorn.png,excluded,,,,font glyph (not content)
_thorn_.png,excluded,,,,font glyph (not content)
_times_cross.png,excluded,,,,font glyph (not content)
_times_dot.png,excluded,,,,font glyph (not content)
_tl.png,excluded,,,,font glyph (not content)
_u.png,excluded,,,,font glyph (not content)
_u_.png,excluded,,,,font glyph (not content)
_u_acute.png,excluded,,,,font glyph (not content)
_u_acute_.png,excluded,,,,font glyph (not content)
_u_breve.png,excluded,,,,font glyph (not content)
_u_breve_.png,excluded,,,,font glyph (not content)
_u_circumflex.png,excluded,,,,font glyph (not content)
_u_circumflex_.png,excluded,,,,font glyph (not content)
_u_grave.png,excluded,,,,font glyph (not content)
_u_grave_.png,excluded,,,,font glyph (not content)
_u_macron.png,excluded,,,,font glyph (not content)
_u_macron_.png,excluded,,,,font glyph (not content)
_u_ogonek.png,excluded,,,,font glyph (not content)
_u_ogonek_.png,excluded,,,,font glyph (not content)
_u_ring.png,excluded,,,,font glyph (not content)
_u_ring_.png,excluded,,,,font glyph (not content)
_u_tilde.png,excluded,,,,font glyph (not content)
_u_tilde_.png,excluded,,,,font glyph (not content)
_ue.png,excluded,,,,font glyph (not content)
_ue_.png,excluded,,,,font glyph (not content)
_un.png,excluded,,,,font glyph (not content)
_uo.png,excluded,,,,font glyph (not content)
_uo_.png,excluded,,,,font glyph (not content)
_v.png,excluded,,,,font glyph (not content)
_v_.png,excluded,,,,font glyph (not content)
_vb.png,excluded,,,,font glyph (not content)
_w.png,excluded,,,,font glyph (not content)
_w_.png,excluded,,,,font glyph (not content)
_x.png,excluded,,,,font glyph (not content)
_x_.png,excluded,,,,font glyph (not content)
_y.png,excluded,,,,font glyph (not content)
_y_.png,excluded,,,,font glyph (not content)
_y_acute.png,excluded,,,,font glyph (not content)
_y_acute_.png,excluded,,,,font glyph (not content)
_y_breve.png,excluded,,,,font glyph (not content)
_y_diaresis.png,excluded,,,,font glyph (not content)
_y_diaresis_.png,excluded,,,,font glyph (not content)
_y_macron.png,excluded,,,,font glyph (not content)
_yen.png,excluded,,,,font glyph (not content)
_z.png,excluded,,,,font glyph (not content)
_z_.png,excluded,,,,font glyph (not content)
_z_acute.png,excluded,,,,font glyph (not content)
_z_acute_.png,excluded,,,,font glyph (not content)
_z_caron.png,excluded,,,,font glyph (not content)
_z_caron_.png,excluded,,,,font glyph (not content)
_z_overdot.png,excluded,,,,font glyph (not content)
_z_overdot_.png,excluded,,,,font glyph (not content)
awards_bg_default.png,excluded,,,,GUI/formspec (not content)
awards_progress_gray.png,excluded,,,,GUI/formspec (not content)
awards_progress_green.png,excluded,,,,GUI/formspec (not content)
awards_unknown.png,excluded,,,,GUI/formspec (not content)
axolotl_bucket.png,excluded,,,,modern 1.13+ content (absent from 1.12.2 dump)
beacon_UV.png,excluded,,,,mod-specific
beacon_achievement_icon.png,excluded,,,,GUI/formspec (not content)
beacon_beam_palette.png,excluded,,,,mod-specific
blast_furnace_front.png,excluded,,,,modern 1.13+ content (absent from 1.12.2 dump)
blast_furnace_front_on.png,excluded,,,,modern 1.13+ content (absent from 1.12.2 dump)
blast_furnace_side.png,excluded,,,,modern 1.13+ content (absent from 1.12.2 dump)
blast_furnace_top.png,excluded,,,,modern 1.13+ content (absent from 1.12.2 dump)
bolt_armor_trim_smithing_template.png,excluded,,,,modern 1.13+ content (absent from 1.12.2 dump)
bolt_boots.png,excluded,,,,modern 1.13+ content (absent from 1.12.2 dump)
bolt_chestplate.png,excluded,,,,modern 1.13+ content (absent from 1.12.2 dump)
bolt_helmet.png,excluded,,,,modern 1.13+ content (absent from 1.12.2 dump)
bolt_leggings.png,excluded,,,,modern 1.13+ content (absent from 1.12.2 dump)
boots_trim.png,excluded,,,,mod-specific
bubble.png,excluded,,,,particles/effects (not content)
bucket_powder_snow.png,excluded,,,,modern 1.13+ content (absent from 1.12.2 dump)
bush_1.png,excluded,,,,mod-specific
bush_2.png,excluded,,,,mod-specific
bush_3.png,excluded,,,,mod-specific
bush_4.png,excluded,,,,mod-specific
bush_5.png,excluded,,,,mod-specific
bush_6.png,excluded,,,,mod-specific
bush_7.png,excluded,,,,mod-specific
bush_8.png,excluded,,,,mod-specific
cactus_flower.png,excluded,,,,mod-specific
cartography_table_side1.png,excluded,,,,modern 1.13+ content (absent from 1.12.2 dump)
cartography_table_side2.png,excluded,,,,modern 1.13+ content (absent from 1.12.2 dump)
cartography_table_side3.png,excluded,,,,modern 1.13+ content (absent from 1.12.2 dump)
cartography_table_top.png,excluded,,,,modern 1.13+ content (absent from 1.12.2 dump)
chestplate_trim.png,excluded,,,,mod-specific
coast_armor_trim_smithing_template.png,excluded,,,,modern 1.13+ content (absent from 1.12.2 dump)
coast_boots.png,excluded,,,,modern 1.13+ content (absent from 1.12.2 dump)
coast_chestplate.png,excluded,,,,modern 1.13+ content (absent from 1.12.2 dump)
coast_helmet.png,excluded,,,,modern 1.13+ content (absent from 1.12.2 dump)
coast_leggings.png,excluded,,,,modern 1.13+ content (absent from 1.12.2 dump)
cod_bucket.png,excluded,,,,mod-specific
crack_anylength.png,excluded,,,,particles/effects (not content)
craftguide_arrow.png,excluded,,,,GUI/formspec (not content)
craftguide_book.png,excluded,,,,mod-specific
craftguide_clear_icon.png,excluded,,,,GUI/formspec (not content)
craftguide_furnace.png,excluded,,,,mod-specific
craftguide_next_icon.png,excluded,,,,GUI/formspec (not content)
craftguide_prev_icon.png,excluded,,,,GUI/formspec (not content)
craftguide_search_icon.png,excluded,,,,GUI/formspec (not content)
craftguide_shapeless.png,excluded,,,,GUI/formspec (not content)
craftguide_zoomin_icon.png,excluded,,,,GUI/formspec (not content)
craftguide_zoomout_icon.png,excluded,,,,GUI/formspec (not content)
crafting_creative_active.png,excluded,,,,GUI/formspec (not content)
crafting_creative_active_down.png,excluded,,,,GUI/formspec (not content)
crafting_creative_bg.png,excluded,,,,GUI/formspec (not content)
crafting_creative_bg_dark.png,excluded,,,,GUI/formspec (not content)
crafting_creative_inactive.png,excluded,,,,GUI/formspec (not content)
crafting_creative_inactive_down.png,excluded,,,,GUI/formspec (not content)
crafting_creative_marker.png,excluded,,,,GUI/formspec (not content)
crafting_creative_next.png,excluded,,,,GUI/formspec (not content)
crafting_creative_prev.png,excluded,,,,GUI/formspec (not content)
crafting_creative_trash.png,excluded,,,,GUI/formspec (not content)
crafting_formspec_arrow.png,excluded,,,,GUI/formspec (not content)
crafting_formspec_bg.png,excluded,,,,GUI/formspec (not content)
crafting_workbench_front.png,excluded,,,,mod-specific
crafting_workbench_side.png,excluded,,,,mod-specific
crafting_workbench_top.png,excluded,,,,mod-specific
credits_bg.png,excluded,,,,GUI/formspec (not content)
crimson_hyphae.png,excluded,,,,modern 1.13+ content (absent from 1.12.2 dump)
crimson_hyphae_side.png,excluded,,,,modern 1.13+ content (absent from 1.12.2 dump)
crimson_hyphae_wood.png,excluded,,,,modern 1.13+ content (absent from 1.12.2 dump)
crimson_nylium.png,excluded,,,,modern 1.13+ content (absent from 1.12.2 dump)
crimson_nylium_side.png,excluded,,,,modern 1.13+ content (absent from 1.12.2 dump)
crimson_roots.png,excluded,,,,modern 1.13+ content (absent from 1.12.2 dump)
crimson_stem_stripped_side.png,excluded,,,,modern 1.13+ content (absent from 1.12.2 dump)
crimson_stem_stripped_top.png,excluded,,,,modern 1.13+ content (absent from 1.12.2 dump)
crosshair.png,excluded,,,,mod-specific
custom_beacon_symbol_1.png,excluded,,,,mod-specific
custom_beacon_symbol_2.png,excluded,,,,mod-specific
custom_beacon_symbol_3.png,excluded,,,,mod-specific
custom_beacon_symbol_4.png,excluded,,,,mod-specific
default_furnace_fire_bg.png,excluded,,,,GUI/formspec (not content)
default_furnace_fire_fg.png,excluded,,,,no vanilla asset in dump (partial 1.12.2 pool)
default_tool_netheriteaxe.png,excluded,,,,no vanilla asset in dump (partial 1.12.2 pool)
default_tool_netheritepick.png,excluded,,,,no vanilla asset in dump (partial 1.12.2 pool)
default_tool_netheriteshovel.png,excluded,,,,no vanilla asset in dump (partial 1.12.2 pool)
default_tool_netheritesword.png,excluded,,,,no vanilla asset in dump (partial 1.12.2 pool)
doc_basics_build.png,excluded,,,,mod-specific
doc_basics_craft_grid.png,excluded,,,,GUI/formspec (not content)
doc_basics_hotbar.png,excluded,,,,GUI/formspec (not content)
doc_basics_inventory_detail.png,excluded,,,,GUI/formspec (not content)
doc_basics_items_dropped.png,excluded,,,,mod-specific
doc_basics_light_test.png,excluded,,,,mod-specific
doc_basics_light_torch.png,excluded,,,,mod-specific
doc_basics_liquids_nonrenewable.png,excluded,,,,mod-specific
doc_basics_liquids_range.png,excluded,,,,mod-specific
doc_basics_liquids_renewable_1.png,excluded,,,,mod-specific
doc_basics_liquids_renewable_2.png,excluded,,,,mod-specific
doc_basics_liquids_types.png,excluded,,,,mod-specific
doc_basics_minimap_map.png,excluded,,,,mod-specific
doc_basics_minimap_radar.png,excluded,,,,mod-specific
doc_basics_minimap_round.png,excluded,,,,mod-specific
doc_basics_nodes.png,excluded,,,,mod-specific
doc_basics_players_sam.png,excluded,,,,mod-specific
doc_basics_pointing.png,excluded,,,,mod-specific
doc_basics_tools.png,excluded,,,,mod-specific
doc_basics_tools_mining.png,excluded,,,,mod-specific
doc_button_icon_lores.png,excluded,,,,GUI/formspec (not content)
doc_identifier_identifier.png,excluded,,,,mod-specific
doc_identifier_identifier_liquid.png,excluded,,,,mod-specific
doors_item_steel.png,excluded,,,,no vanilla asset in dump (partial 1.12.2 pool)
doors_item_wood.png,excluded,,,,no vanilla asset in dump (partial 1.12.2 pool)
doors_trapdoor_side.png,excluded,,,,no vanilla asset in dump (partial 1.12.2 pool)
doors_trapdoor_steel_side.png,excluded,,,,no vanilla asset in dump (partial 1.12.2 pool)
dripstone_block.png,excluded,,,,modern 1.13+ content (absent from 1.12.2 dump)
dune_armor_trim_smithing_template.png,excluded,,,,modern 1.13+ content (absent from 1.12.2 dump)
dune_boots.png,excluded,,,,modern 1.13+ content (absent from 1.12.2 dump)
dune_chestplate.png,excluded,,,,modern 1.13+ content (absent from 1.12.2 dump)
dune_helmet.png,excluded,,,,modern 1.13+ content (absent from 1.12.2 dump)
dune_leggings.png,excluded,,,,modern 1.13+ content (absent from 1.12.2 dump)
extra_mobs_cod.png,excluded,,,,mod-specific
extra_mobs_dolphin.png,excluded,,,,mod-specific
extra_mobs_glow_ink_sac.png,excluded,,,,mod-specific
extra_mobs_glow_squid.png,excluded,,,,mod-specific
extra_mobs_glow_squid_glint1.png,excluded,,,,mod-specific
extra_mobs_glow_squid_glint2.png,excluded,,,,mod-specific
extra_mobs_glow_squid_glint3.png,excluded,,,,mod-specific
extra_mobs_glow_squid_glint4.png,excluded,,,,mod-specific
extra_mobs_hoglin.png,excluded,,,,mod-specific
extra_mobs_piglin.png,excluded,,,,mod-specific
extra_mobs_piglin_brute.png,excluded,,,,mod-specific
extra_mobs_salmon.png,excluded,,,,mod-specific
extra_mobs_strider.png,excluded,,,,mod-specific
extra_mobs_strider_cold.png,excluded,,,,mod-specific
extra_mobs_tropical_fish_a.png,excluded,,,,mod-specific
extra_mobs_tropical_fish_b.png,excluded,,,,mod-specific
extra_mobs_tropical_fish_pattern_a_1.png,excluded,,,,mod-specific
extra_mobs_tropical_fish_pattern_a_2.png,excluded,,,,mod-specific
extra_mobs_tropical_fish_pattern_a_3.png,excluded,,,,mod-specific
extra_mobs_tropical_fish_pattern_a_4.png,excluded,,,,mod-specific
extra_mobs_tropical_fish_pattern_a_5.png,excluded,,,,mod-specific
extra_mobs_tropical_fish_pattern_a_6.png,excluded,,,,mod-specific
extra_mobs_tropical_fish_pattern_b_1.png,excluded,,,,mod-specific
extra_mobs_tropical_fish_pattern_b_2.png,excluded,,,,mod-specific
extra_mobs_tropical_fish_pattern_b_3.png,excluded,,,,mod-specific
extra_mobs_tropical_fish_pattern_b_4.png,excluded,,,,mod-specific
extra_mobs_tropical_fish_pattern_b_5.png,excluded,,,,mod-specific
extra_mobs_tropical_fish_pattern_b_6.png,excluded,,,,mod-specific
extra_mobs_zoglin.png,excluded,,,,mod-specific
extra_mobs_zombified_piglin.png,excluded,,,,mod-specific
eye_armor_trim_smithing_template.png,excluded,,,,modern 1.13+ content (absent from 1.12.2 dump)
eye_boots.png,excluded,,,,mod-specific
eye_chestplate.png,excluded,,,,mod-specific
eye_helmet.png,excluded,,,,mod-specific
eye_leggings.png,excluded,,,,mod-specific
farming_crimson_fungus.png,excluded,,,,modern 1.13+ content (absent from 1.12.2 dump)
farming_potato_poison.png,excluded,,,,no vanilla asset in dump (partial 1.12.2 pool)
farming_tool_netheritehoe.png,excluded,,,,no vanilla asset in dump (partial 1.12.2 pool)
farming_warped_fungus.png,excluded,,,,modern 1.13+ content (absent from 1.12.2 dump)
fire_basic_flame.png,excluded,,,,particles/effects (not content)
fire_basic_flame_animated.png,excluded,,,,particles/effects (not content)
fletching_table_bottom.png,excluded,,,,modern 1.13+ content (absent from 1.12.2 dump)
fletching_table_front.png,excluded,,,,modern 1.13+ content (absent from 1.12.2 dump)
fletching_table_side.png,excluded,,,,modern 1.13+ content (absent from 1.12.2 dump)
fletching_table_top.png,excluded,,,,modern 1.13+ content (absent from 1.12.2 dump)
flow_armor_trim_smithing_template.png,excluded,,,,modern 1.13+ content (absent from 1.12.2 dump)
flow_boots.png,excluded,,,,modern 1.13+ content (absent from 1.12.2 dump)
flow_chestplate.png,excluded,,,,modern 1.13+ content (absent from 1.12.2 dump)
flow_helmet.png,excluded,,,,modern 1.13+ content (absent from 1.12.2 dump)
flow_leggings.png,excluded,,,,modern 1.13+ content (absent from 1.12.2 dump)
flower_1.png,excluded,,,,mod-specific
flower_2.png,excluded,,,,mod-specific
flower_3.png,excluded,,,,mod-specific
flower_4.png,excluded,,,,mod-specific
flower_5.png,excluded,,,,mod-specific
flower_6.png,excluded,,,,mod-specific
flower_7.png,excluded,,,,mod-specific
flower_8.png,excluded,,,,mod-specific
flowers_dandelion_yellow.png,excluded,,,,mod-specific
flowers_tulip.png,excluded,,,,mod-specific
flowers_waterlily.png,excluded,,,,mod-specific
freezing_1.png,excluded,,,,mod-specific
freezing_2.png,excluded,,,,mod-specific
freezing_3.png,excluded,,,,mod-specific
frozen_heart.png,excluded,,,,particles/effects (not content)
gourd_1.png,excluded,,,,mod-specific
gourd_2.png,excluded,,,,mod-specific
gourd_3.png,excluded,,,,mod-specific
gourd_4.png,excluded,,,,mod-specific
gourd_5.png,excluded,,,,mod-specific
gourd_6.png,excluded,,,,mod-specific
gourd_7.png,excluded,,,,mod-specific
gourd_8.png,excluded,,,,mod-specific
grain_1.png,excluded,,,,mod-specific
grain_2.png,excluded,,,,mod-specific
grain_3.png,excluded,,,,mod-specific
grain_4.png,excluded,,,,mod-specific
grain_5.png,excluded,,,,mod-specific
grain_6.png,excluded,,,,mod-specific
grain_7.png,excluded,,,,mod-specific
grain_8.png,excluded,,,,mod-specific
grindstone_front.png,excluded,,,,modern 1.13+ content (absent from 1.12.2 dump)
grindstone_side.png,excluded,,,,modern 1.13+ content (absent from 1.12.2 dump)
grindstone_top.png,excluded,,,,modern 1.13+ content (absent from 1.12.2 dump)
gui_crafting_arrow.png,excluded,,,,GUI/formspec (not content)
gui_furnace_arrow_bg.png,excluded,,,,GUI/formspec (not content)
gui_furnace_arrow_fg.png,excluded,,,,GUI/formspec (not content)
hbarmor_bar.png,excluded,,,,GUI/formspec (not content)
hbarmor_bgicon.png,excluded,,,,GUI/formspec (not content)
hbarmor_icon.png,excluded,,,,GUI/formspec (not content)
hbhunger_bar.png,excluded,,,,GUI/formspec (not content)
hbhunger_bar_health_poison.png,excluded,,,,GUI/formspec (not content)
hbhunger_bgicon.png,excluded,,,,GUI/formspec (not content)
hbhunger_icon.png,excluded,,,,GUI/formspec (not content)
hbhunger_icon_health_poison.png,excluded,,,,GUI/formspec (not content)
hbhunger_icon_regen_poison.png,excluded,,,,GUI/formspec (not content)
heart.png,excluded,,,,particles/effects (not content)
helmet_trim.png,excluded,,,,mod-specific
hudbars_bar_background.png,excluded,,,,GUI/formspec (not content)
hudbars_bar_breath.png,excluded,,,,GUI/formspec (not content)
hudbars_bar_health.png,excluded,,,,GUI/formspec (not content)
hudbars_bgicon_breath.png,excluded,,,,GUI/formspec (not content)
hudbars_bgicon_health.png,excluded,,,,GUI/formspec (not content)
hudbars_icon_breath.png,excluded,,,,GUI/formspec (not content)
hudbars_icon_health.png,excluded,,,,GUI/formspec (not content)
hudbars_icon_regenerate.png,excluded,,,,GUI/formspec (not content)
jeija_commandblock_off.png,excluded,,,,mod-specific
jeija_commandblock_on.png,excluded,,,,mod-specific
jeija_lightstone_gray_off.png,excluded,,,,mod-specific
jeija_lightstone_gray_on.png,excluded,,,,mod-specific
jeija_solar_panel.png,excluded,,,,mod-specific
jeija_solar_panel_inverted.png,excluded,,,,mod-specific
jeija_solar_panel_side.png,excluded,,,,mod-specific
jeija_torches_off.png,excluded,,,,mod-specific
jeija_torches_on.png,excluded,,,,mod-specific
leggings_trim.png,excluded,,,,mod-specific
lightning_lightning_1.png,excluded,,,,particles/effects (not content)
lightning_lightning_2.png,excluded,,,,particles/effects (not content)
lightning_lightning_3.png,excluded,,,,particles/effects (not content)
lodestone_bottom.png,excluded,,,,modern 1.13+ content (absent from 1.12.2 dump)
lodestone_side1.png,excluded,,,,modern 1.13+ content (absent from 1.12.2 dump)
lodestone_side2.png,excluded,,,,modern 1.13+ content (absent from 1.12.2 dump)
lodestone_side3.png,excluded,,,,modern 1.13+ content (absent from 1.12.2 dump)
lodestone_side4.png,excluded,,,,modern 1.13+ content (absent from 1.12.2 dump)
lodestone_top.png,excluded,,,,modern 1.13+ content (absent from 1.12.2 dump)
loom_bottom.png,excluded,,,,modern 1.13+ content (absent from 1.12.2 dump)
loom_front.png,excluded,,,,modern 1.13+ content (absent from 1.12.2 dump)
loom_side.png,excluded,,,,modern 1.13+ content (absent from 1.12.2 dump)
loom_top.png,excluded,,,,modern 1.13+ content (absent from 1.12.2 dump)
mcl_achievements_button.png,excluded,,,,GUI/formspec (not content)
mcl_amethyst_amethyst_block.png,excluded,,,,modern 1.13+ content (absent from 1.12.2 dump)
mcl_amethyst_amethyst_bud_large.png,excluded,,,,modern 1.13+ content (absent from 1.12.2 dump)
mcl_amethyst_amethyst_bud_medium.png,excluded,,,,modern 1.13+ content (absent from 1.12.2 dump)
mcl_amethyst_amethyst_bud_small.png,excluded,,,,modern 1.13+ content (absent from 1.12.2 dump)
mcl_amethyst_amethyst_cluster.png,excluded,,,,modern 1.13+ content (absent from 1.12.2 dump)
mcl_amethyst_amethyst_shard.png,excluded,,,,modern 1.13+ content (absent from 1.12.2 dump)
mcl_amethyst_budding_amethyst.png,excluded,,,,modern 1.13+ content (absent from 1.12.2 dump)
mcl_amethyst_calcite_block.png,excluded,,,,modern 1.13+ content (absent from 1.12.2 dump)
mcl_amethyst_tinted_glass.png,excluded,,,,modern 1.13+ content (absent from 1.12.2 dump)
mcl_anvils_anvil_side.png,excluded,,,,no vanilla asset in dump (partial 1.12.2 pool)
mcl_anvils_inventory.png,excluded,,,,GUI/formspec (anvil container
mcl_anvils_inventory_arrow.png,excluded,,,,GUI/formspec (not content)
mcl_anvils_inventory_cross.png,excluded,,,,GUI/formspec (not content)
mcl_anvils_inventory_hammer.png,excluded,,,,GUI/formspec (not content)
mcl_armor_boots_copper.png,excluded,,,,modern 1.13+ content (absent from 1.12.2 dump)
mcl_armor_boots_leather_desat.png,excluded,,,,no vanilla asset in dump (partial 1.12.2 pool)
mcl_armor_boots_netherite.png,excluded,,,,modern 1.13+ content (absent from 1.12.2 dump)
mcl_armor_broken_elytra.png,excluded,,,,no vanilla asset in dump (partial 1.12.2 pool)
mcl_armor_chestplate_copper.png,excluded,,,,modern 1.13+ content (absent from 1.12.2 dump)
mcl_armor_chestplate_leather_desat.png,excluded,,,,no vanilla asset in dump (partial 1.12.2 pool)
mcl_armor_chestplate_netherite.png,excluded,,,,modern 1.13+ content (absent from 1.12.2 dump)
mcl_armor_elytra.png,excluded,,,,no vanilla asset in dump (partial 1.12.2 pool)
mcl_armor_helmet_copper.png,excluded,,,,modern 1.13+ content (absent from 1.12.2 dump)
mcl_armor_helmet_leather_desat.png,excluded,,,,no vanilla asset in dump (partial 1.12.2 pool)
mcl_armor_helmet_netherite.png,excluded,,,,modern 1.13+ content (absent from 1.12.2 dump)
mcl_armor_inv_boots_copper.png,excluded,,,,modern 1.13+ content (absent from 1.12.2 dump)
mcl_armor_inv_boots_leather_desat.png,excluded,,,,no vanilla asset in dump (partial 1.12.2 pool)
mcl_armor_inv_boots_netherite.png,excluded,,,,modern 1.13+ content (absent from 1.12.2 dump)
mcl_armor_inv_chestplate_copper.png,excluded,,,,modern 1.13+ content (absent from 1.12.2 dump)
mcl_armor_inv_chestplate_leather_desat.png,excluded,,,,no vanilla asset in dump (partial 1.12.2 pool)
mcl_armor_inv_chestplate_netherite.png,excluded,,,,modern 1.13+ content (absent from 1.12.2 dump)
mcl_armor_inv_elytra.png,excluded,,,,no vanilla asset in dump (partial 1.12.2 pool)
mcl_armor_inv_helmet_copper.png,excluded,,,,modern 1.13+ content (absent from 1.12.2 dump)
mcl_armor_inv_helmet_leather_desat.png,excluded,,,,no vanilla asset in dump (partial 1.12.2 pool)
mcl_armor_inv_helmet_netherite.png,excluded,,,,modern 1.13+ content (absent from 1.12.2 dump)
mcl_armor_inv_leggings_copper.png,excluded,,,,modern 1.13+ content (absent from 1.12.2 dump)
mcl_armor_inv_leggings_leather_desat.png,excluded,,,,no vanilla asset in dump (partial 1.12.2 pool)
mcl_armor_inv_leggings_netherite.png,excluded,,,,modern 1.13+ content (absent from 1.12.2 dump)
mcl_armor_leggings_copper.png,excluded,,,,modern 1.13+ content (absent from 1.12.2 dump)
mcl_armor_leggings_leather_desat.png,excluded,,,,no vanilla asset in dump (partial 1.12.2 pool)
mcl_armor_leggings_netherite.png,excluded,,,,modern 1.13+ content (absent from 1.12.2 dump)
mcl_backstone_quartz_bricks.png,excluded,,,,no vanilla asset in dump (partial 1.12.2 pool)
mcl_bamboo_bamboo.png,excluded,,,,modern 1.13+ content (absent from 1.12.2 dump)
mcl_bamboo_bamboo_block.png,excluded,,,,modern 1.13+ content (absent from 1.12.2 dump)
mcl_bamboo_bamboo_block_stripped.png,excluded,,,,modern 1.13+ content (absent from 1.12.2 dump)
mcl_bamboo_bamboo_bottom.png,excluded,,,,modern 1.13+ content (absent from 1.12.2 dump)
mcl_bamboo_bamboo_bottom_stripped.png,excluded,,,,modern 1.13+ content (absent from 1.12.2 dump)
mcl_bamboo_bamboo_fpm.png,excluded,,,,modern 1.13+ content (absent from 1.12.2 dump)
mcl_bamboo_bamboo_inv.png,excluded,,,,modern 1.13+ content (absent from 1.12.2 dump)
mcl_bamboo_bamboo_plank.png,excluded,,,,modern 1.13+ content (absent from 1.12.2 dump)
mcl_bamboo_bamboo_plank_mosaic.png,excluded,,,,modern 1.13+ content (absent from 1.12.2 dump)
mcl_bamboo_bamboo_sign.png,excluded,,,,modern 1.13+ content (absent from 1.12.2 dump)
mcl_bamboo_bamboo_sign_wield.png,excluded,,,,modern 1.13+ content (absent from 1.12.2 dump)
mcl_bamboo_door_bottom.png,excluded,,,,modern 1.13+ content (absent from 1.12.2 dump)
mcl_bamboo_door_bottom_alt.png,excluded,,,,modern 1.13+ content (absent from 1.12.2 dump)
mcl_bamboo_door_top.png,excluded,,,,modern 1.13+ content (absent from 1.12.2 dump)
mcl_bamboo_door_top_alt.png,excluded,,,,modern 1.13+ content (absent from 1.12.2 dump)
mcl_bamboo_door_wield.png,excluded,,,,modern 1.13+ content (absent from 1.12.2 dump)
mcl_bamboo_endcap.png,excluded,,,,modern 1.13+ content (absent from 1.12.2 dump)
mcl_bamboo_fence_bamboo.png,excluded,,,,modern 1.13+ content (absent from 1.12.2 dump)
mcl_bamboo_fence_gate_bamboo.png,excluded,,,,modern 1.13+ content (absent from 1.12.2 dump)
mcl_bamboo_leaf_big.png,excluded,,,,modern 1.13+ content (absent from 1.12.2 dump)
mcl_bamboo_leaf_small.png,excluded,,,,modern 1.13+ content (absent from 1.12.2 dump)
mcl_bamboo_scaffolding_side.png,excluded,,,,modern 1.13+ content (absent from 1.12.2 dump)
mcl_bamboo_scaffolding_top.png,excluded,,,,modern 1.13+ content (absent from 1.12.2 dump)
mcl_bamboo_trapdoor_side.png,excluded,,,,modern 1.13+ content (absent from 1.12.2 dump)
mcl_banners_banner_base.png,excluded,,,,no vanilla asset in dump (ambiguous banner base)
mcl_banners_base_inverted.png,excluded,,,,no vanilla asset in dump (partial 1.12.2 pool)
mcl_banners_fallback_wood.png,excluded,,,,no vanilla asset in dump (partial 1.12.2 pool)
mcl_banners_flow.png,excluded,,,,modern 1.13+ content (absent from 1.12.2 dump)
mcl_banners_globe.png,excluded,,,,no vanilla asset in dump (partial 1.12.2 pool)
mcl_banners_guster.png,excluded,,,,no vanilla asset in dump (partial 1.12.2 pool)
mcl_banners_item_base_48.png,excluded,,,,no vanilla asset in dump (partial 1.12.2 pool)
mcl_banners_item_overlay_48.png,excluded,,,,no vanilla asset in dump (partial 1.12.2 pool)
mcl_banners_pattern_bricks.png,excluded,,,,no vanilla asset in dump (partial 1.12.2 pool)
mcl_banners_pattern_creeper.png,excluded,,,,no vanilla asset in dump (partial 1.12.2 pool)
mcl_banners_pattern_curly_border.png,excluded,,,,no vanilla asset in dump (partial 1.12.2 pool)
mcl_banners_pattern_flow.png,excluded,,,,modern 1.13+ content (absent from 1.12.2 dump)
mcl_banners_pattern_flower.png,excluded,,,,no vanilla asset in dump (partial 1.12.2 pool)
mcl_banners_pattern_globe.png,excluded,,,,no vanilla asset in dump (partial 1.12.2 pool)
mcl_banners_pattern_guster.png,excluded,,,,no vanilla asset in dump (partial 1.12.2 pool)
mcl_banners_pattern_piglin.png,excluded,,,,modern 1.13+ content (absent from 1.12.2 dump)
mcl_banners_pattern_skull.png,excluded,,,,no vanilla asset in dump (partial 1.12.2 pool)
mcl_banners_pattern_thing.png,excluded,,,,no vanilla asset in dump (partial 1.12.2 pool)
mcl_banners_piglin.png,excluded,,,,modern 1.13+ content (absent from 1.12.2 dump)
mcl_banners_thing.png,excluded,,,,no vanilla asset in dump (partial 1.12.2 pool)
mcl_barrels_barrel_bottom.png,excluded,,,,no vanilla asset in dump (partial 1.12.2 pool)
mcl_barrels_barrel_side.png,excluded,,,,no vanilla asset in dump (partial 1.12.2 pool)
mcl_barrels_barrel_top.png,excluded,,,,no vanilla asset in dump (partial 1.12.2 pool)
mcl_barrels_barrel_top_open.png,excluded,,,,no vanilla asset in dump (partial 1.12.2 pool)
mcl_base_textures_background.png,excluded,,,,GUI/formspec (not content)
mcl_base_textures_background9.png,excluded,,,,GUI/formspec (not content)
mcl_base_textures_button9.png,excluded,,,,GUI/formspec (not content)
mcl_base_textures_button9_pressed.png,excluded,,,,GUI/formspec (not content)
mcl_beds_bed_black.png,excluded,,,,no vanilla asset in dump (partial 1.12.2 pool)
mcl_beds_bed_black_inv.png,excluded,,,,no vanilla asset in dump (partial 1.12.2 pool)
mcl_beds_bed_blue.png,excluded,,,,no vanilla asset in dump (partial 1.12.2 pool)
mcl_beds_bed_blue_inv.png,excluded,,,,no vanilla asset in dump (partial 1.12.2 pool)
mcl_beds_bed_brown.png,excluded,,,,no vanilla asset in dump (partial 1.12.2 pool)
mcl_beds_bed_brown_inv.png,excluded,,,,no vanilla asset in dump (partial 1.12.2 pool)
mcl_beds_bed_cyan.png,excluded,,,,no vanilla asset in dump (partial 1.12.2 pool)
mcl_beds_bed_cyan_inv.png,excluded,,,,no vanilla asset in dump (partial 1.12.2 pool)
mcl_beds_bed_green.png,excluded,,,,no vanilla asset in dump (partial 1.12.2 pool)
mcl_beds_bed_green_inv.png,excluded,,,,no vanilla asset in dump (partial 1.12.2 pool)
mcl_beds_bed_grey.png,excluded,,,,no vanilla asset in dump (partial 1.12.2 pool)
mcl_beds_bed_grey_inv.png,excluded,,,,no vanilla asset in dump (partial 1.12.2 pool)
mcl_beds_bed_light_blue.png,excluded,,,,no vanilla asset in dump (partial 1.12.2 pool)
mcl_beds_bed_light_blue_inv.png,excluded,,,,no vanilla asset in dump (partial 1.12.2 pool)
mcl_beds_bed_lime.png,excluded,,,,no vanilla asset in dump (partial 1.12.2 pool)
mcl_beds_bed_lime_inv.png,excluded,,,,no vanilla asset in dump (partial 1.12.2 pool)
mcl_beds_bed_magenta.png,excluded,,,,no vanilla asset in dump (partial 1.12.2 pool)
mcl_beds_bed_magenta_inv.png,excluded,,,,no vanilla asset in dump (partial 1.12.2 pool)
mcl_beds_bed_orange.png,excluded,,,,no vanilla asset in dump (partial 1.12.2 pool)
mcl_beds_bed_orange_inv.png,excluded,,,,no vanilla asset in dump (partial 1.12.2 pool)
mcl_beds_bed_pink.png,excluded,,,,no vanilla asset in dump (partial 1.12.2 pool)
mcl_beds_bed_pink_inv.png,excluded,,,,no vanilla asset in dump (partial 1.12.2 pool)
mcl_beds_bed_purple.png,excluded,,,,no vanilla asset in dump (partial 1.12.2 pool)
mcl_beds_bed_purple_inv.png,excluded,,,,no vanilla asset in dump (partial 1.12.2 pool)
mcl_beds_bed_red.png,excluded,,,,no vanilla asset in dump (partial 1.12.2 pool)
mcl_beds_bed_red_inv.png,excluded,,,,no vanilla asset in dump (partial 1.12.2 pool)
mcl_beds_bed_silver.png,excluded,,,,no vanilla asset in dump (partial 1.12.2 pool)
mcl_beds_bed_silver_inv.png,excluded,,,,no vanilla asset in dump (partial 1.12.2 pool)
mcl_beds_bed_white.png,excluded,,,,no vanilla asset in dump (partial 1.12.2 pool)
mcl_beds_bed_white_inv.png,excluded,,,,no vanilla asset in dump (partial 1.12.2 pool)
mcl_beds_bed_yellow.png,excluded,,,,no vanilla asset in dump (partial 1.12.2 pool)
mcl_beds_bed_yellow_inv.png,excluded,,,,no vanilla asset in dump (partial 1.12.2 pool)
mcl_beehives_bee_nest_bottom.png,excluded,,,,modern 1.13+ content (absent from 1.12.2 dump)
mcl_beehives_bee_nest_front.png,excluded,,,,modern 1.13+ content (absent from 1.12.2 dump)
mcl_beehives_bee_nest_front_honey.png,excluded,,,,modern 1.13+ content (absent from 1.12.2 dump)
mcl_beehives_bee_nest_side.png,excluded,,,,modern 1.13+ content (absent from 1.12.2 dump)
mcl_beehives_bee_nest_top.png,excluded,,,,modern 1.13+ content (absent from 1.12.2 dump)
mcl_beehives_beehive_end.png,excluded,,,,modern 1.13+ content (absent from 1.12.2 dump)
mcl_beehives_beehive_front.png,excluded,,,,modern 1.13+ content (absent from 1.12.2 dump)
mcl_beehives_beehive_front_honey.png,excluded,,,,modern 1.13+ content (absent from 1.12.2 dump)
mcl_beehives_beehive_side.png,excluded,,,,modern 1.13+ content (absent from 1.12.2 dump)
mcl_bells_bell.png,excluded,,,,no vanilla asset in dump (partial 1.12.2 pool)
mcl_bells_bell_ceiling.png,excluded,,,,no vanilla asset in dump (partial 1.12.2 pool)
mcl_bells_bell_floor_front.png,excluded,,,,no vanilla asset in dump (partial 1.12.2 pool)
mcl_bells_bell_floor_side.png,excluded,,,,no vanilla asset in dump (partial 1.12.2 pool)
mcl_bells_bell_floor_top.png,excluded,,,,no vanilla asset in dump (partial 1.12.2 pool)
mcl_bells_bell_uv_bell.png,excluded,,,,no vanilla asset in dump (partial 1.12.2 pool)
mcl_bells_bell_wall.png,excluded,,,,no vanilla asset in dump (partial 1.12.2 pool)
mcl_biome_dispatch_transition_bkg.png,excluded,,,,no vanilla asset in dump (partial 1.12.2 pool)
mcl_blackstone_basalt_side.png,excluded,,,,modern 1.13+ content (absent from 1.12.2 dump)
mcl_blackstone_basalt_side_polished.png,excluded,,,,modern 1.13+ content (absent from 1.12.2 dump)
mcl_blackstone_basalt_smooth.png,excluded,,,,modern 1.13+ content (absent from 1.12.2 dump)
mcl_blackstone_basalt_top.png,excluded,,,,modern 1.13+ content (absent from 1.12.2 dump)
mcl_blackstone_basalt_top_polished.png,excluded,,,,modern 1.13+ content (absent from 1.12.2 dump)
mcl_blackstone_chiseled_polished.png,excluded,,,,modern 1.13+ content (absent from 1.12.2 dump)
mcl_blackstone_gilded.png,excluded,,,,modern 1.13+ content (absent from 1.12.2 dump)
mcl_blackstone_gilded_side.png,excluded,,,,modern 1.13+ content (absent from 1.12.2 dump)
mcl_blackstone_polished.png,excluded,,,,modern 1.13+ content (absent from 1.12.2 dump)
mcl_blackstone_polished_bricks.png,excluded,,,,modern 1.13+ content (absent from 1.12.2 dump)
mcl_blackstone_polished_bricks_cracked.png,excluded,,,,modern 1.13+ content (absent from 1.12.2 dump)
mcl_blackstone_side.png,excluded,,,,modern 1.13+ content (absent from 1.12.2 dump)
mcl_blackstone_soul_soil.png,excluded,,,,modern 1.13+ content (absent from 1.12.2 dump)
mcl_blackstone_top.png,excluded,,,,modern 1.13+ content (absent from 1.12.2 dump)
mcl_boats_acacia_boat.png,excluded,,,,no vanilla asset in dump (partial 1.12.2 pool)
mcl_boats_acacia_chest_boat.png,excluded,,,,no vanilla asset in dump (partial 1.12.2 pool)
mcl_boats_bamboo_boat.png,excluded,,,,modern 1.13+ content (absent from 1.12.2 dump)
mcl_boats_bamboo_chest_boat.png,excluded,,,,modern 1.13+ content (absent from 1.12.2 dump)
mcl_boats_birch_boat.png,excluded,,,,no vanilla asset in dump (partial 1.12.2 pool)
mcl_boats_birch_chest_boat.png,excluded,,,,no vanilla asset in dump (partial 1.12.2 pool)
mcl_boats_cherry_blossom_boat.png,excluded,,,,modern 1.13+ content (absent from 1.12.2 dump)
mcl_boats_cherry_blossom_chest_boat.png,excluded,,,,modern 1.13+ content (absent from 1.12.2 dump)
mcl_boats_dark_oak_boat.png,excluded,,,,no vanilla asset in dump (partial 1.12.2 pool)
mcl_boats_dark_oak_chest_boat.png,excluded,,,,no vanilla asset in dump (partial 1.12.2 pool)
mcl_boats_jungle_boat.png,excluded,,,,no vanilla asset in dump (partial 1.12.2 pool)
mcl_boats_jungle_chest_boat.png,excluded,,,,no vanilla asset in dump (partial 1.12.2 pool)
mcl_boats_mangrove_boat.png,excluded,,,,modern 1.13+ content (absent from 1.12.2 dump)
mcl_boats_mangrove_chest_boat.png,excluded,,,,modern 1.13+ content (absent from 1.12.2 dump)
mcl_boats_oak_boat.png,excluded,,,,no vanilla asset in dump (partial 1.12.2 pool)
mcl_boats_oak_chest_boat.png,excluded,,,,no vanilla asset in dump (partial 1.12.2 pool)
mcl_boats_obsidian_boat.png,excluded,,,,no vanilla asset in dump (partial 1.12.2 pool)
mcl_boats_pale_oak_boat.png,excluded,,,,modern 1.13+ content (absent from 1.12.2 dump)
mcl_boats_pale_oak_chest_boat.png,excluded,,,,modern 1.13+ content (absent from 1.12.2 dump)
mcl_boats_spruce_boat.png,excluded,,,,no vanilla asset in dump (partial 1.12.2 pool)
mcl_boats_spruce_chest_boat.png,excluded,,,,no vanilla asset in dump (partial 1.12.2 pool)
mcl_boats_texture_acacia_boat.png,excluded,,,,no vanilla asset in dump (partial 1.12.2 pool)
mcl_boats_texture_bamboo_boat.png,excluded,,,,modern 1.13+ content (absent from 1.12.2 dump)
mcl_boats_texture_birch_boat.png,excluded,,,,no vanilla asset in dump (partial 1.12.2 pool)
mcl_boats_texture_cherry_blossom_boat.png,excluded,,,,modern 1.13+ content (absent from 1.12.2 dump)
mcl_boats_texture_dark_oak_boat.png,excluded,,,,no vanilla asset in dump (partial 1.12.2 pool)
mcl_boats_texture_jungle_boat.png,excluded,,,,no vanilla asset in dump (partial 1.12.2 pool)
mcl_boats_texture_mangrove_boat.png,excluded,,,,modern 1.13+ content (absent from 1.12.2 dump)
mcl_boats_texture_oak_boat.png,excluded,,,,no vanilla asset in dump (partial 1.12.2 pool)
mcl_boats_texture_obsidian_boat.png,excluded,,,,no vanilla asset in dump (partial 1.12.2 pool)
mcl_boats_texture_pale_oak_boat.png,excluded,,,,modern 1.13+ content (absent from 1.12.2 dump)
mcl_boats_texture_spruce_boat.png,excluded,,,,no vanilla asset in dump (partial 1.12.2 pool)
mcl_bone_meal_bone_meal.png,excluded,,,,no vanilla asset in dump (partial 1.12.2 pool)
mcl_book_book_empty_slot.png,excluded,,,,GUI/formspec (not content)
mcl_books_book_0.png,excluded,,,,no vanilla asset in dump (partial 1.12.2 pool)
mcl_books_book_1.png,excluded,,,,no vanilla asset in dump (partial 1.12.2 pool)
mcl_books_book_2.png,excluded,,,,no vanilla asset in dump (partial 1.12.2 pool)
mcl_books_book_3.png,excluded,,,,no vanilla asset in dump (partial 1.12.2 pool)
mcl_books_book_4.png,excluded,,,,no vanilla asset in dump (partial 1.12.2 pool)
mcl_books_book_5.png,excluded,,,,no vanilla asset in dump (partial 1.12.2 pool)
mcl_books_book_bg.png,excluded,,,,GUI/formspec (not content)
mcl_books_bookshelf_top.png,excluded,,,,no vanilla asset in dump (partial 1.12.2 pool)
mcl_books_button9.png,excluded,,,,no vanilla asset in dump (partial 1.12.2 pool)
mcl_books_button9_pressed.png,excluded,,,,no vanilla asset in dump (partial 1.12.2 pool)
mcl_books_chiseled_bookshelf_empty.png,excluded,,,,no vanilla asset in dump (partial 1.12.2 pool)
mcl_books_chiseled_bookshelf_full.png,excluded,,,,no vanilla asset in dump (partial 1.12.2 pool)
mcl_books_chiseled_bookshelf_side.png,excluded,,,,no vanilla asset in dump (partial 1.12.2 pool)
mcl_books_chiseled_bookshelf_top.png,excluded,,,,no vanilla asset in dump (partial 1.12.2 pool)
mcl_bossbars.png,excluded,,,,no vanilla asset in dump (partial 1.12.2 pool)
mcl_bossbars_empty.png,excluded,,,,no vanilla asset in dump (partial 1.12.2 pool)
mcl_bows_arrow_back.png,excluded,,,,GUI/formspec (not content)
mcl_bows_arrow_front.png,excluded,,,,GUI/formspec (not content)
mcl_bows_arrow_inv.png,excluded,,,,GUI/formspec (not content)
mcl_bows_arrow_overlay.png,excluded,,,,GUI/formspec (not content)
mcl_bows_bow.png,excluded,,,,no vanilla asset in dump (partial 1.12.2 pool)
mcl_bows_bow_0.png,excluded,,,,no vanilla asset in dump (partial 1.12.2 pool)
mcl_bows_bow_1.png,excluded,,,,no vanilla asset in dump (partial 1.12.2 pool)
mcl_bows_bow_2.png,excluded,,,,no vanilla asset in dump (partial 1.12.2 pool)
mcl_bows_crossbow.png,excluded,,,,no vanilla asset in dump (partial 1.12.2 pool)
mcl_bows_crossbow_0.png,excluded,,,,no vanilla asset in dump (partial 1.12.2 pool)
mcl_bows_crossbow_1.png,excluded,,,,no vanilla asset in dump (partial 1.12.2 pool)
mcl_bows_crossbow_2.png,excluded,,,,no vanilla asset in dump (partial 1.12.2 pool)
mcl_bows_crossbow_3.png,excluded,,,,no vanilla asset in dump (partial 1.12.2 pool)
mcl_bows_firework_blue.png,excluded,,,,no vanilla asset in dump (partial 1.12.2 pool)
mcl_bows_firework_green.png,excluded,,,,no vanilla asset in dump (partial 1.12.2 pool)
mcl_bows_firework_red.png,excluded,,,,no vanilla asset in dump (partial 1.12.2 pool)
mcl_bows_firework_white.png,excluded,,,,no vanilla asset in dump (partial 1.12.2 pool)
mcl_bows_firework_yellow.png,excluded,,,,no vanilla asset in dump (partial 1.12.2 pool)
mcl_bows_rocket.png,excluded,,,,no vanilla asset in dump (partial 1.12.2 pool)
mcl_bows_rocket_particle.png,excluded,,,,particles/effects (not content)
mcl_brewing_bottle_bg.png,excluded,,,,GUI/formspec (not content)
mcl_brewing_bubble_sprite.png,excluded,,,,particles/effects (not content)
mcl_brewing_bubbles.png,excluded,,,,no vanilla asset in dump (partial 1.12.2 pool)
mcl_brewing_bubbles_active.png,excluded,,,,no vanilla asset in dump (partial 1.12.2 pool)
mcl_brewing_burner.png,excluded,,,,no vanilla asset in dump (partial 1.12.2 pool)
mcl_brewing_burner_active.png,excluded,,,,no vanilla asset in dump (partial 1.12.2 pool)
mcl_brewing_fuel_bg.png,excluded,,,,GUI/formspec (not content)
mcl_brewing_inventory.png,excluded,,,,GUI/formspec (brewing container
mcl_brewing_rack.png,excluded,,,,no vanilla asset in dump (partial 1.12.2 pool)
mcl_brewing_rack_bottle.png,excluded,,,,no vanilla asset in dump (partial 1.12.2 pool)
mcl_brewing_stand_inv.png,excluded,,,,no vanilla asset in dump (partial 1.12.2 pool)
mcl_burning_entity_flame_animated.png,excluded,,,,particles/effects (not content)
mcl_burning_hud_flame_animated.png,excluded,,,,GUI/formspec (not content)
mcl_campfires_campfire_fire.png,excluded,,,,no vanilla asset in dump (partial 1.12.2 pool)
mcl_campfires_campfire_inv.png,excluded,,,,no vanilla asset in dump (partial 1.12.2 pool)
mcl_campfires_campfire_log_lit.png,excluded,,,,no vanilla asset in dump (partial 1.12.2 pool)
mcl_campfires_log.png,excluded,,,,no vanilla asset in dump (partial 1.12.2 pool)
mcl_campfires_particle_1.png,excluded,,,,particles/effects (not content)
mcl_campfires_particle_10.png,excluded,,,,particles/effects (not content)
mcl_campfires_particle_11.png,excluded,,,,particles/effects (not content)
mcl_campfires_particle_12.png,excluded,,,,particles/effects (not content)
mcl_campfires_particle_2.png,excluded,,,,particles/effects (not content)
mcl_campfires_particle_3.png,excluded,,,,particles/effects (not content)
mcl_campfires_particle_4.png,excluded,,,,particles/effects (not content)
mcl_campfires_particle_5.png,excluded,,,,particles/effects (not content)
mcl_campfires_particle_6.png,excluded,,,,particles/effects (not content)
mcl_campfires_particle_7.png,excluded,,,,particles/effects (not content)
mcl_campfires_particle_8.png,excluded,,,,particles/effects (not content)
mcl_campfires_particle_9.png,excluded,,,,particles/effects (not content)
mcl_campfires_soul_campfire_fire.png,excluded,,,,modern 1.13+ content (absent from 1.12.2 dump)
mcl_campfires_soul_campfire_inv.png,excluded,,,,modern 1.13+ content (absent from 1.12.2 dump)
mcl_campfires_soul_campfire_log_lit.png,excluded,,,,modern 1.13+ content (absent from 1.12.2 dump)
mcl_candles_candle.png,excluded,,,,modern 1.13+ content (absent from 1.12.2 dump)
mcl_candles_flames.png,excluded,,,,particles/effects (not content)
mcl_candles_item.png,excluded,,,,no vanilla asset in dump (partial 1.12.2 pool)
mcl_candles_item_black.png,excluded,,,,no vanilla asset in dump (partial 1.12.2 pool)
mcl_candles_item_blue.png,excluded,,,,no vanilla asset in dump (partial 1.12.2 pool)
mcl_candles_item_brown.png,excluded,,,,no vanilla asset in dump (partial 1.12.2 pool)
mcl_candles_item_cyan.png,excluded,,,,no vanilla asset in dump (partial 1.12.2 pool)
mcl_candles_item_green.png,excluded,,,,no vanilla asset in dump (partial 1.12.2 pool)
mcl_candles_item_grey.png,excluded,,,,no vanilla asset in dump (partial 1.12.2 pool)
mcl_candles_item_light_blue.png,excluded,,,,no vanilla asset in dump (partial 1.12.2 pool)
mcl_candles_item_lime.png,excluded,,,,no vanilla asset in dump (partial 1.12.2 pool)
mcl_candles_item_magenta.png,excluded,,,,no vanilla asset in dump (partial 1.12.2 pool)
mcl_candles_item_orange.png,excluded,,,,no vanilla asset in dump (partial 1.12.2 pool)
mcl_candles_item_pink.png,excluded,,,,no vanilla asset in dump (partial 1.12.2 pool)
mcl_candles_item_purple.png,excluded,,,,no vanilla asset in dump (partial 1.12.2 pool)
mcl_candles_item_red.png,excluded,,,,no vanilla asset in dump (partial 1.12.2 pool)
mcl_candles_item_silver.png,excluded,,,,no vanilla asset in dump (partial 1.12.2 pool)
mcl_candles_item_white.png,excluded,,,,no vanilla asset in dump (partial 1.12.2 pool)
mcl_candles_item_yellow.png,excluded,,,,no vanilla asset in dump (partial 1.12.2 pool)
mcl_candles_palette.png,excluded,,,,no vanilla asset in dump (partial 1.12.2 pool)
mcl_charges_wind_burst_1.png,excluded,,,,no vanilla asset in dump (partial 1.12.2 pool)
mcl_charges_wind_burst_2.png,excluded,,,,no vanilla asset in dump (partial 1.12.2 pool)
mcl_charges_wind_charge.png,excluded,,,,no vanilla asset in dump (partial 1.12.2 pool)
mcl_charges_wind_charge_entity.png,excluded,,,,no vanilla asset in dump (partial 1.12.2 pool)
mcl_cherry_blossom_door_bottom.png,excluded,,,,modern 1.13+ content (absent from 1.12.2 dump)
mcl_cherry_blossom_door_bottom_bottompart.png,excluded,,,,modern 1.13+ content (absent from 1.12.2 dump)
mcl_cherry_blossom_door_bottom_side.png,excluded,,,,modern 1.13+ content (absent from 1.12.2 dump)
mcl_cherry_blossom_door_inv.png,excluded,,,,modern 1.13+ content (absent from 1.12.2 dump)
mcl_cherry_blossom_door_top.png,excluded,,,,modern 1.13+ content (absent from 1.12.2 dump)
mcl_cherry_blossom_door_top_side.png,excluded,,,,modern 1.13+ content (absent from 1.12.2 dump)
mcl_cherry_blossom_door_top_toppart.png,excluded,,,,modern 1.13+ content (absent from 1.12.2 dump)
mcl_cherry_blossom_leaves.png,excluded,,,,modern 1.13+ content (absent from 1.12.2 dump)
mcl_cherry_blossom_log.png,excluded,,,,modern 1.13+ content (absent from 1.12.2 dump)
mcl_cherry_blossom_log_stripped.png,excluded,,,,modern 1.13+ content (absent from 1.12.2 dump)
mcl_cherry_blossom_log_top.png,excluded,,,,modern 1.13+ content (absent from 1.12.2 dump)
mcl_cherry_blossom_log_top_stripped.png,excluded,,,,modern 1.13+ content (absent from 1.12.2 dump)
mcl_cherry_blossom_particle.png,excluded,,,,modern 1.13+ content (absent from 1.12.2 dump)
mcl_cherry_blossom_particle_1.png,excluded,,,,modern 1.13+ content (absent from 1.12.2 dump)
mcl_cherry_blossom_particle_2.png,excluded,,,,modern 1.13+ content (absent from 1.12.2 dump)
mcl_cherry_blossom_particle_3.png,excluded,,,,modern 1.13+ content (absent from 1.12.2 dump)
mcl_cherry_blossom_pink_petals.png,excluded,,,,modern 1.13+ content (absent from 1.12.2 dump)
mcl_cherry_blossom_pink_petals_inv.png,excluded,,,,modern 1.13+ content (absent from 1.12.2 dump)
mcl_cherry_blossom_planks.png,excluded,,,,modern 1.13+ content (absent from 1.12.2 dump)
mcl_cherry_blossom_sapling.png,excluded,,,,modern 1.13+ content (absent from 1.12.2 dump)
mcl_cherry_blossom_trapdoor.png,excluded,,,,modern 1.13+ content (absent from 1.12.2 dump)
mcl_cherry_blossom_trapdoor_side.png,excluded,,,,modern 1.13+ content (absent from 1.12.2 dump)
mcl_chests_ender_present.png,excluded,,,,no vanilla asset in dump (partial 1.12.2 pool)
mcl_chests_noise.png,excluded,,,,no vanilla asset in dump (partial 1.12.2 pool)
mcl_chests_noise_double.png,excluded,,,,no vanilla asset in dump (partial 1.12.2 pool)
mcl_chests_normal.png,excluded,,,,no vanilla asset in dump (partial 1.12.2 pool)
mcl_chests_normal_double.png,excluded,,,,no vanilla asset in dump (partial 1.12.2 pool)
mcl_chests_normal_double_present.png,excluded,,,,no vanilla asset in dump (partial 1.12.2 pool)
mcl_chests_normal_present.png,excluded,,,,no vanilla asset in dump (partial 1.12.2 pool)
mcl_chests_trapped.png,excluded,,,,no vanilla asset in dump (partial 1.12.2 pool)
mcl_chests_trapped_double.png,excluded,,,,no vanilla asset in dump (partial 1.12.2 pool)
mcl_chests_trapped_double_present.png,excluded,,,,no vanilla asset in dump (partial 1.12.2 pool)
mcl_chests_trapped_present.png,excluded,,,,no vanilla asset in dump (partial 1.12.2 pool)
mcl_clock_clock_00.png,excluded,,,,no vanilla asset in dump (partial 1.12.2 pool)
mcl_clock_clock_01.png,excluded,,,,no vanilla asset in dump (partial 1.12.2 pool)
mcl_clock_clock_02.png,excluded,,,,no vanilla asset in dump (partial 1.12.2 pool)
mcl_clock_clock_03.png,excluded,,,,no vanilla asset in dump (partial 1.12.2 pool)
mcl_clock_clock_04.png,excluded,,,,no vanilla asset in dump (partial 1.12.2 pool)
mcl_clock_clock_05.png,excluded,,,,no vanilla asset in dump (partial 1.12.2 pool)
mcl_clock_clock_06.png,excluded,,,,no vanilla asset in dump (partial 1.12.2 pool)
mcl_clock_clock_07.png,excluded,,,,no vanilla asset in dump (partial 1.12.2 pool)
mcl_clock_clock_08.png,excluded,,,,no vanilla asset in dump (partial 1.12.2 pool)
mcl_clock_clock_09.png,excluded,,,,no vanilla asset in dump (partial 1.12.2 pool)
mcl_clock_clock_10.png,excluded,,,,no vanilla asset in dump (partial 1.12.2 pool)
mcl_clock_clock_11.png,excluded,,,,no vanilla asset in dump (partial 1.12.2 pool)
mcl_clock_clock_12.png,excluded,,,,no vanilla asset in dump (partial 1.12.2 pool)
mcl_clock_clock_13.png,excluded,,,,no vanilla asset in dump (partial 1.12.2 pool)
mcl_clock_clock_14.png,excluded,,,,no vanilla asset in dump (partial 1.12.2 pool)
mcl_clock_clock_15.png,excluded,,,,no vanilla asset in dump (partial 1.12.2 pool)
mcl_clock_clock_16.png,excluded,,,,no vanilla asset in dump (partial 1.12.2 pool)
mcl_clock_clock_17.png,excluded,,,,no vanilla asset in dump (partial 1.12.2 pool)
mcl_clock_clock_18.png,excluded,,,,no vanilla asset in dump (partial 1.12.2 pool)
mcl_clock_clock_19.png,excluded,,,,no vanilla asset in dump (partial 1.12.2 pool)
mcl_clock_clock_20.png,excluded,,,,no vanilla asset in dump (partial 1.12.2 pool)
mcl_clock_clock_21.png,excluded,,,,no vanilla asset in dump (partial 1.12.2 pool)
mcl_clock_clock_22.png,excluded,,,,no vanilla asset in dump (partial 1.12.2 pool)
mcl_clock_clock_23.png,excluded,,,,no vanilla asset in dump (partial 1.12.2 pool)
mcl_clock_clock_24.png,excluded,,,,no vanilla asset in dump (partial 1.12.2 pool)
mcl_clock_clock_25.png,excluded,,,,no vanilla asset in dump (partial 1.12.2 pool)
mcl_clock_clock_26.png,excluded,,,,no vanilla asset in dump (partial 1.12.2 pool)
mcl_clock_clock_27.png,excluded,,,,no vanilla asset in dump (partial 1.12.2 pool)
mcl_clock_clock_28.png,excluded,,,,no vanilla asset in dump (partial 1.12.2 pool)
mcl_clock_clock_29.png,excluded,,,,no vanilla asset in dump (partial 1.12.2 pool)
mcl_clock_clock_30.png,excluded,,,,no vanilla asset in dump (partial 1.12.2 pool)
mcl_clock_clock_31.png,excluded,,,,no vanilla asset in dump (partial 1.12.2 pool)
mcl_clock_clock_32.png,excluded,,,,no vanilla asset in dump (partial 1.12.2 pool)
mcl_clock_clock_33.png,excluded,,,,no vanilla asset in dump (partial 1.12.2 pool)
mcl_clock_clock_34.png,excluded,,,,no vanilla asset in dump (partial 1.12.2 pool)
mcl_clock_clock_35.png,excluded,,,,no vanilla asset in dump (partial 1.12.2 pool)
mcl_clock_clock_36.png,excluded,,,,no vanilla asset in dump (partial 1.12.2 pool)
mcl_clock_clock_37.png,excluded,,,,no vanilla asset in dump (partial 1.12.2 pool)
mcl_clock_clock_38.png,excluded,,,,no vanilla asset in dump (partial 1.12.2 pool)
mcl_clock_clock_39.png,excluded,,,,no vanilla asset in dump (partial 1.12.2 pool)
mcl_clock_clock_40.png,excluded,,,,no vanilla asset in dump (partial 1.12.2 pool)
mcl_clock_clock_41.png,excluded,,,,no vanilla asset in dump (partial 1.12.2 pool)
mcl_clock_clock_42.png,excluded,,,,no vanilla asset in dump (partial 1.12.2 pool)
mcl_clock_clock_43.png,excluded,,,,no vanilla asset in dump (partial 1.12.2 pool)
mcl_clock_clock_44.png,excluded,,,,no vanilla asset in dump (partial 1.12.2 pool)
mcl_clock_clock_45.png,excluded,,,,no vanilla asset in dump (partial 1.12.2 pool)
mcl_clock_clock_46.png,excluded,,,,no vanilla asset in dump (partial 1.12.2 pool)
mcl_clock_clock_47.png,excluded,,,,no vanilla asset in dump (partial 1.12.2 pool)
mcl_clock_clock_48.png,excluded,,,,no vanilla asset in dump (partial 1.12.2 pool)
mcl_clock_clock_49.png,excluded,,,,no vanilla asset in dump (partial 1.12.2 pool)
mcl_clock_clock_50.png,excluded,,,,no vanilla asset in dump (partial 1.12.2 pool)
mcl_clock_clock_51.png,excluded,,,,no vanilla asset in dump (partial 1.12.2 pool)
mcl_clock_clock_52.png,excluded,,,,no vanilla asset in dump (partial 1.12.2 pool)
mcl_clock_clock_53.png,excluded,,,,no vanilla asset in dump (partial 1.12.2 pool)
mcl_clock_clock_54.png,excluded,,,,no vanilla asset in dump (partial 1.12.2 pool)
mcl_clock_clock_55.png,excluded,,,,no vanilla asset in dump (partial 1.12.2 pool)
mcl_clock_clock_56.png,excluded,,,,no vanilla asset in dump (partial 1.12.2 pool)
mcl_clock_clock_57.png,excluded,,,,no vanilla asset in dump (partial 1.12.2 pool)
mcl_clock_clock_58.png,excluded,,,,no vanilla asset in dump (partial 1.12.2 pool)
mcl_clock_clock_59.png,excluded,,,,no vanilla asset in dump (partial 1.12.2 pool)
mcl_clock_clock_60.png,excluded,,,,no vanilla asset in dump (partial 1.12.2 pool)
mcl_clock_clock_61.png,excluded,,,,no vanilla asset in dump (partial 1.12.2 pool)
mcl_clock_clock_62.png,excluded,,,,no vanilla asset in dump (partial 1.12.2 pool)
mcl_clock_clock_63.png,excluded,,,,no vanilla asset in dump (partial 1.12.2 pool)
mcl_cocoas_cocoa_beans.png,excluded,,,,no vanilla asset in dump (partial 1.12.2 pool)
mcl_colorblocks_concrete_black.png,excluded,,,,no vanilla asset in dump (partial 1.12.2 pool)
mcl_colorblocks_concrete_blue.png,excluded,,,,no vanilla asset in dump (partial 1.12.2 pool)
mcl_colorblocks_concrete_brown.png,excluded,,,,no vanilla asset in dump (partial 1.12.2 pool)
mcl_colorblocks_concrete_cyan.png,excluded,,,,no vanilla asset in dump (partial 1.12.2 pool)
mcl_colorblocks_concrete_green.png,excluded,,,,no vanilla asset in dump (partial 1.12.2 pool)
mcl_colorblocks_concrete_grey.png,excluded,,,,no vanilla asset in dump (partial 1.12.2 pool)
mcl_colorblocks_concrete_light_blue.png,excluded,,,,no vanilla asset in dump (partial 1.12.2 pool)
mcl_colorblocks_concrete_lime.png,excluded,,,,no vanilla asset in dump (partial 1.12.2 pool)
mcl_colorblocks_concrete_magenta.png,excluded,,,,no vanilla asset in dump (partial 1.12.2 pool)
mcl_colorblocks_concrete_orange.png,excluded,,,,no vanilla asset in dump (partial 1.12.2 pool)
mcl_colorblocks_concrete_pink.png,excluded,,,,no vanilla asset in dump (partial 1.12.2 pool)
mcl_colorblocks_concrete_powder_black.png,excluded,,,,modern 1.13+ content (absent from 1.12.2 dump)
mcl_colorblocks_concrete_powder_blue.png,excluded,,,,modern 1.13+ content (absent from 1.12.2 dump)
mcl_colorblocks_concrete_powder_brown.png,excluded,,,,modern 1.13+ content (absent from 1.12.2 dump)
mcl_colorblocks_concrete_powder_cyan.png,excluded,,,,modern 1.13+ content (absent from 1.12.2 dump)
mcl_colorblocks_concrete_powder_green.png,excluded,,,,modern 1.13+ content (absent from 1.12.2 dump)
mcl_colorblocks_concrete_powder_grey.png,excluded,,,,modern 1.13+ content (absent from 1.12.2 dump)
mcl_colorblocks_concrete_powder_light_blue.png,excluded,,,,modern 1.13+ content (absent from 1.12.2 dump)
mcl_colorblocks_concrete_powder_lime.png,excluded,,,,modern 1.13+ content (absent from 1.12.2 dump)
mcl_colorblocks_concrete_powder_magenta.png,excluded,,,,modern 1.13+ content (absent from 1.12.2 dump)
mcl_colorblocks_concrete_powder_orange.png,excluded,,,,modern 1.13+ content (absent from 1.12.2 dump)
mcl_colorblocks_concrete_powder_pink.png,excluded,,,,modern 1.13+ content (absent from 1.12.2 dump)
mcl_colorblocks_concrete_powder_purple.png,excluded,,,,modern 1.13+ content (absent from 1.12.2 dump)
mcl_colorblocks_concrete_powder_red.png,excluded,,,,modern 1.13+ content (absent from 1.12.2 dump)
mcl_colorblocks_concrete_powder_silver.png,excluded,,,,modern 1.13+ content (absent from 1.12.2 dump)
mcl_colorblocks_concrete_powder_white.png,excluded,,,,modern 1.13+ content (absent from 1.12.2 dump)
mcl_colorblocks_concrete_powder_yellow.png,excluded,,,,modern 1.13+ content (absent from 1.12.2 dump)
mcl_colorblocks_concrete_purple.png,excluded,,,,no vanilla asset in dump (partial 1.12.2 pool)
mcl_colorblocks_concrete_red.png,excluded,,,,no vanilla asset in dump (partial 1.12.2 pool)
mcl_colorblocks_concrete_silver.png,excluded,,,,no vanilla asset in dump (partial 1.12.2 pool)
mcl_colorblocks_concrete_white.png,excluded,,,,no vanilla asset in dump (partial 1.12.2 pool)
mcl_colorblocks_concrete_yellow.png,excluded,,,,no vanilla asset in dump (partial 1.12.2 pool)
mcl_colorblocks_glazed_terracotta_black.png,excluded,,,,no vanilla asset in dump (partial 1.12.2 pool)
mcl_colorblocks_glazed_terracotta_blue.png,excluded,,,,no vanilla asset in dump (partial 1.12.2 pool)
mcl_colorblocks_glazed_terracotta_brown.png,excluded,,,,no vanilla asset in dump (partial 1.12.2 pool)
mcl_colorblocks_glazed_terracotta_cyan.png,excluded,,,,no vanilla asset in dump (partial 1.12.2 pool)
mcl_colorblocks_glazed_terracotta_green.png,excluded,,,,no vanilla asset in dump (partial 1.12.2 pool)
mcl_colorblocks_glazed_terracotta_grey.png,excluded,,,,no vanilla asset in dump (partial 1.12.2 pool)
mcl_colorblocks_glazed_terracotta_light_blue.png,excluded,,,,no vanilla asset in dump (partial 1.12.2 pool)
mcl_colorblocks_glazed_terracotta_lime.png,excluded,,,,no vanilla asset in dump (partial 1.12.2 pool)
mcl_colorblocks_glazed_terracotta_magenta.png,excluded,,,,no vanilla asset in dump (partial 1.12.2 pool)
mcl_colorblocks_glazed_terracotta_orange.png,excluded,,,,no vanilla asset in dump (partial 1.12.2 pool)
mcl_colorblocks_glazed_terracotta_pink.png,excluded,,,,no vanilla asset in dump (partial 1.12.2 pool)
mcl_colorblocks_glazed_terracotta_purple.png,excluded,,,,no vanilla asset in dump (partial 1.12.2 pool)
mcl_colorblocks_glazed_terracotta_red.png,excluded,,,,no vanilla asset in dump (partial 1.12.2 pool)
mcl_colorblocks_glazed_terracotta_silver.png,excluded,,,,no vanilla asset in dump (partial 1.12.2 pool)
mcl_colorblocks_glazed_terracotta_white.png,excluded,,,,no vanilla asset in dump (partial 1.12.2 pool)
mcl_colorblocks_glazed_terracotta_yellow.png,excluded,,,,no vanilla asset in dump (partial 1.12.2 pool)
mcl_comparators_comp.png,excluded,,,,no vanilla asset in dump (partial 1.12.2 pool)
mcl_comparators_ends_comp.png,excluded,,,,no vanilla asset in dump (partial 1.12.2 pool)
mcl_comparators_ends_off.png,excluded,,,,no vanilla asset in dump (partial 1.12.2 pool)
mcl_comparators_ends_on.png,excluded,,,,no vanilla asset in dump (partial 1.12.2 pool)
mcl_comparators_ends_sub.png,excluded,,,,no vanilla asset in dump (partial 1.12.2 pool)
mcl_comparators_item.png,excluded,,,,no vanilla asset in dump (partial 1.12.2 pool)
mcl_comparators_off.png,excluded,,,,no vanilla asset in dump (partial 1.12.2 pool)
mcl_comparators_on.png,excluded,,,,no vanilla asset in dump (partial 1.12.2 pool)
mcl_comparators_sides_comp.png,excluded,,,,no vanilla asset in dump (partial 1.12.2 pool)
mcl_comparators_sides_off.png,excluded,,,,no vanilla asset in dump (partial 1.12.2 pool)
mcl_comparators_sides_on.png,excluded,,,,no vanilla asset in dump (partial 1.12.2 pool)
mcl_comparators_sides_sub.png,excluded,,,,no vanilla asset in dump (partial 1.12.2 pool)
mcl_comparators_sub.png,excluded,,,,no vanilla asset in dump (partial 1.12.2 pool)
mcl_compass_compass_00.png,excluded,,,,no vanilla asset in dump (partial 1.12.2 pool)
mcl_compass_compass_01.png,excluded,,,,no vanilla asset in dump (partial 1.12.2 pool)
mcl_compass_compass_02.png,excluded,,,,no vanilla asset in dump (partial 1.12.2 pool)
mcl_compass_compass_03.png,excluded,,,,no vanilla asset in dump (partial 1.12.2 pool)
mcl_compass_compass_04.png,excluded,,,,no vanilla asset in dump (partial 1.12.2 pool)
mcl_compass_compass_05.png,excluded,,,,no vanilla asset in dump (partial 1.12.2 pool)
mcl_compass_compass_06.png,excluded,,,,no vanilla asset in dump (partial 1.12.2 pool)
mcl_compass_compass_07.png,excluded,,,,no vanilla asset in dump (partial 1.12.2 pool)
mcl_compass_compass_08.png,excluded,,,,no vanilla asset in dump (partial 1.12.2 pool)
mcl_compass_compass_09.png,excluded,,,,no vanilla asset in dump (partial 1.12.2 pool)
mcl_compass_compass_10.png,excluded,,,,no vanilla asset in dump (partial 1.12.2 pool)
mcl_compass_compass_11.png,excluded,,,,no vanilla asset in dump (partial 1.12.2 pool)
mcl_compass_compass_12.png,excluded,,,,no vanilla asset in dump (partial 1.12.2 pool)
mcl_compass_compass_13.png,excluded,,,,no vanilla asset in dump (partial 1.12.2 pool)
mcl_compass_compass_14.png,excluded,,,,no vanilla asset in dump (partial 1.12.2 pool)
mcl_compass_compass_15.png,excluded,,,,no vanilla asset in dump (partial 1.12.2 pool)
mcl_compass_compass_16.png,excluded,,,,no vanilla asset in dump (partial 1.12.2 pool)
mcl_compass_compass_17.png,excluded,,,,no vanilla asset in dump (partial 1.12.2 pool)
mcl_compass_compass_18.png,excluded,,,,no vanilla asset in dump (partial 1.12.2 pool)
mcl_compass_compass_19.png,excluded,,,,no vanilla asset in dump (partial 1.12.2 pool)
mcl_compass_compass_20.png,excluded,,,,no vanilla asset in dump (partial 1.12.2 pool)
mcl_compass_compass_21.png,excluded,,,,no vanilla asset in dump (partial 1.12.2 pool)
mcl_compass_compass_22.png,excluded,,,,no vanilla asset in dump (partial 1.12.2 pool)
mcl_compass_compass_23.png,excluded,,,,no vanilla asset in dump (partial 1.12.2 pool)
mcl_compass_compass_24.png,excluded,,,,no vanilla asset in dump (partial 1.12.2 pool)
mcl_compass_compass_25.png,excluded,,,,no vanilla asset in dump (partial 1.12.2 pool)
mcl_compass_compass_26.png,excluded,,,,no vanilla asset in dump (partial 1.12.2 pool)
mcl_compass_compass_27.png,excluded,,,,no vanilla asset in dump (partial 1.12.2 pool)
mcl_compass_compass_28.png,excluded,,,,no vanilla asset in dump (partial 1.12.2 pool)
mcl_compass_compass_29.png,excluded,,,,no vanilla asset in dump (partial 1.12.2 pool)
mcl_compass_compass_30.png,excluded,,,,no vanilla asset in dump (partial 1.12.2 pool)
mcl_compass_compass_31.png,excluded,,,,no vanilla asset in dump (partial 1.12.2 pool)
mcl_compass_recovery_compass_00.png,excluded,,,,modern 1.13+ content (absent from 1.12.2 dump)
mcl_compass_recovery_compass_01.png,excluded,,,,modern 1.13+ content (absent from 1.12.2 dump)
mcl_compass_recovery_compass_02.png,excluded,,,,modern 1.13+ content (absent from 1.12.2 dump)
mcl_compass_recovery_compass_03.png,excluded,,,,modern 1.13+ content (absent from 1.12.2 dump)
mcl_compass_recovery_compass_04.png,excluded,,,,modern 1.13+ content (absent from 1.12.2 dump)
mcl_compass_recovery_compass_05.png,excluded,,,,modern 1.13+ content (absent from 1.12.2 dump)
mcl_compass_recovery_compass_06.png,excluded,,,,modern 1.13+ content (absent from 1.12.2 dump)
mcl_compass_recovery_compass_07.png,excluded,,,,modern 1.13+ content (absent from 1.12.2 dump)
mcl_compass_recovery_compass_08.png,excluded,,,,modern 1.13+ content (absent from 1.12.2 dump)
mcl_compass_recovery_compass_09.png,excluded,,,,modern 1.13+ content (absent from 1.12.2 dump)
mcl_compass_recovery_compass_10.png,excluded,,,,modern 1.13+ content (absent from 1.12.2 dump)
mcl_compass_recovery_compass_11.png,excluded,,,,modern 1.13+ content (absent from 1.12.2 dump)
mcl_compass_recovery_compass_12.png,excluded,,,,modern 1.13+ content (absent from 1.12.2 dump)
mcl_compass_recovery_compass_13.png,excluded,,,,modern 1.13+ content (absent from 1.12.2 dump)
mcl_compass_recovery_compass_14.png,excluded,,,,modern 1.13+ content (absent from 1.12.2 dump)
mcl_compass_recovery_compass_15.png,excluded,,,,modern 1.13+ content (absent from 1.12.2 dump)
mcl_compass_recovery_compass_16.png,excluded,,,,modern 1.13+ content (absent from 1.12.2 dump)
mcl_compass_recovery_compass_17.png,excluded,,,,modern 1.13+ content (absent from 1.12.2 dump)
mcl_compass_recovery_compass_18.png,excluded,,,,modern 1.13+ content (absent from 1.12.2 dump)
mcl_compass_recovery_compass_19.png,excluded,,,,modern 1.13+ content (absent from 1.12.2 dump)
mcl_compass_recovery_compass_20.png,excluded,,,,modern 1.13+ content (absent from 1.12.2 dump)
mcl_compass_recovery_compass_21.png,excluded,,,,modern 1.13+ content (absent from 1.12.2 dump)
mcl_compass_recovery_compass_22.png,excluded,,,,modern 1.13+ content (absent from 1.12.2 dump)
mcl_compass_recovery_compass_23.png,excluded,,,,modern 1.13+ content (absent from 1.12.2 dump)
mcl_compass_recovery_compass_24.png,excluded,,,,modern 1.13+ content (absent from 1.12.2 dump)
mcl_compass_recovery_compass_25.png,excluded,,,,modern 1.13+ content (absent from 1.12.2 dump)
mcl_compass_recovery_compass_26.png,excluded,,,,modern 1.13+ content (absent from 1.12.2 dump)
mcl_compass_recovery_compass_27.png,excluded,,,,modern 1.13+ content (absent from 1.12.2 dump)
mcl_compass_recovery_compass_28.png,excluded,,,,modern 1.13+ content (absent from 1.12.2 dump)
mcl_compass_recovery_compass_29.png,excluded,,,,modern 1.13+ content (absent from 1.12.2 dump)
mcl_compass_recovery_compass_30.png,excluded,,,,modern 1.13+ content (absent from 1.12.2 dump)
mcl_compass_recovery_compass_31.png,excluded,,,,modern 1.13+ content (absent from 1.12.2 dump)
mcl_composter_bottom.png,excluded,,,,modern 1.13+ content (absent from 1.12.2 dump)
mcl_composter_compost.png,excluded,,,,modern 1.13+ content (absent from 1.12.2 dump)
mcl_composter_ready.png,excluded,,,,modern 1.13+ content (absent from 1.12.2 dump)
mcl_composter_side.png,excluded,,,,modern 1.13+ content (absent from 1.12.2 dump)
mcl_composter_top.png,excluded,,,,modern 1.13+ content (absent from 1.12.2 dump)
mcl_conduit_conduit.png,excluded,,,,modern 1.13+ content (absent from 1.12.2 dump)
mcl_conduit_conduit_node.png,excluded,,,,modern 1.13+ content (absent from 1.12.2 dump)
mcl_copper_anti_oxidation_particle.png,excluded,,,,modern 1.13+ content (absent from 1.12.2 dump)
mcl_copper_block.png,excluded,,,,modern 1.13+ content (absent from 1.12.2 dump)
mcl_copper_block_bulb_off.png,excluded,,,,modern 1.13+ content (absent from 1.12.2 dump)
mcl_copper_block_bulb_off_powered.png,excluded,,,,modern 1.13+ content (absent from 1.12.2 dump)
mcl_copper_block_bulb_on.png,excluded,,,,modern 1.13+ content (absent from 1.12.2 dump)
mcl_copper_block_bulb_on_powered.png,excluded,,,,modern 1.13+ content (absent from 1.12.2 dump)
mcl_copper_block_chiseled.png,excluded,,,,modern 1.13+ content (absent from 1.12.2 dump)
mcl_copper_block_cut.png,excluded,,,,modern 1.13+ content (absent from 1.12.2 dump)
mcl_copper_block_grate.png,excluded,,,,modern 1.13+ content (absent from 1.12.2 dump)
mcl_copper_block_raw.png,excluded,,,,modern 1.13+ content (absent from 1.12.2 dump)
mcl_copper_chain.png,excluded,,,,modern 1.13+ content (absent from 1.12.2 dump)
mcl_copper_chain_exposed.png,excluded,,,,modern 1.13+ content (absent from 1.12.2 dump)
mcl_copper_chain_exposed_inv.png,excluded,,,,modern 1.13+ content (absent from 1.12.2 dump)
mcl_copper_chain_inv.png,excluded,,,,modern 1.13+ content (absent from 1.12.2 dump)
mcl_copper_chain_oxidized.png,excluded,,,,modern 1.13+ content (absent from 1.12.2 dump)
mcl_copper_chain_oxidized_inv.png,excluded,,,,modern 1.13+ content (absent from 1.12.2 dump)
mcl_copper_chain_weathered.png,excluded,,,,modern 1.13+ content (absent from 1.12.2 dump)
mcl_copper_chain_weathered_inv.png,excluded,,,,modern 1.13+ content (absent from 1.12.2 dump)
mcl_copper_chestplate_copper.png,excluded,,,,modern 1.13+ content (absent from 1.12.2 dump)
mcl_copper_door.png,excluded,,,,modern 1.13+ content (absent from 1.12.2 dump)
mcl_copper_door_bottom.png,excluded,,,,modern 1.13+ content (absent from 1.12.2 dump)
mcl_copper_door_exposed.png,excluded,,,,modern 1.13+ content (absent from 1.12.2 dump)
mcl_copper_door_exposed_bottom.png,excluded,,,,modern 1.13+ content (absent from 1.12.2 dump)
mcl_copper_door_exposed_top.png,excluded,,,,modern 1.13+ content (absent from 1.12.2 dump)
mcl_copper_door_oxidized.png,excluded,,,,modern 1.13+ content (absent from 1.12.2 dump)
mcl_copper_door_oxidized_bottom.png,excluded,,,,modern 1.13+ content (absent from 1.12.2 dump)
mcl_copper_door_oxidized_top.png,excluded,,,,modern 1.13+ content (absent from 1.12.2 dump)
mcl_copper_door_top.png,excluded,,,,modern 1.13+ content (absent from 1.12.2 dump)
mcl_copper_door_weathered.png,excluded,,,,modern 1.13+ content (absent from 1.12.2 dump)
mcl_copper_door_weathered_bottom.png,excluded,,,,modern 1.13+ content (absent from 1.12.2 dump)
mcl_copper_door_weathered_top.png,excluded,,,,modern 1.13+ content (absent from 1.12.2 dump)
mcl_copper_exposed.png,excluded,,,,modern 1.13+ content (absent from 1.12.2 dump)
mcl_copper_exposed_bulb_off.png,excluded,,,,modern 1.13+ content (absent from 1.12.2 dump)
mcl_copper_exposed_bulb_off_powered.png,excluded,,,,modern 1.13+ content (absent from 1.12.2 dump)
mcl_copper_exposed_bulb_on.png,excluded,,,,modern 1.13+ content (absent from 1.12.2 dump)
mcl_copper_exposed_bulb_on_powered.png,excluded,,,,modern 1.13+ content (absent from 1.12.2 dump)
mcl_copper_exposed_chiseled.png,excluded,,,,modern 1.13+ content (absent from 1.12.2 dump)
mcl_copper_exposed_cut.png,excluded,,,,modern 1.13+ content (absent from 1.12.2 dump)
mcl_copper_exposed_grate.png,excluded,,,,modern 1.13+ content (absent from 1.12.2 dump)
mcl_copper_helmet_copper.png,excluded,,,,modern 1.13+ content (absent from 1.12.2 dump)
mcl_copper_ingot.png,excluded,,,,modern 1.13+ content (absent from 1.12.2 dump)
mcl_copper_inv_boots_copper.png,excluded,,,,modern 1.13+ content (absent from 1.12.2 dump)
mcl_copper_inv_chestplate_copper.png,excluded,,,,modern 1.13+ content (absent from 1.12.2 dump)
mcl_copper_inv_helmet_copper.png,excluded,,,,modern 1.13+ content (absent from 1.12.2 dump)
mcl_copper_inv_leggings_copper.png,excluded,,,,modern 1.13+ content (absent from 1.12.2 dump)
mcl_copper_lantern.png,excluded,,,,modern 1.13+ content (absent from 1.12.2 dump)
mcl_copper_lantern_exposed.png,excluded,,,,modern 1.13+ content (absent from 1.12.2 dump)
mcl_copper_lantern_exposed_inv.png,excluded,,,,modern 1.13+ content (absent from 1.12.2 dump)
mcl_copper_lantern_inv.png,excluded,,,,modern 1.13+ content (absent from 1.12.2 dump)
mcl_copper_lantern_oxidized.png,excluded,,,,modern 1.13+ content (absent from 1.12.2 dump)
mcl_copper_lantern_oxidized_inv.png,excluded,,,,modern 1.13+ content (absent from 1.12.2 dump)
mcl_copper_lantern_weathered.png,excluded,,,,modern 1.13+ content (absent from 1.12.2 dump)
mcl_copper_lantern_weathered_inv.png,excluded,,,,modern 1.13+ content (absent from 1.12.2 dump)
mcl_copper_leggings_copper.png,excluded,,,,modern 1.13+ content (absent from 1.12.2 dump)
mcl_copper_nugget.png,excluded,,,,modern 1.13+ content (absent from 1.12.2 dump)
mcl_copper_ore.png,excluded,,,,modern 1.13+ content (absent from 1.12.2 dump)
mcl_copper_oxidized.png,excluded,,,,modern 1.13+ content (absent from 1.12.2 dump)
mcl_copper_oxidized_bulb_off.png,excluded,,,,modern 1.13+ content (absent from 1.12.2 dump)
mcl_copper_oxidized_bulb_off_powered.png,excluded,,,,modern 1.13+ content (absent from 1.12.2 dump)
mcl_copper_oxidized_bulb_on.png,excluded,,,,modern 1.13+ content (absent from 1.12.2 dump)
mcl_copper_oxidized_bulb_on_powered.png,excluded,,,,modern 1.13+ content (absent from 1.12.2 dump)
mcl_copper_oxidized_chiseled.png,excluded,,,,modern 1.13+ content (absent from 1.12.2 dump)
mcl_copper_oxidized_cut.png,excluded,,,,modern 1.13+ content (absent from 1.12.2 dump)
mcl_copper_oxidized_grate.png,excluded,,,,modern 1.13+ content (absent from 1.12.2 dump)
mcl_copper_pane.png,excluded,,,,modern 1.13+ content (absent from 1.12.2 dump)
mcl_copper_pane_exposed.png,excluded,,,,modern 1.13+ content (absent from 1.12.2 dump)
mcl_copper_pane_oxidized.png,excluded,,,,modern 1.13+ content (absent from 1.12.2 dump)
mcl_copper_pane_top.png,excluded,,,,modern 1.13+ content (absent from 1.12.2 dump)
mcl_copper_pane_top_exposed.png,excluded,,,,modern 1.13+ content (absent from 1.12.2 dump)
mcl_copper_pane_top_oxidized.png,excluded,,,,modern 1.13+ content (absent from 1.12.2 dump)
mcl_copper_pane_top_weathered.png,excluded,,,,modern 1.13+ content (absent from 1.12.2 dump)
mcl_copper_pane_weathered.png,excluded,,,,modern 1.13+ content (absent from 1.12.2 dump)
mcl_copper_raw.png,excluded,,,,modern 1.13+ content (absent from 1.12.2 dump)
mcl_copper_tool_axe.png,excluded,,,,modern 1.13+ content (absent from 1.12.2 dump)
mcl_copper_tool_hoe.png,excluded,,,,modern 1.13+ content (absent from 1.12.2 dump)
mcl_copper_tool_pick.png,excluded,,,,modern 1.13+ content (absent from 1.12.2 dump)
mcl_copper_tool_shovel.png,excluded,,,,modern 1.13+ content (absent from 1.12.2 dump)
mcl_copper_tool_sword.png,excluded,,,,modern 1.13+ content (absent from 1.12.2 dump)
mcl_copper_top.png,excluded,,,,modern 1.13+ content (absent from 1.12.2 dump)
mcl_copper_top_exposed.png,excluded,,,,modern 1.13+ content (absent from 1.12.2 dump)
mcl_copper_top_oxidized.png,excluded,,,,modern 1.13+ content (absent from 1.12.2 dump)
mcl_copper_top_weathered.png,excluded,,,,modern 1.13+ content (absent from 1.12.2 dump)
mcl_copper_torch.png,excluded,,,,modern 1.13+ content (absent from 1.12.2 dump)
mcl_copper_torch_animated.png,excluded,,,,modern 1.13+ content (absent from 1.12.2 dump)
mcl_copper_trapdoor.png,excluded,,,,modern 1.13+ content (copper trapdoor
mcl_copper_trapdoor_exposed.png,excluded,,,,modern 1.13+ content (absent from 1.12.2 dump)
mcl_copper_trapdoor_exposed_side.png,excluded,,,,modern 1.13+ content (absent from 1.12.2 dump)
mcl_copper_trapdoor_oxidized.png,excluded,,,,modern 1.13+ content (absent from 1.12.2 dump)
mcl_copper_trapdoor_oxidized_side.png,excluded,,,,modern 1.13+ content (absent from 1.12.2 dump)
mcl_copper_trapdoor_side.png,excluded,,,,modern 1.13+ content (absent from 1.12.2 dump)
mcl_copper_trapdoor_weathered.png,excluded,,,,modern 1.13+ content (absent from 1.12.2 dump)
mcl_copper_trapdoor_weathered_side.png,excluded,,,,modern 1.13+ content (absent from 1.12.2 dump)
mcl_copper_weathered.png,excluded,,,,modern 1.13+ content (absent from 1.12.2 dump)
mcl_copper_weathered_bulb_off.png,excluded,,,,modern 1.13+ content (absent from 1.12.2 dump)
mcl_copper_weathered_bulb_off_powered.png,excluded,,,,modern 1.13+ content (absent from 1.12.2 dump)
mcl_copper_weathered_bulb_on.png,excluded,,,,modern 1.13+ content (absent from 1.12.2 dump)
mcl_copper_weathered_bulb_on_powered.png,excluded,,,,modern 1.13+ content (absent from 1.12.2 dump)
mcl_copper_weathered_chiseled.png,excluded,,,,modern 1.13+ content (absent from 1.12.2 dump)
mcl_copper_weathered_cut.png,excluded,,,,modern 1.13+ content (absent from 1.12.2 dump)
mcl_copper_weathered_grate.png,excluded,,,,modern 1.13+ content (absent from 1.12.2 dump)
mcl_core_bone_block_side.png,excluded,,,,no vanilla asset in dump (partial 1.12.2 pool)
mcl_core_bone_block_top.png,excluded,,,,no vanilla asset in dump (partial 1.12.2 pool)
mcl_core_crying_obsidian.png,excluded,,,,modern 1.13+ content (absent from 1.12.2 dump)
mcl_core_crying_obsidian_tear.png,excluded,,,,modern 1.13+ content (absent from 1.12.2 dump)
mcl_core_crying_obsidian_tear2.png,excluded,,,,modern 1.13+ content (absent from 1.12.2 dump)
mcl_core_crying_obsidian_tear3.png,excluded,,,,modern 1.13+ content (absent from 1.12.2 dump)
mcl_core_diorite.png,excluded,,,,no vanilla asset in dump (partial 1.12.2 pool)
mcl_core_frosted_ice_0.png,excluded,,,,no vanilla asset in dump (partial 1.12.2 pool)
mcl_core_frosted_ice_1.png,excluded,,,,no vanilla asset in dump (partial 1.12.2 pool)
mcl_core_frosted_ice_2.png,excluded,,,,no vanilla asset in dump (partial 1.12.2 pool)
mcl_core_frosted_ice_3.png,excluded,,,,no vanilla asset in dump (partial 1.12.2 pool)
mcl_core_glow_lichen.png,excluded,,,,modern 1.13+ content (absent from 1.12.2 dump)
mcl_core_iron_nugget.png,excluded,,,,no vanilla asset in dump (partial 1.12.2 pool)
mcl_core_light_0.png,excluded,,,,no vanilla asset in dump (partial 1.12.2 pool)
mcl_core_light_1.png,excluded,,,,no vanilla asset in dump (partial 1.12.2 pool)
mcl_core_light_10.png,excluded,,,,no vanilla asset in dump (partial 1.12.2 pool)
mcl_core_light_11.png,excluded,,,,no vanilla asset in dump (partial 1.12.2 pool)
mcl_core_light_12.png,excluded,,,,no vanilla asset in dump (partial 1.12.2 pool)
mcl_core_light_13.png,excluded,,,,no vanilla asset in dump (partial 1.12.2 pool)
mcl_core_light_14.png,excluded,,,,no vanilla asset in dump (partial 1.12.2 pool)
mcl_core_light_2.png,excluded,,,,no vanilla asset in dump (partial 1.12.2 pool)
mcl_core_light_3.png,excluded,,,,no vanilla asset in dump (partial 1.12.2 pool)
mcl_core_light_4.png,excluded,,,,no vanilla asset in dump (partial 1.12.2 pool)
mcl_core_light_5.png,excluded,,,,no vanilla asset in dump (partial 1.12.2 pool)
mcl_core_light_6.png,excluded,,,,no vanilla asset in dump (partial 1.12.2 pool)
mcl_core_light_7.png,excluded,,,,no vanilla asset in dump (partial 1.12.2 pool)
mcl_core_light_8.png,excluded,,,,no vanilla asset in dump (partial 1.12.2 pool)
mcl_core_light_9.png,excluded,,,,no vanilla asset in dump (partial 1.12.2 pool)
mcl_core_mycelium_particle.png,excluded,,,,particles/effects (not content)
mcl_core_palette_grass.png,excluded,,,,no vanilla asset in dump (partial 1.12.2 pool)
mcl_core_palette_grass_levelgen.png,excluded,,,,no vanilla asset in dump (partial 1.12.2 pool)
mcl_core_palette_leaves.png,excluded,,,,no vanilla asset in dump (partial 1.12.2 pool)
mcl_core_stripped_acacia_side.png,excluded,,,,no vanilla asset in dump (partial 1.12.2 pool)
mcl_core_stripped_acacia_top.png,excluded,,,,no vanilla asset in dump (partial 1.12.2 pool)
mcl_core_stripped_birch_side.png,excluded,,,,no vanilla asset in dump (partial 1.12.2 pool)
mcl_core_stripped_birch_top.png,excluded,,,,no vanilla asset in dump (partial 1.12.2 pool)
mcl_core_stripped_dark_oak_side.png,excluded,,,,no vanilla asset in dump (partial 1.12.2 pool)
mcl_core_stripped_dark_oak_top.png,excluded,,,,no vanilla asset in dump (partial 1.12.2 pool)
mcl_core_stripped_jungle_side.png,excluded,,,,no vanilla asset in dump (partial 1.12.2 pool)
mcl_core_stripped_jungle_top.png,excluded,,,,no vanilla asset in dump (partial 1.12.2 pool)
mcl_core_stripped_oak_side.png,excluded,,,,no vanilla asset in dump (partial 1.12.2 pool)
mcl_core_stripped_oak_top.png,excluded,,,,no vanilla asset in dump (partial 1.12.2 pool)
mcl_core_stripped_spruce_side.png,excluded,,,,no vanilla asset in dump (partial 1.12.2 pool)
mcl_core_stripped_spruce_top.png,excluded,,,,no vanilla asset in dump (partial 1.12.2 pool)
mcl_core_void.png,excluded,,,,no vanilla asset in dump (partial 1.12.2 pool)
mcl_craftguide_fuel.png,excluded,,,,GUI/formspec (not content)
mcl_crafting_guide_craft.png,excluded,,,,GUI/formspec (not content)
mcl_crafting_table_inv_fill.png,excluded,,,,GUI/formspec (not content)
mcl_crimson_crimson_door.png,excluded,,,,modern 1.13+ content (absent from 1.12.2 dump)
mcl_crimson_crimson_door_bottom.png,excluded,,,,modern 1.13+ content (absent from 1.12.2 dump)
mcl_crimson_crimson_door_top.png,excluded,,,,modern 1.13+ content (absent from 1.12.2 dump)
mcl_crimson_crimson_fence.png,excluded,,,,modern 1.13+ content (absent from 1.12.2 dump)
mcl_crimson_crimson_fence_side.png,excluded,,,,modern 1.13+ content (absent from 1.12.2 dump)
mcl_crimson_crimson_fence_top.png,excluded,,,,modern 1.13+ content (absent from 1.12.2 dump)
mcl_crimson_crimson_trapdoor.png,excluded,,,,modern 1.13+ content (absent from 1.12.2 dump)
mcl_crimson_crimson_trapdoor_side.png,excluded,,,,modern 1.13+ content (absent from 1.12.2 dump)
mcl_crimson_warped_door.png,excluded,,,,modern 1.13+ content (absent from 1.12.2 dump)
mcl_crimson_warped_door_bottom.png,excluded,,,,modern 1.13+ content (absent from 1.12.2 dump)
mcl_crimson_warped_door_top.png,excluded,,,,modern 1.13+ content (absent from 1.12.2 dump)
mcl_crimson_warped_fence.png,excluded,,,,modern 1.13+ content (absent from 1.12.2 dump)
mcl_crimson_warped_fence_side.png,excluded,,,,modern 1.13+ content (absent from 1.12.2 dump)
mcl_crimson_warped_fence_top.png,excluded,,,,modern 1.13+ content (absent from 1.12.2 dump)
mcl_crimson_warped_trapdoor.png,excluded,,,,modern 1.13+ content (absent from 1.12.2 dump)
mcl_crimson_warped_trapdoor_side.png,excluded,,,,modern 1.13+ content (absent from 1.12.2 dump)
mcl_crimson_weeping_vines.png,excluded,,,,modern 1.13+ content (absent from 1.12.2 dump)
mcl_deepslate.png,excluded,,,,modern 1.13+ content (absent from 1.12.2 dump)
mcl_deepslate_bricks.png,excluded,,,,modern 1.13+ content (deepslate bricks
mcl_deepslate_bricks_cracked.png,excluded,,,,modern 1.13+ content (absent from 1.12.2 dump)
mcl_deepslate_chiseled.png,excluded,,,,modern 1.13+ content (absent from 1.12.2 dump)
mcl_deepslate_coal_ore.png,excluded,,,,modern 1.13+ content (deepslate coal ore
mcl_deepslate_cobbled.png,excluded,,,,modern 1.13+ content (absent from 1.12.2 dump)
mcl_deepslate_copper_ore.png,excluded,,,,modern 1.13+ content (absent from 1.12.2 dump)
mcl_deepslate_diamond_ore.png,excluded,,,,modern 1.13+ content (deepslate diamond ore
mcl_deepslate_emerald_ore.png,excluded,,,,modern 1.13+ content (deepslate emerald ore
mcl_deepslate_gold_ore.png,excluded,,,,modern 1.13+ content (deepslate gold ore
mcl_deepslate_iron_ore.png,excluded,,,,modern 1.13+ content (deepslate iron ore
mcl_deepslate_lapis_ore.png,excluded,,,,modern 1.13+ content (deepslate lapis ore
mcl_deepslate_polished.png,excluded,,,,modern 1.13+ content (absent from 1.12.2 dump)
mcl_deepslate_redstone_ore.png,excluded,,,,modern 1.13+ content (deepslate redstone ore
mcl_deepslate_reinforced.png,excluded,,,,modern 1.13+ content (absent from 1.12.2 dump)
mcl_deepslate_reinforced_bottom.png,excluded,,,,modern 1.13+ content (absent from 1.12.2 dump)
mcl_deepslate_reinforced_top.png,excluded,,,,modern 1.13+ content (absent from 1.12.2 dump)
mcl_deepslate_tiles.png,excluded,,,,modern 1.13+ content (absent from 1.12.2 dump)
mcl_deepslate_tiles_cracked.png,excluded,,,,modern 1.13+ content (absent from 1.12.2 dump)
mcl_deepslate_top.png,excluded,,,,modern 1.13+ content (absent from 1.12.2 dump)
mcl_deepslate_tuff.png,excluded,,,,modern 1.13+ content (absent from 1.12.2 dump)
mcl_deepslate_tuff_bricks.png,excluded,,,,modern 1.13+ content (absent from 1.12.2 dump)
mcl_deepslate_tuff_chiseled.png,excluded,,,,modern 1.13+ content (absent from 1.12.2 dump)
mcl_deepslate_tuff_chiseled_bricks.png,excluded,,,,modern 1.13+ content (absent from 1.12.2 dump)
mcl_deepslate_tuff_chiseled_bricks_top.png,excluded,,,,modern 1.13+ content (absent from 1.12.2 dump)
mcl_deepslate_tuff_chiseled_top.png,excluded,,,,modern 1.13+ content (absent from 1.12.2 dump)
mcl_deepslate_tuff_polished.png,excluded,,,,modern 1.13+ content (absent from 1.12.2 dump)
mcl_dirt_grass_shadow.png,excluded,,,,no vanilla asset in dump (partial 1.12.2 pool)
mcl_doors_door_acacia.png,excluded,,,,no vanilla asset in dump (partial 1.12.2 pool)
mcl_doors_door_acacia_lower.png,excluded,,,,no vanilla asset in dump (partial 1.12.2 pool)
mcl_doors_door_acacia_side_lower.png,excluded,,,,no vanilla asset in dump (partial 1.12.2 pool)
mcl_doors_door_acacia_side_upper.png,excluded,,,,no vanilla asset in dump (partial 1.12.2 pool)
mcl_doors_door_acacia_upper.png,excluded,,,,no vanilla asset in dump (partial 1.12.2 pool)
mcl_doors_door_birch_lower.png,excluded,,,,no vanilla asset in dump (partial 1.12.2 pool)
mcl_doors_door_birch_side_lower.png,excluded,,,,no vanilla asset in dump (partial 1.12.2 pool)
mcl_doors_door_birch_side_upper.png,excluded,,,,no vanilla asset in dump (partial 1.12.2 pool)
mcl_doors_door_birch_upper.png,excluded,,,,no vanilla asset in dump (partial 1.12.2 pool)
mcl_doors_door_crimson_side_lower.png,excluded,,,,modern 1.13+ content (absent from 1.12.2 dump)
mcl_doors_door_crimson_side_upper.png,excluded,,,,modern 1.13+ content (absent from 1.12.2 dump)
mcl_doors_door_dark_oak_side_lower.png,excluded,,,,no vanilla asset in dump (partial 1.12.2 pool)
mcl_doors_door_dark_oak_side_upper.png,excluded,,,,no vanilla asset in dump (partial 1.12.2 pool)
mcl_doors_door_iron_side_lower.png,excluded,,,,no vanilla asset in dump (partial 1.12.2 pool)
mcl_doors_door_iron_side_upper.png,excluded,,,,no vanilla asset in dump (partial 1.12.2 pool)
mcl_doors_door_jungle_side_lower.png,excluded,,,,no vanilla asset in dump (partial 1.12.2 pool)
mcl_doors_door_jungle_side_upper.png,excluded,,,,no vanilla asset in dump (partial 1.12.2 pool)
mcl_doors_door_spruce_side_lower.png,excluded,,,,no vanilla asset in dump (partial 1.12.2 pool)
mcl_doors_door_spruce_side_upper.png,excluded,,,,no vanilla asset in dump (partial 1.12.2 pool)
mcl_doors_door_warped_side_lower.png,excluded,,,,modern 1.13+ content (absent from 1.12.2 dump)
mcl_doors_door_warped_side_upper.png,excluded,,,,modern 1.13+ content (absent from 1.12.2 dump)
mcl_doors_door_wood_lower.png,excluded,,,,no vanilla asset in dump (partial 1.12.2 pool)
mcl_doors_door_wood_side_lower.png,excluded,,,,no vanilla asset in dump (partial 1.12.2 pool)
mcl_doors_door_wood_side_upper.png,excluded,,,,no vanilla asset in dump (partial 1.12.2 pool)
mcl_doors_door_wood_upper.png,excluded,,,,no vanilla asset in dump (partial 1.12.2 pool)
mcl_doors_trapdoor_acacia.png,excluded,,,,no vanilla asset in dump (partial 1.12.2 pool)
mcl_doors_trapdoor_acacia_side.png,excluded,,,,no vanilla asset in dump (partial 1.12.2 pool)
mcl_doors_trapdoor_birch.png,excluded,,,,no vanilla asset in dump (partial 1.12.2 pool)
mcl_doors_trapdoor_birch_side.png,excluded,,,,no vanilla asset in dump (partial 1.12.2 pool)
mcl_doors_trapdoor_dark_oak.png,excluded,,,,no vanilla asset in dump (partial 1.12.2 pool)
mcl_doors_trapdoor_dark_oak_side.png,excluded,,,,no vanilla asset in dump (partial 1.12.2 pool)
mcl_doors_trapdoor_jungle.png,excluded,,,,no vanilla asset in dump (partial 1.12.2 pool)
mcl_doors_trapdoor_jungle_side.png,excluded,,,,no vanilla asset in dump (partial 1.12.2 pool)
mcl_doors_trapdoor_spruce.png,excluded,,,,no vanilla asset in dump (partial 1.12.2 pool)
mcl_doors_trapdoor_spruce_side.png,excluded,,,,no vanilla asset in dump (partial 1.12.2 pool)
mcl_dye.png,excluded,,,,no vanilla asset in dump (partial 1.12.2 pool)
mcl_dye_mask.png,excluded,,,,no vanilla asset in dump (partial 1.12.2 pool)
mcl_dyes_palette.png,excluded,,,,no vanilla asset in dump (partial 1.12.2 pool)
mcl_enchanting_book_closed.png,excluded,,,,GUI/formspec (not content)
mcl_enchanting_book_entity.png,excluded,,,,GUI/formspec (not content)
mcl_enchanting_book_open.png,excluded,,,,GUI/formspec (not content)
mcl_enchanting_button.png,excluded,,,,GUI/formspec (not content)
mcl_enchanting_button_background.png,excluded,,,,GUI/formspec (not content)
mcl_enchanting_button_hovered.png,excluded,,,,GUI/formspec (not content)
mcl_enchanting_button_off.png,excluded,,,,GUI/formspec (not content)
mcl_enchanting_glyph_1.png,excluded,,,,GUI/formspec (not content)
mcl_enchanting_glyph_10.png,excluded,,,,GUI/formspec (not content)
mcl_enchanting_glyph_11.png,excluded,,,,GUI/formspec (not content)
mcl_enchanting_glyph_12.png,excluded,,,,GUI/formspec (not content)
mcl_enchanting_glyph_13.png,excluded,,,,GUI/formspec (not content)
mcl_enchanting_glyph_14.png,excluded,,,,GUI/formspec (not content)
mcl_enchanting_glyph_15.png,excluded,,,,GUI/formspec (not content)
mcl_enchanting_glyph_16.png,excluded,,,,GUI/formspec (not content)
mcl_enchanting_glyph_17.png,excluded,,,,GUI/formspec (not content)
mcl_enchanting_glyph_18.png,excluded,,,,GUI/formspec (not content)
mcl_enchanting_glyph_2.png,excluded,,,,GUI/formspec (not content)
mcl_enchanting_glyph_3.png,excluded,,,,GUI/formspec (not content)
mcl_enchanting_glyph_4.png,excluded,,,,GUI/formspec (not content)
mcl_enchanting_glyph_5.png,excluded,,,,GUI/formspec (not content)
mcl_enchanting_glyph_6.png,excluded,,,,GUI/formspec (not content)
mcl_enchanting_glyph_7.png,excluded,,,,GUI/formspec (not content)
mcl_enchanting_glyph_8.png,excluded,,,,GUI/formspec (not content)
mcl_enchanting_glyph_9.png,excluded,,,,GUI/formspec (not content)
mcl_enchanting_lapis_background.png,excluded,,,,GUI/formspec (not content)
mcl_enchanting_number_1.png,excluded,,,,GUI/formspec (not content)
mcl_enchanting_number_1_off.png,excluded,,,,GUI/formspec (not content)
mcl_enchanting_number_2.png,excluded,,,,GUI/formspec (not content)
mcl_enchanting_number_2_off.png,excluded,,,,GUI/formspec (not content)
mcl_enchanting_number_3.png,excluded,,,,GUI/formspec (not content)
mcl_enchanting_number_3_off.png,excluded,,,,GUI/formspec (not content)
mcl_end_chorus_flower.png,excluded,,,,no vanilla asset in dump (partial 1.12.2 pool)
mcl_end_chorus_flower_1.png,excluded,,,,no vanilla asset in dump (partial 1.12.2 pool)
mcl_end_chorus_flower_10.png,excluded,,,,no vanilla asset in dump (partial 1.12.2 pool)
mcl_end_chorus_flower_2.png,excluded,,,,no vanilla asset in dump (partial 1.12.2 pool)
mcl_end_chorus_flower_3.png,excluded,,,,no vanilla asset in dump (partial 1.12.2 pool)
mcl_end_chorus_flower_4.png,excluded,,,,no vanilla asset in dump (partial 1.12.2 pool)
mcl_end_chorus_flower_5.png,excluded,,,,no vanilla asset in dump (partial 1.12.2 pool)
mcl_end_chorus_flower_6.png,excluded,,,,no vanilla asset in dump (partial 1.12.2 pool)
mcl_end_chorus_flower_7.png,excluded,,,,no vanilla asset in dump (partial 1.12.2 pool)
mcl_end_chorus_flower_8.png,excluded,,,,no vanilla asset in dump (partial 1.12.2 pool)
mcl_end_chorus_flower_9.png,excluded,,,,no vanilla asset in dump (partial 1.12.2 pool)
mcl_end_chorus_flower_dead.png,excluded,,,,no vanilla asset in dump (partial 1.12.2 pool)
mcl_end_chorus_fruit.png,excluded,,,,no vanilla asset in dump (partial 1.12.2 pool)
mcl_end_chorus_fruit_popped.png,excluded,,,,no vanilla asset in dump (partial 1.12.2 pool)
mcl_end_chorus_plant.png,excluded,,,,no vanilla asset in dump (partial 1.12.2 pool)
mcl_end_crystal.png,excluded,,,,no vanilla asset in dump (partial 1.12.2 pool)
mcl_end_crystal_beam.png,excluded,,,,no vanilla asset in dump (partial 1.12.2 pool)
mcl_end_crystal_item.png,excluded,,,,no vanilla asset in dump (partial 1.12.2 pool)
mcl_end_end_bricks.png,excluded,,,,no vanilla asset in dump (partial 1.12.2 pool)
mcl_end_end_rod_bottom.png,excluded,,,,no vanilla asset in dump (partial 1.12.2 pool)
mcl_end_end_rod_side.png,excluded,,,,no vanilla asset in dump (partial 1.12.2 pool)
mcl_end_end_rod_top.png,excluded,,,,no vanilla asset in dump (partial 1.12.2 pool)
mcl_end_purpur_block.png,excluded,,,,no vanilla asset in dump (partial 1.12.2 pool)
mcl_end_purpur_pillar.png,excluded,,,,no vanilla asset in dump (partial 1.12.2 pool)
mcl_end_purpur_pillar_top.png,excluded,,,,no vanilla asset in dump (partial 1.12.2 pool)
mcl_experience_bar.png,excluded,,,,GUI/formspec (not content)
mcl_experience_bar_background.png,excluded,,,,GUI/formspec (not content)
mcl_farming_beetroot.png,excluded,,,,no vanilla asset in dump (partial 1.12.2 pool)
mcl_farming_beetroot_0.png,excluded,,,,no vanilla asset in dump (partial 1.12.2 pool)
mcl_farming_beetroot_1.png,excluded,,,,no vanilla asset in dump (partial 1.12.2 pool)
mcl_farming_beetroot_2.png,excluded,,,,no vanilla asset in dump (partial 1.12.2 pool)
mcl_farming_beetroot_3.png,excluded,,,,no vanilla asset in dump (partial 1.12.2 pool)
mcl_farming_beetroot_seeds.png,excluded,,,,no vanilla asset in dump (partial 1.12.2 pool)
mcl_farming_beetroot_soup.png,excluded,,,,no vanilla asset in dump (partial 1.12.2 pool)
mcl_farming_pumpkin_hud.png,excluded,,,,GUI/formspec (not content)
mcl_farming_sweet_berry.png,excluded,,,,no vanilla asset in dump (partial 1.12.2 pool)
mcl_farming_sweet_berry_bush_0.png,excluded,,,,no vanilla asset in dump (partial 1.12.2 pool)
mcl_farming_sweet_berry_bush_1.png,excluded,,,,no vanilla asset in dump (partial 1.12.2 pool)
mcl_farming_sweet_berry_bush_2.png,excluded,,,,no vanilla asset in dump (partial 1.12.2 pool)
mcl_farming_sweet_berry_bush_3.png,excluded,,,,no vanilla asset in dump (partial 1.12.2 pool)
mcl_fences_fence_acacia.png,excluded,,,,no vanilla asset in dump (partial 1.12.2 pool)
mcl_fences_fence_big_oak.png,excluded,,,,no vanilla asset in dump (partial 1.12.2 pool)
mcl_fences_fence_birch.png,excluded,,,,no vanilla asset in dump (partial 1.12.2 pool)
mcl_fences_fence_gate_acacia.png,excluded,,,,no vanilla asset in dump (partial 1.12.2 pool)
mcl_fences_fence_gate_big_oak.png,excluded,,,,no vanilla asset in dump (partial 1.12.2 pool)
mcl_fences_fence_gate_birch.png,excluded,,,,no vanilla asset in dump (partial 1.12.2 pool)
mcl_fences_fence_gate_jungle.png,excluded,,,,no vanilla asset in dump (partial 1.12.2 pool)
mcl_fences_fence_gate_mask.png,excluded,,,,no vanilla asset in dump (partial 1.12.2 pool)
mcl_fences_fence_gate_nether_brick.png,excluded,,,,no vanilla asset in dump (partial 1.12.2 pool)
mcl_fences_fence_gate_oak.png,excluded,,,,no vanilla asset in dump (partial 1.12.2 pool)
mcl_fences_fence_gate_red_nether_brick.png,excluded,,,,no vanilla asset in dump (partial 1.12.2 pool)
mcl_fences_fence_gate_spruce.png,excluded,,,,no vanilla asset in dump (partial 1.12.2 pool)
mcl_fences_fence_jungle.png,excluded,,,,no vanilla asset in dump (partial 1.12.2 pool)
mcl_fences_fence_mask.png,excluded,,,,no vanilla asset in dump (partial 1.12.2 pool)
mcl_fences_fence_nether_brick.png,excluded,,,,no vanilla asset in dump (partial 1.12.2 pool)
mcl_fences_fence_oak.png,excluded,,,,no vanilla asset in dump (partial 1.12.2 pool)
mcl_fences_fence_red_nether_brick.png,excluded,,,,no vanilla asset in dump (partial 1.12.2 pool)
mcl_fences_fence_spruce.png,excluded,,,,no vanilla asset in dump (partial 1.12.2 pool)
mcl_fire_fire_charge.png,excluded,,,,no vanilla asset in dump (partial 1.12.2 pool)
mcl_fire_flint_and_steel.png,excluded,,,,no vanilla asset in dump (partial 1.12.2 pool)
mcl_fireworks_rocket.png,excluded,,,,no vanilla asset in dump (partial 1.12.2 pool)
mcl_fishing_bobber.png,excluded,,,,no vanilla asset in dump (partial 1.12.2 pool)
mcl_fishing_clownfish_raw.png,excluded,,,,modern 1.13+ content (absent from 1.12.2 dump)
mcl_fishing_fish_cooked.png,excluded,,,,no vanilla asset in dump (partial 1.12.2 pool)
mcl_fishing_fish_raw.png,excluded,,,,modern 1.13+ content (absent from 1.12.2 dump)
mcl_fishing_fishing_rod.png,excluded,,,,no vanilla asset in dump (partial 1.12.2 pool)
mcl_fishing_pufferfish_raw.png,excluded,,,,modern 1.13+ content (absent from 1.12.2 dump)
mcl_fishing_salmon_cooked.png,excluded,,,,no vanilla asset in dump (partial 1.12.2 pool)
mcl_fishing_salmon_raw.png,excluded,,,,modern 1.13+ content (absent from 1.12.2 dump)
mcl_flowerpots_cactus.png,excluded,,,,no vanilla asset in dump (partial 1.12.2 pool)
mcl_flowerpots_flowerpot.png,excluded,,,,no vanilla asset in dump (partial 1.12.2 pool)
mcl_flowerpots_flowerpot_inventory.png,excluded,,,,GUI/formspec (not content)
mcl_flowers_allium.png,excluded,,,,no vanilla asset in dump (partial 1.12.2 pool)
mcl_flowers_azure_bluet.png,excluded,,,,no vanilla asset in dump (partial 1.12.2 pool)
mcl_flowers_blue_orchid.png,excluded,,,,no vanilla asset in dump (partial 1.12.2 pool)
mcl_flowers_bush.png,excluded,,,,no vanilla asset in dump (partial 1.12.2 pool)
mcl_flowers_cornflower.png,excluded,,,,no vanilla asset in dump (partial 1.12.2 pool)
mcl_flowers_double_plant_fern_inv.png,excluded,,,,no vanilla asset in dump (partial 1.12.2 pool)
mcl_flowers_double_plant_grass_inv.png,excluded,,,,no vanilla asset in dump (partial 1.12.2 pool)
mcl_flowers_dry_vegetation_palette.png,excluded,,,,no vanilla asset in dump (partial 1.12.2 pool)
mcl_flowers_fern_inv.png,excluded,,,,no vanilla asset in dump (partial 1.12.2 pool)
mcl_flowers_firefly_bush.png,excluded,,,,no vanilla asset in dump (partial 1.12.2 pool)
mcl_flowers_firefly_bush_inv.png,excluded,,,,no vanilla asset in dump (partial 1.12.2 pool)
mcl_flowers_leaf_litter.png,excluded,,,,no vanilla asset in dump (partial 1.12.2 pool)
mcl_flowers_lily_of_the_valley.png,excluded,,,,no vanilla asset in dump (partial 1.12.2 pool)
mcl_flowers_oxeye_daisy.png,excluded,,,,no vanilla asset in dump (partial 1.12.2 pool)
mcl_flowers_poppy.png,excluded,,,,no vanilla asset in dump (partial 1.12.2 pool)
mcl_flowers_short_dry_grass.png,excluded,,,,no vanilla asset in dump (partial 1.12.2 pool)
mcl_flowers_tall_dry_grass.png,excluded,,,,no vanilla asset in dump (partial 1.12.2 pool)
mcl_flowers_tallgrass_inv.png,excluded,,,,no vanilla asset in dump (partial 1.12.2 pool)
mcl_flowers_tulip_pink.png,excluded,,,,no vanilla asset in dump (partial 1.12.2 pool)
mcl_flowers_tulip_red.png,excluded,,,,no vanilla asset in dump (partial 1.12.2 pool)
mcl_flowers_tulip_white.png,excluded,,,,no vanilla asset in dump (partial 1.12.2 pool)
mcl_flowers_wildflower.png,excluded,,,,no vanilla asset in dump (partial 1.12.2 pool)
mcl_flowers_wildflower_stem.png,excluded,,,,no vanilla asset in dump (partial 1.12.2 pool)
mcl_flowers_wither_rose.png,excluded,,,,no vanilla asset in dump (partial 1.12.2 pool)
mcl_formspec_itemslot.png,excluded,,,,no vanilla asset in dump (partial 1.12.2 pool)
mcl_heads_piglin.png,excluded,,,,modern 1.13+ content (absent from 1.12.2 dump)
mcl_honey_block_bottom.png,excluded,,,,modern 1.13+ content (absent from 1.12.2 dump)
mcl_honey_block_side.png,excluded,,,,modern 1.13+ content (absent from 1.12.2 dump)
mcl_honey_block_top.png,excluded,,,,modern 1.13+ content (absent from 1.12.2 dump)
mcl_honey_honey_bottle.png,excluded,,,,modern 1.13+ content (absent from 1.12.2 dump)
mcl_honey_honeycomb.png,excluded,,,,modern 1.13+ content (absent from 1.12.2 dump)
mcl_honey_honeycomb_block.png,excluded,,,,modern 1.13+ content (absent from 1.12.2 dump)
mcl_hoppers_item.png,excluded,,,,no vanilla asset in dump (partial 1.12.2 pool)
mcl_hunger_bar_exhaustion.png,excluded,,,,GUI/formspec (not content)
mcl_hunger_bar_foodpoison.png,excluded,,,,GUI/formspec (not content)
mcl_hunger_bar_saturation.png,excluded,,,,GUI/formspec (not content)
mcl_hunger_bgicon_exhaustion.png,excluded,,,,GUI/formspec (not content)
mcl_hunger_bgicon_saturation.png,excluded,,,,GUI/formspec (not content)
mcl_hunger_icon_exhaustion.png,excluded,,,,GUI/formspec (not content)
mcl_hunger_icon_foodpoison.png,excluded,,,,GUI/formspec (not content)
mcl_hunger_icon_saturation.png,excluded,,,,GUI/formspec (not content)
mcl_inventory_background9.png,excluded,,,,GUI/formspec (not content)
mcl_inventory_bar.png,excluded,,,,GUI/formspec (not content)
mcl_inventory_bar_fill.png,excluded,,,,GUI/formspec (not content)
mcl_inventory_button9.png,excluded,,,,GUI/formspec (not content)
mcl_inventory_button9_pressed.png,excluded,,,,GUI/formspec (not content)
mcl_inventory_empty_armor_slot_shield.png,excluded,,,,GUI/formspec (not content)
mcl_inventory_hotbar.png,excluded,,,,GUI/formspec (not content)
mcl_inventory_hotbar_selected.png,excluded,,,,GUI/formspec (not content)
mcl_itemframes_glow_item_frame.png,excluded,,,,GUI/formspec (not content)
mcl_itemframes_glow_item_frame_border.png,excluded,,,,GUI/formspec (not content)
mcl_itemframes_invisible_glow_item_frame.png,excluded,,,,GUI/formspec (not content)
mcl_itemframes_invisible_item_frame.png,excluded,,,,GUI/formspec (not content)
mcl_lanterns_chain.png,excluded,,,,modern 1.13+ content (absent from 1.12.2 dump)
mcl_lanterns_chain_inv.png,excluded,,,,modern 1.13+ content (absent from 1.12.2 dump)
mcl_lanterns_lantern.png,excluded,,,,modern 1.13+ content (absent from 1.12.2 dump)
mcl_lanterns_lantern_inv.png,excluded,,,,modern 1.13+ content (absent from 1.12.2 dump)
mcl_lanterns_soul_lantern.png,excluded,,,,modern 1.13+ content (absent from 1.12.2 dump)
mcl_lanterns_soul_lantern_inv.png,excluded,,,,modern 1.13+ content (absent from 1.12.2 dump)
mcl_lectern_lectern.png,excluded,,,,no vanilla asset in dump (partial 1.12.2 pool)
mcl_levelgen_jigsaw_block_bottom.png,excluded,,,,no vanilla asset in dump (partial 1.12.2 pool)
mcl_levelgen_jigsaw_block_side_north.png,excluded,,,,no vanilla asset in dump (partial 1.12.2 pool)
mcl_levelgen_jigsaw_block_side_south.png,excluded,,,,no vanilla asset in dump (partial 1.12.2 pool)
mcl_levelgen_jigsaw_block_top.png,excluded,,,,no vanilla asset in dump (partial 1.12.2 pool)
mcl_levelgen_schematic_border_checkers.png,excluded,,,,no vanilla asset in dump (partial 1.12.2 pool)
mcl_levelgen_structure_block_corner_side.png,excluded,,,,no vanilla asset in dump (partial 1.12.2 pool)
mcl_levelgen_structure_block_corner_top.png,excluded,,,,no vanilla asset in dump (partial 1.12.2 pool)
mcl_levelgen_structure_block_data_side.png,excluded,,,,no vanilla asset in dump (partial 1.12.2 pool)
mcl_levelgen_structure_block_data_top.png,excluded,,,,no vanilla asset in dump (partial 1.12.2 pool)
mcl_levelgen_structure_block_load_side.png,excluded,,,,no vanilla asset in dump (partial 1.12.2 pool)
mcl_levelgen_structure_block_load_top.png,excluded,,,,no vanilla asset in dump (partial 1.12.2 pool)
mcl_levelgen_structure_block_save_side.png,excluded,,,,no vanilla asset in dump (partial 1.12.2 pool)
mcl_levelgen_structure_block_save_top.png,excluded,,,,no vanilla asset in dump (partial 1.12.2 pool)
mcl_levelgen_structure_block_side.png,excluded,,,,no vanilla asset in dump (partial 1.12.2 pool)
mcl_levelgen_structure_block_top.png,excluded,,,,no vanilla asset in dump (partial 1.12.2 pool)
mcl_levelgen_structure_void.png,excluded,,,,no vanilla asset in dump (partial 1.12.2 pool)
mcl_lightning_rods_rod.png,excluded,,,,particles/effects (not content)
mcl_lightning_rods_rod_exposed.png,excluded,,,,particles/effects (not content)
mcl_lightning_rods_rod_oxidized.png,excluded,,,,modern 1.13+ content (absent from 1.12.2 dump)
mcl_lightning_rods_rod_weathered.png,excluded,,,,particles/effects (not content)
mcl_loom_itemslot_bg_banner.png,excluded,,,,GUI/formspec (not content)
mcl_loom_itemslot_bg_dye.png,excluded,,,,GUI/formspec (not content)
mcl_loom_itemslot_bg_pattern.png,excluded,,,,GUI/formspec (not content)
mcl_lush_caves_azalea_flowering_side.png,excluded,,,,no vanilla asset in dump (partial 1.12.2 pool)
mcl_lush_caves_azalea_flowering_top.png,excluded,,,,no vanilla asset in dump (partial 1.12.2 pool)
mcl_lush_caves_azalea_leaves.png,excluded,,,,no vanilla asset in dump (partial 1.12.2 pool)
mcl_lush_caves_azalea_leaves_flowering.png,excluded,,,,no vanilla asset in dump (partial 1.12.2 pool)
mcl_lush_caves_azalea_plant.png,excluded,,,,no vanilla asset in dump (partial 1.12.2 pool)
mcl_lush_caves_azalea_side.png,excluded,,,,no vanilla asset in dump (partial 1.12.2 pool)
mcl_lush_caves_azalea_top.png,excluded,,,,no vanilla asset in dump (partial 1.12.2 pool)
mcl_lush_caves_big_dripleaf_side.png,excluded,,,,no vanilla asset in dump (partial 1.12.2 pool)
mcl_lush_caves_big_dripleaf_stem.png,excluded,,,,no vanilla asset in dump (partial 1.12.2 pool)
mcl_lush_caves_big_dripleaf_tip.png,excluded,,,,no vanilla asset in dump (partial 1.12.2 pool)
mcl_lush_caves_big_dripleaf_top.png,excluded,,,,no vanilla asset in dump (partial 1.12.2 pool)
mcl_lush_caves_cave_vines.png,excluded,,,,no vanilla asset in dump (partial 1.12.2 pool)
mcl_lush_caves_cave_vines_lit.png,excluded,,,,no vanilla asset in dump (partial 1.12.2 pool)
mcl_lush_caves_cave_vines_plant.png,excluded,,,,no vanilla asset in dump (partial 1.12.2 pool)
mcl_lush_caves_cave_vines_plant_lit.png,excluded,,,,no vanilla asset in dump (partial 1.12.2 pool)
mcl_lush_caves_dripleaf_big.png,excluded,,,,no vanilla asset in dump (partial 1.12.2 pool)
mcl_lush_caves_dripleaf_small.png,excluded,,,,no vanilla asset in dump (partial 1.12.2 pool)
mcl_lush_caves_dripleaf_stem.png,excluded,,,,no vanilla asset in dump (partial 1.12.2 pool)
mcl_lush_caves_glow_berries.png,excluded,,,,modern 1.13+ content (absent from 1.12.2 dump)
mcl_lush_caves_hanging_roots.png,excluded,,,,no vanilla asset in dump (partial 1.12.2 pool)
mcl_lush_caves_moss.png,excluded,,,,no vanilla asset in dump (partial 1.12.2 pool)
mcl_lush_caves_moss_block.png,excluded,,,,no vanilla asset in dump (partial 1.12.2 pool)
mcl_lush_caves_moss_carpet.png,excluded,,,,no vanilla asset in dump (partial 1.12.2 pool)
mcl_lush_caves_moss_carpet_side.png,excluded,,,,no vanilla asset in dump (partial 1.12.2 pool)
mcl_lush_caves_rooted_dirt.png,excluded,,,,no vanilla asset in dump (partial 1.12.2 pool)
mcl_lush_caves_small_dripleaf_side.png,excluded,,,,no vanilla asset in dump (partial 1.12.2 pool)
mcl_lush_caves_small_dripleaf_stem_bottom.png,excluded,,,,no vanilla asset in dump (partial 1.12.2 pool)
mcl_lush_caves_small_dripleaf_stem_top.png,excluded,,,,no vanilla asset in dump (partial 1.12.2 pool)
mcl_lush_caves_small_dripleaf_top.png,excluded,,,,no vanilla asset in dump (partial 1.12.2 pool)
mcl_lush_caves_spore_blossom.png,excluded,,,,no vanilla asset in dump (partial 1.12.2 pool)
mcl_lush_caves_spore_blossom_base.png,excluded,,,,no vanilla asset in dump (partial 1.12.2 pool)
mcl_lush_caves_spore_blossom_particle.png,excluded,,,,particles/effects (not content)
mcl_mangrove_door_bottom.png,excluded,,,,modern 1.13+ content (absent from 1.12.2 dump)
mcl_mangrove_door_top.png,excluded,,,,modern 1.13+ content (absent from 1.12.2 dump)
mcl_mangrove_doors.png,excluded,,,,modern 1.13+ content (absent from 1.12.2 dump)
mcl_mangrove_fence.png,excluded,,,,modern 1.13+ content (absent from 1.12.2 dump)
mcl_mangrove_fence_gate.png,excluded,,,,modern 1.13+ content (absent from 1.12.2 dump)
mcl_mangrove_leaves.png,excluded,,,,modern 1.13+ content (absent from 1.12.2 dump)
mcl_mangrove_log.png,excluded,,,,modern 1.13+ content (absent from 1.12.2 dump)
mcl_mangrove_log_top.png,excluded,,,,modern 1.13+ content (absent from 1.12.2 dump)
mcl_mangrove_planks.png,excluded,,,,modern 1.13+ content (absent from 1.12.2 dump)
mcl_mangrove_propagule.png,excluded,,,,modern 1.13+ content (absent from 1.12.2 dump)
mcl_mangrove_propagule_hanging.png,excluded,,,,modern 1.13+ content (absent from 1.12.2 dump)
mcl_mangrove_propagule_item.png,excluded,,,,modern 1.13+ content (absent from 1.12.2 dump)
mcl_mangrove_roots_side.png,excluded,,,,modern 1.13+ content (absent from 1.12.2 dump)
mcl_mangrove_roots_top.png,excluded,,,,modern 1.13+ content (absent from 1.12.2 dump)
mcl_mangrove_trapdoor.png,excluded,,,,modern 1.13+ content (mangrove trapdoor
mcl_mangrove_trapdoor_side.png,excluded,,,,modern 1.13+ content (absent from 1.12.2 dump)
mcl_maps_map_filled_markings.png,excluded,,,,no vanilla asset in dump (partial 1.12.2 pool)
mcl_maps_player_arrow.png,excluded,,,,GUI/formspec (not content)
mcl_maps_player_dot.png,excluded,,,,no vanilla asset in dump (partial 1.12.2 pool)
mcl_minecarts_rail_activator_crossing.png,excluded,,,,no vanilla asset in dump (partial 1.12.2 pool)
mcl_minecarts_rail_activator_crossing_powered.png,excluded,,,,no vanilla asset in dump (partial 1.12.2 pool)
mcl_minecarts_rail_activator_curved.png,excluded,,,,no vanilla asset in dump (partial 1.12.2 pool)
mcl_minecarts_rail_activator_curved_powered.png,excluded,,,,no vanilla asset in dump (partial 1.12.2 pool)
mcl_minecarts_rail_activator_t_junction.png,excluded,,,,no vanilla asset in dump (partial 1.12.2 pool)
mcl_minecarts_rail_activator_t_junction_powered.png,excluded,,,,no vanilla asset in dump (partial 1.12.2 pool)
mcl_minecarts_rail_detector_crossing.png,excluded,,,,no vanilla asset in dump (partial 1.12.2 pool)
mcl_minecarts_rail_detector_crossing_powered.png,excluded,,,,no vanilla asset in dump (partial 1.12.2 pool)
mcl_minecarts_rail_detector_curved.png,excluded,,,,no vanilla asset in dump (partial 1.12.2 pool)
mcl_minecarts_rail_detector_curved_powered.png,excluded,,,,no vanilla asset in dump (partial 1.12.2 pool)
mcl_minecarts_rail_detector_t_junction.png,excluded,,,,no vanilla asset in dump (partial 1.12.2 pool)
mcl_minecarts_rail_detector_t_junction_powered.png,excluded,,,,no vanilla asset in dump (partial 1.12.2 pool)
mcl_minecarts_rail_golden_crossing.png,excluded,,,,no vanilla asset in dump (partial 1.12.2 pool)
mcl_minecarts_rail_golden_crossing_powered.png,excluded,,,,no vanilla asset in dump (partial 1.12.2 pool)
mcl_minecarts_rail_golden_curved.png,excluded,,,,no vanilla asset in dump (partial 1.12.2 pool)
mcl_minecarts_rail_golden_curved_powered.png,excluded,,,,no vanilla asset in dump (partial 1.12.2 pool)
mcl_minecarts_rail_golden_t_junction.png,excluded,,,,no vanilla asset in dump (partial 1.12.2 pool)
mcl_minecarts_rail_golden_t_junction_powered.png,excluded,,,,no vanilla asset in dump (partial 1.12.2 pool)
mcl_mobitems_breeze_rod.png,excluded,,,,modern 1.13+ content (absent from 1.12.2 dump)
mcl_mobitems_copper_horse_armor.png,excluded,,,,modern 1.13+ content (absent from 1.12.2 dump)
mcl_mobitems_heart_of_the_sea.png,excluded,,,,particles/effects (not content)
mcl_mobitems_heart_of_the_sea_split.png,excluded,,,,particles/effects (not content)
mcl_mobitems_horse_armor_copper.png,excluded,,,,modern 1.13+ content (absent from 1.12.2 dump)
mcl_mobitems_horse_armor_leather.png,excluded,,,,no vanilla asset in dump (partial 1.12.2 pool)
mcl_mobitems_horse_armor_leather_desat.png,excluded,,,,no vanilla asset in dump (partial 1.12.2 pool)
mcl_mobitems_ink_sac.png,excluded,,,,no vanilla asset in dump (partial 1.12.2 pool)
mcl_mobitems_leather_horse_armor.png,excluded,,,,no vanilla asset in dump (partial 1.12.2 pool)
mcl_mobitems_leather_horse_armor_desat.png,excluded,,,,no vanilla asset in dump (partial 1.12.2 pool)
mcl_mobitems_nametag.png,excluded,,,,no vanilla asset in dump (partial 1.12.2 pool)
mcl_mobitems_nautilus_shell.png,excluded,,,,no vanilla asset in dump (partial 1.12.2 pool)
mcl_mobitems_shulker_shell.png,excluded,,,,no vanilla asset in dump (partial 1.12.2 pool)
mcl_mobitems_warped_fungus_on_a_stick.png,excluded,,,,modern 1.13+ content (absent from 1.12.2 dump)
mcl_mobs_hud_vehicle_container.png,excluded,,,,GUI/formspec (not content)
mcl_mobs_hud_vehicle_full.png,excluded,,,,GUI/formspec (not content)
mcl_mobs_hud_vehicle_half.png,excluded,,,,GUI/formspec (not content)
mcl_mud.png,excluded,,,,no vanilla asset in dump (partial 1.12.2 pool)
mcl_mud_bricks.png,excluded,,,,modern 1.13+ content (mud bricks
mcl_mud_packed_mud.png,excluded,,,,no vanilla asset in dump (partial 1.12.2 pool)
mcl_nether_ancient_debris_side.png,excluded,,,,no vanilla asset in dump (partial 1.12.2 pool)
mcl_nether_ancient_debris_top.png,excluded,,,,no vanilla asset in dump (partial 1.12.2 pool)
mcl_nether_chiseled_nether_bricks.png,excluded,,,,no vanilla asset in dump (partial 1.12.2 pool)
mcl_nether_cracked_nether_bricks.png,excluded,,,,no vanilla asset in dump (partial 1.12.2 pool)
mcl_nether_gold_ore.png,excluded,,,,modern 1.13+ content (nether gold ore
mcl_nether_magma.png,excluded,,,,no vanilla asset in dump (partial 1.12.2 pool)
mcl_nether_nether_wart_block.png,excluded,,,,no vanilla asset in dump (partial 1.12.2 pool)
mcl_nether_netherite_ingot.png,excluded,,,,modern 1.13+ content (absent from 1.12.2 dump)
mcl_nether_netherite_scrap.png,excluded,,,,modern 1.13+ content (absent from 1.12.2 dump)
mcl_nether_netherite_upgrade_template.png,excluded,,,,modern 1.13+ content (absent from 1.12.2 dump)
mcl_nether_netheriteblock.png,excluded,,,,no vanilla asset in dump (partial 1.12.2 pool)
mcl_nether_red_nether_brick.png,excluded,,,,no vanilla asset in dump (partial 1.12.2 pool)
mcl_observers_observer_back.png,excluded,,,,modern 1.13+ content (absent from 1.12.2 dump)
mcl_observers_observer_back_lit.png,excluded,,,,modern 1.13+ content (absent from 1.12.2 dump)
mcl_observers_observer_front.png,excluded,,,,modern 1.13+ content (absent from 1.12.2 dump)
mcl_observers_observer_side.png,excluded,,,,modern 1.13+ content (absent from 1.12.2 dump)
mcl_observers_observer_top.png,excluded,,,,modern 1.13+ content (absent from 1.12.2 dump)
mcl_ocean_brain_coral.png,excluded,,,,no vanilla asset in dump (partial 1.12.2 pool)
mcl_ocean_brain_coral_block.png,excluded,,,,no vanilla asset in dump (partial 1.12.2 pool)
mcl_ocean_brain_coral_fan.png,excluded,,,,no vanilla asset in dump (partial 1.12.2 pool)
mcl_ocean_bubble_coral.png,excluded,,,,particles/effects (not content)
mcl_ocean_bubble_coral_block.png,excluded,,,,particles/effects (not content)
mcl_ocean_bubble_coral_fan.png,excluded,,,,particles/effects (not content)
mcl_ocean_dead_brain_coral.png,excluded,,,,no vanilla asset in dump (partial 1.12.2 pool)
mcl_ocean_dead_brain_coral_block.png,excluded,,,,no vanilla asset in dump (partial 1.12.2 pool)
mcl_ocean_dead_brain_coral_fan.png,excluded,,,,no vanilla asset in dump (partial 1.12.2 pool)
mcl_ocean_dead_bubble_coral.png,excluded,,,,particles/effects (not content)
mcl_ocean_dead_bubble_coral_block.png,excluded,,,,particles/effects (not content)
mcl_ocean_dead_bubble_coral_fan.png,excluded,,,,particles/effects (not content)
mcl_ocean_dead_fire_coral.png,excluded,,,,no vanilla asset in dump (partial 1.12.2 pool)
mcl_ocean_dead_fire_coral_block.png,excluded,,,,no vanilla asset in dump (partial 1.12.2 pool)
mcl_ocean_dead_fire_coral_fan.png,excluded,,,,no vanilla asset in dump (partial 1.12.2 pool)
mcl_ocean_dead_horn_coral.png,excluded,,,,no vanilla asset in dump (partial 1.12.2 pool)
mcl_ocean_dead_horn_coral_block.png,excluded,,,,no vanilla asset in dump (partial 1.12.2 pool)
mcl_ocean_dead_horn_coral_fan.png,excluded,,,,no vanilla asset in dump (partial 1.12.2 pool)
mcl_ocean_dead_tube_coral.png,excluded,,,,no vanilla asset in dump (partial 1.12.2 pool)
mcl_ocean_dead_tube_coral_block.png,excluded,,,,no vanilla asset in dump (partial 1.12.2 pool)
mcl_ocean_dead_tube_coral_fan.png,excluded,,,,no vanilla asset in dump (partial 1.12.2 pool)
mcl_ocean_dried_kelp.png,excluded,,,,no vanilla asset in dump (partial 1.12.2 pool)
mcl_ocean_dried_kelp_bottom.png,excluded,,,,no vanilla asset in dump (partial 1.12.2 pool)
mcl_ocean_dried_kelp_side.png,excluded,,,,no vanilla asset in dump (partial 1.12.2 pool)
mcl_ocean_dried_kelp_top.png,excluded,,,,no vanilla asset in dump (partial 1.12.2 pool)
mcl_ocean_fire_coral.png,excluded,,,,no vanilla asset in dump (partial 1.12.2 pool)
mcl_ocean_fire_coral_block.png,excluded,,,,no vanilla asset in dump (partial 1.12.2 pool)
mcl_ocean_fire_coral_fan.png,excluded,,,,no vanilla asset in dump (partial 1.12.2 pool)
mcl_ocean_horn_coral.png,excluded,,,,no vanilla asset in dump (partial 1.12.2 pool)
mcl_ocean_horn_coral_block.png,excluded,,,,no vanilla asset in dump (partial 1.12.2 pool)
mcl_ocean_horn_coral_fan.png,excluded,,,,no vanilla asset in dump (partial 1.12.2 pool)
mcl_ocean_kelp_item.png,excluded,,,,no vanilla asset in dump (partial 1.12.2 pool)
mcl_ocean_kelp_plant.png,excluded,,,,no vanilla asset in dump (partial 1.12.2 pool)
mcl_ocean_prismarine_anim.png,excluded,,,,no vanilla asset in dump (partial 1.12.2 pool)
mcl_ocean_sea_pickle_1_anim.png,excluded,,,,no vanilla asset in dump (partial 1.12.2 pool)
mcl_ocean_sea_pickle_1_off.png,excluded,,,,no vanilla asset in dump (partial 1.12.2 pool)
mcl_ocean_sea_pickle_2_anim.png,excluded,,,,no vanilla asset in dump (partial 1.12.2 pool)
mcl_ocean_sea_pickle_2_off.png,excluded,,,,no vanilla asset in dump (partial 1.12.2 pool)
mcl_ocean_sea_pickle_3_anim.png,excluded,,,,no vanilla asset in dump (partial 1.12.2 pool)
mcl_ocean_sea_pickle_3_off.png,excluded,,,,no vanilla asset in dump (partial 1.12.2 pool)
mcl_ocean_sea_pickle_4_anim.png,excluded,,,,no vanilla asset in dump (partial 1.12.2 pool)
mcl_ocean_sea_pickle_4_off.png,excluded,,,,no vanilla asset in dump (partial 1.12.2 pool)
mcl_ocean_sea_pickle_item.png,excluded,,,,no vanilla asset in dump (partial 1.12.2 pool)
mcl_ocean_seagrass.png,excluded,,,,no vanilla asset in dump (partial 1.12.2 pool)
mcl_ocean_seagrass_item.png,excluded,,,,no vanilla asset in dump (partial 1.12.2 pool)
mcl_ocean_tube_coral.png,excluded,,,,no vanilla asset in dump (partial 1.12.2 pool)
mcl_ocean_tube_coral_block.png,excluded,,,,no vanilla asset in dump (partial 1.12.2 pool)
mcl_ocean_tube_coral_fan.png,excluded,,,,no vanilla asset in dump (partial 1.12.2 pool)
mcl_offhand_slot.png,excluded,,,,GUI/formspec (not content)
mcl_paintings_frame.png,excluded,,,,GUI/formspec (not content)
mcl_paintings_painting_ancient_octopus.png,excluded,,,,no vanilla asset in dump (partial 1.12.2 pool)
mcl_paintings_painting_balding_man.png,excluded,,,,no vanilla asset in dump (partial 1.12.2 pool)
mcl_paintings_painting_battle_axe.png,excluded,,,,no vanilla asset in dump (partial 1.12.2 pool)
mcl_paintings_painting_blue_banner.png,excluded,,,,no vanilla asset in dump (partial 1.12.2 pool)
mcl_paintings_painting_butcher_knives.png,excluded,,,,no vanilla asset in dump (partial 1.12.2 pool)
mcl_paintings_painting_cooking_utensils.png,excluded,,,,no vanilla asset in dump (partial 1.12.2 pool)
mcl_paintings_painting_decorative_swords.png,excluded,,,,no vanilla asset in dump (partial 1.12.2 pool)
mcl_paintings_painting_dense_jungle_forest.png,excluded,,,,no vanilla asset in dump (partial 1.12.2 pool)
mcl_paintings_painting_desert_castle.png,excluded,,,,no vanilla asset in dump (partial 1.12.2 pool)
mcl_paintings_painting_elf_utopia.png,excluded,,,,no vanilla asset in dump (partial 1.12.2 pool)
mcl_paintings_painting_endless_dunes.png,excluded,,,,no vanilla asset in dump (partial 1.12.2 pool)
mcl_paintings_painting_froggy_pond.png,excluded,,,,no vanilla asset in dump (partial 1.12.2 pool)
mcl_paintings_painting_gloom_mountain.png,excluded,,,,no vanilla asset in dump (partial 1.12.2 pool)
mcl_paintings_painting_green_banner.png,excluded,,,,no vanilla asset in dump (partial 1.12.2 pool)
mcl_paintings_painting_green_bottles.png,excluded,,,,no vanilla asset in dump (partial 1.12.2 pool)
mcl_paintings_painting_moonshine_tundra.png,excluded,,,,no vanilla asset in dump (partial 1.12.2 pool)
mcl_paintings_painting_mountain_tower.png,excluded,,,,no vanilla asset in dump (partial 1.12.2 pool)
mcl_paintings_painting_notes.png,excluded,,,,no vanilla asset in dump (partial 1.12.2 pool)
mcl_paintings_painting_poster.png,excluded,,,,no vanilla asset in dump (partial 1.12.2 pool)
mcl_paintings_painting_quest_board.png,excluded,,,,no vanilla asset in dump (partial 1.12.2 pool)
mcl_paintings_painting_sarmatian_decoration.png,excluded,,,,no vanilla asset in dump (partial 1.12.2 pool)
mcl_paintings_painting_snowy_mountain.png,excluded,,,,no vanilla asset in dump (partial 1.12.2 pool)
mcl_paintings_painting_support_truss.png,excluded,,,,no vanilla asset in dump (partial 1.12.2 pool)
mcl_paintings_painting_viking_shield.png,excluded,,,,modern 1.13+ content (absent from 1.12.2 dump)
mcl_paintings_painting_volendam_costume.png,excluded,,,,no vanilla asset in dump (partial 1.12.2 pool)
mcl_paintings_painting_waterfall_bridge.png,excluded,,,,no vanilla asset in dump (partial 1.12.2 pool)
mcl_pale_oak_chiseled_resin_bricks.png,excluded,,,,modern 1.13+ content (absent from 1.12.2 dump)
mcl_pale_oak_door_bottom.png,excluded,,,,modern 1.13+ content (absent from 1.12.2 dump)
mcl_pale_oak_door_item.png,excluded,,,,modern 1.13+ content (absent from 1.12.2 dump)
mcl_pale_oak_door_top.png,excluded,,,,modern 1.13+ content (absent from 1.12.2 dump)
mcl_pale_oak_eyeblossom.png,excluded,,,,modern 1.13+ content (absent from 1.12.2 dump)
mcl_pale_oak_eyeblossom_open.png,excluded,,,,modern 1.13+ content (absent from 1.12.2 dump)
mcl_pale_oak_hanging_moss.png,excluded,,,,modern 1.13+ content (absent from 1.12.2 dump)
mcl_pale_oak_hanging_moss_tip.png,excluded,,,,modern 1.13+ content (absent from 1.12.2 dump)
mcl_pale_oak_leaves.png,excluded,,,,modern 1.13+ content (absent from 1.12.2 dump)
mcl_pale_oak_log.png,excluded,,,,modern 1.13+ content (absent from 1.12.2 dump)
mcl_pale_oak_log_top.png,excluded,,,,modern 1.13+ content (absent from 1.12.2 dump)
mcl_pale_oak_moss.png,excluded,,,,modern 1.13+ content (absent from 1.12.2 dump)
mcl_pale_oak_planks.png,excluded,,,,modern 1.13+ content (absent from 1.12.2 dump)
mcl_pale_oak_resin_block.png,excluded,,,,modern 1.13+ content (absent from 1.12.2 dump)
mcl_pale_oak_resin_brick.png,excluded,,,,modern 1.13+ content (absent from 1.12.2 dump)
mcl_pale_oak_resin_brick_block.png,excluded,,,,modern 1.13+ content (absent from 1.12.2 dump)
mcl_pale_oak_resin_clump.png,excluded,,,,modern 1.13+ content (absent from 1.12.2 dump)
mcl_pale_oak_sapling_pale_oak.png,excluded,,,,modern 1.13+ content (absent from 1.12.2 dump)
mcl_pale_oak_trapdoor.png,excluded,,,,modern 1.13+ content (absent from 1.12.2 dump)
mcl_pale_oak_trapdoor_side.png,excluded,,,,modern 1.13+ content (absent from 1.12.2 dump)
mcl_particles_angry_villager.png,excluded,,,,particles/effects (not content)
mcl_particles_bonemeal.png,excluded,,,,particles/effects (not content)
mcl_particles_bubble.png,excluded,,,,particles/effects (not content)
mcl_particles_crit.png,excluded,,,,particles/effects (not content)
mcl_particles_dragon_breath_1.png,excluded,,,,particles/effects (not content)
mcl_particles_dragon_breath_2.png,excluded,,,,particles/effects (not content)
mcl_particles_dragon_breath_3.png,excluded,,,,particles/effects (not content)
mcl_particles_droplet_bottle.png,excluded,,,,particles/effects (not content)
mcl_particles_effect.png,excluded,,,,particles/effects (not content)
mcl_particles_fire_flame.png,excluded,,,,particles/effects (not content)
mcl_particles_instant_effect.png,excluded,,,,particles/effects (not content)
mcl_particles_lava.png,excluded,,,,particles/effects (not content)
mcl_particles_mob_death.png,excluded,,,,particles/effects (not content)
mcl_particles_nether_dust1.png,excluded,,,,particles/effects (not content)
mcl_particles_nether_dust2.png,excluded,,,,particles/effects (not content)
mcl_particles_nether_dust3.png,excluded,,,,particles/effects (not content)
mcl_particles_nether_portal.png,excluded,,,,particles/effects (not content)
mcl_particles_nether_portal_t.png,excluded,,,,particles/effects (not content)
mcl_particles_note.png,excluded,,,,particles/effects (not content)
mcl_particles_smoke.png,excluded,,,,particles/effects (not content)
mcl_particles_smoke_anim.png,excluded,,,,particles/effects (not content)
mcl_particles_soul_fire_flame.png,excluded,,,,modern 1.13+ content (absent from 1.12.2 dump)
mcl_particles_sponge1.png,excluded,,,,particles/effects (not content)
mcl_particles_sponge2.png,excluded,,,,particles/effects (not content)
mcl_particles_sponge3.png,excluded,,,,particles/effects (not content)
mcl_particles_sponge4.png,excluded,,,,particles/effects (not content)
mcl_particles_sponge5.png,excluded,,,,particles/effects (not content)
mcl_particles_squid_ink.png,excluded,,,,particles/effects (not content)
mcl_particles_squid_ink_1.png,excluded,,,,particles/effects (not content)
mcl_particles_squid_ink_2.png,excluded,,,,particles/effects (not content)
mcl_particles_teleport.png,excluded,,,,particles/effects (not content)
mcl_particles_totem1.png,excluded,,,,particles/effects (not content)
mcl_particles_totem2.png,excluded,,,,particles/effects (not content)
mcl_particles_totem3.png,excluded,,,,particles/effects (not content)
mcl_particles_totem4.png,excluded,,,,particles/effects (not content)
mcl_player_settings.png,excluded,,,,no vanilla asset in dump (partial 1.12.2 pool)
mcl_portals_endframe_bottom.png,excluded,,,,no vanilla asset in dump (partial 1.12.2 pool)
mcl_portals_particle1.png,excluded,,,,no vanilla asset in dump (partial 1.12.2 pool)
mcl_portals_particle2.png,excluded,,,,no vanilla asset in dump (partial 1.12.2 pool)
mcl_portals_particle3.png,excluded,,,,no vanilla asset in dump (partial 1.12.2 pool)
mcl_portals_particle4.png,excluded,,,,no vanilla asset in dump (partial 1.12.2 pool)
mcl_portals_particle5.png,excluded,,,,no vanilla asset in dump (partial 1.12.2 pool)
mcl_potions_arrow_inv.png,excluded,,,,GUI/formspec (not content)
mcl_potions_blindness_hud.png,excluded,,,,GUI/formspec (not content)
mcl_potions_dragon_breath.png,excluded,,,,no vanilla asset in dump (partial 1.12.2 pool)
mcl_potions_effect_absorbtion.png,excluded,,,,no vanilla asset in dump (partial 1.12.2 pool)
mcl_potions_effect_absorption.png,excluded,,,,no vanilla asset in dump (partial 1.12.2 pool)
mcl_potions_effect_bad_luck.png,excluded,,,,no vanilla asset in dump (partial 1.12.2 pool)
mcl_potions_effect_bad_omen.png,excluded,,,,no vanilla asset in dump (partial 1.12.2 pool)
mcl_potions_effect_blindness.png,excluded,,,,no vanilla asset in dump (partial 1.12.2 pool)
mcl_potions_effect_conduit_power.png,excluded,,,,modern 1.13+ content (absent from 1.12.2 dump)
mcl_potions_effect_darkness.png,excluded,,,,no vanilla asset in dump (partial 1.12.2 pool)
mcl_potions_effect_dolphin_grace.png,excluded,,,,no vanilla asset in dump (partial 1.12.2 pool)
mcl_potions_effect_fatigue.png,excluded,,,,no vanilla asset in dump (partial 1.12.2 pool)
mcl_potions_effect_fire_proof.png,excluded,,,,no vanilla asset in dump (partial 1.12.2 pool)
mcl_potions_effect_food_poisoning.png,excluded,,,,no vanilla asset in dump (partial 1.12.2 pool)
mcl_potions_effect_glowing.png,excluded,,,,no vanilla asset in dump (partial 1.12.2 pool)
mcl_potions_effect_haste.png,excluded,,,,no vanilla asset in dump (partial 1.12.2 pool)
mcl_potions_effect_health_boost.png,excluded,,,,no vanilla asset in dump (partial 1.12.2 pool)
mcl_potions_effect_hero_of_village.png,excluded,,,,no vanilla asset in dump (partial 1.12.2 pool)
mcl_potions_effect_infested.png,excluded,,,,no vanilla asset in dump (partial 1.12.2 pool)
mcl_potions_effect_invisible.png,excluded,,,,no vanilla asset in dump (partial 1.12.2 pool)
mcl_potions_effect_leaping.png,excluded,,,,no vanilla asset in dump (partial 1.12.2 pool)
mcl_potions_effect_levitation.png,excluded,,,,no vanilla asset in dump (partial 1.12.2 pool)
mcl_potions_effect_luck.png,excluded,,,,no vanilla asset in dump (partial 1.12.2 pool)
mcl_potions_effect_nausea.png,excluded,,,,no vanilla asset in dump (partial 1.12.2 pool)
mcl_potions_effect_night_vision.png,excluded,,,,no vanilla asset in dump (partial 1.12.2 pool)
mcl_potions_effect_oozing.png,excluded,,,,no vanilla asset in dump (partial 1.12.2 pool)
mcl_potions_effect_poisoned.png,excluded,,,,no vanilla asset in dump (partial 1.12.2 pool)
mcl_potions_effect_regenerating.png,excluded,,,,no vanilla asset in dump (partial 1.12.2 pool)
mcl_potions_effect_regeneration.png,excluded,,,,no vanilla asset in dump (partial 1.12.2 pool)
mcl_potions_effect_resistance.png,excluded,,,,no vanilla asset in dump (partial 1.12.2 pool)
mcl_potions_effect_saturation.png,excluded,,,,no vanilla asset in dump (partial 1.12.2 pool)
mcl_potions_effect_slow.png,excluded,,,,no vanilla asset in dump (partial 1.12.2 pool)
mcl_potions_effect_slow_falling.png,excluded,,,,no vanilla asset in dump (partial 1.12.2 pool)
mcl_potions_effect_strong.png,excluded,,,,no vanilla asset in dump (partial 1.12.2 pool)
mcl_potions_effect_swift.png,excluded,,,,no vanilla asset in dump (partial 1.12.2 pool)
mcl_potions_effect_trial_omen.png,excluded,,,,modern 1.13+ content (absent from 1.12.2 dump)
mcl_potions_effect_water_breathing.png,excluded,,,,no vanilla asset in dump (partial 1.12.2 pool)
mcl_potions_effect_weak.png,excluded,,,,no vanilla asset in dump (partial 1.12.2 pool)
mcl_potions_effect_weaving.png,excluded,,,,no vanilla asset in dump (partial 1.12.2 pool)
mcl_potions_effect_wind_charged.png,excluded,,,,no vanilla asset in dump (partial 1.12.2 pool)
mcl_potions_effect_withering.png,excluded,,,,no vanilla asset in dump (partial 1.12.2 pool)
mcl_potions_glow_waypoint.png,excluded,,,,modern 1.13+ content (absent from 1.12.2 dump)
mcl_potions_icon_absorb.png,excluded,,,,GUI/formspec (not content)
mcl_potions_icon_regen_wither.png,excluded,,,,GUI/formspec (not content)
mcl_potions_icon_wither.png,excluded,,,,GUI/formspec (not content)
mcl_potions_lingering_bottle.png,excluded,,,,no vanilla asset in dump (partial 1.12.2 pool)
mcl_potions_ominous_potion.png,excluded,,,,no vanilla asset in dump (partial 1.12.2 pool)
mcl_potions_potion_bottle.png,excluded,,,,no vanilla asset in dump (partial 1.12.2 pool)
mcl_potions_splash_bottle.png,excluded,,,,particles/effects (not content)
mcl_potions_splash_overlay.png,excluded,,,,particles/effects (not content)
mcl_pottery_sherds.png,excluded,,,,modern 1.13+ content (absent from 1.12.2 dump)
mcl_pottery_sherds_angler.png,excluded,,,,modern 1.13+ content (absent from 1.12.2 dump)
mcl_pottery_sherds_archer.png,excluded,,,,modern 1.13+ content (absent from 1.12.2 dump)
mcl_pottery_sherds_arms_up.png,excluded,,,,modern 1.13+ content (absent from 1.12.2 dump)
mcl_pottery_sherds_blade.png,excluded,,,,modern 1.13+ content (absent from 1.12.2 dump)
mcl_pottery_sherds_brewer.png,excluded,,,,modern 1.13+ content (absent from 1.12.2 dump)
mcl_pottery_sherds_burn.png,excluded,,,,modern 1.13+ content (absent from 1.12.2 dump)
mcl_pottery_sherds_danger.png,excluded,,,,modern 1.13+ content (absent from 1.12.2 dump)
mcl_pottery_sherds_explorer.png,excluded,,,,modern 1.13+ content (absent from 1.12.2 dump)
mcl_pottery_sherds_flow.png,excluded,,,,modern 1.13+ content (absent from 1.12.2 dump)
mcl_pottery_sherds_friend.png,excluded,,,,modern 1.13+ content (absent from 1.12.2 dump)
mcl_pottery_sherds_guster.png,excluded,,,,modern 1.13+ content (absent from 1.12.2 dump)
mcl_pottery_sherds_heart.png,excluded,,,,modern 1.13+ content (absent from 1.12.2 dump)
mcl_pottery_sherds_heartbreak.png,excluded,,,,modern 1.13+ content (absent from 1.12.2 dump)
mcl_pottery_sherds_howl.png,excluded,,,,modern 1.13+ content (absent from 1.12.2 dump)
mcl_pottery_sherds_miner.png,excluded,,,,modern 1.13+ content (absent from 1.12.2 dump)
mcl_pottery_sherds_mourner.png,excluded,,,,modern 1.13+ content (absent from 1.12.2 dump)
mcl_pottery_sherds_pattern_angler.png,excluded,,,,modern 1.13+ content (absent from 1.12.2 dump)
mcl_pottery_sherds_pattern_archer.png,excluded,,,,modern 1.13+ content (absent from 1.12.2 dump)
mcl_pottery_sherds_pattern_arms_up.png,excluded,,,,modern 1.13+ content (absent from 1.12.2 dump)
mcl_pottery_sherds_pattern_blade.png,excluded,,,,modern 1.13+ content (absent from 1.12.2 dump)
mcl_pottery_sherds_pattern_brewer.png,excluded,,,,modern 1.13+ content (absent from 1.12.2 dump)
mcl_pottery_sherds_pattern_burn.png,excluded,,,,modern 1.13+ content (absent from 1.12.2 dump)
mcl_pottery_sherds_pattern_danger.png,excluded,,,,modern 1.13+ content (absent from 1.12.2 dump)
mcl_pottery_sherds_pattern_explorer.png,excluded,,,,modern 1.13+ content (absent from 1.12.2 dump)
mcl_pottery_sherds_pattern_flow.png,excluded,,,,modern 1.13+ content (absent from 1.12.2 dump)
mcl_pottery_sherds_pattern_friend.png,excluded,,,,modern 1.13+ content (absent from 1.12.2 dump)
mcl_pottery_sherds_pattern_guster.png,excluded,,,,modern 1.13+ content (absent from 1.12.2 dump)
mcl_pottery_sherds_pattern_heart.png,excluded,,,,modern 1.13+ content (absent from 1.12.2 dump)
mcl_pottery_sherds_pattern_heartbreak.png,excluded,,,,modern 1.13+ content (absent from 1.12.2 dump)
mcl_pottery_sherds_pattern_howl.png,excluded,,,,modern 1.13+ content (absent from 1.12.2 dump)
mcl_pottery_sherds_pattern_miner.png,excluded,,,,modern 1.13+ content (absent from 1.12.2 dump)
mcl_pottery_sherds_pattern_mourner.png,excluded,,,,modern 1.13+ content (absent from 1.12.2 dump)
mcl_pottery_sherds_pattern_plenty.png,excluded,,,,modern 1.13+ content (absent from 1.12.2 dump)
mcl_pottery_sherds_pattern_prize.png,excluded,,,,modern 1.13+ content (absent from 1.12.2 dump)
mcl_pottery_sherds_pattern_scrape.png,excluded,,,,modern 1.13+ content (absent from 1.12.2 dump)
mcl_pottery_sherds_pattern_sheaf.png,excluded,,,,modern 1.13+ content (absent from 1.12.2 dump)
mcl_pottery_sherds_pattern_shelter.png,excluded,,,,modern 1.13+ content (absent from 1.12.2 dump)
mcl_pottery_sherds_pattern_skull.png,excluded,,,,modern 1.13+ content (absent from 1.12.2 dump)
mcl_pottery_sherds_pattern_snort.png,excluded,,,,modern 1.13+ content (absent from 1.12.2 dump)
mcl_pottery_sherds_plenty.png,excluded,,,,modern 1.13+ content (absent from 1.12.2 dump)
mcl_pottery_sherds_pot_1.png,excluded,,,,modern 1.13+ content (absent from 1.12.2 dump)
mcl_pottery_sherds_pot_10.png,excluded,,,,modern 1.13+ content (absent from 1.12.2 dump)
mcl_pottery_sherds_pot_2.png,excluded,,,,modern 1.13+ content (absent from 1.12.2 dump)
mcl_pottery_sherds_pot_3.png,excluded,,,,modern 1.13+ content (absent from 1.12.2 dump)
mcl_pottery_sherds_pot_4.png,excluded,,,,modern 1.13+ content (absent from 1.12.2 dump)
mcl_pottery_sherds_pot_5.png,excluded,,,,modern 1.13+ content (absent from 1.12.2 dump)
mcl_pottery_sherds_pot_6.png,excluded,,,,modern 1.13+ content (absent from 1.12.2 dump)
mcl_pottery_sherds_pot_7.png,excluded,,,,modern 1.13+ content (absent from 1.12.2 dump)
mcl_pottery_sherds_pot_8.png,excluded,,,,modern 1.13+ content (absent from 1.12.2 dump)
mcl_pottery_sherds_pot_9.png,excluded,,,,modern 1.13+ content (absent from 1.12.2 dump)
mcl_pottery_sherds_pot_bottom.png,excluded,,,,modern 1.13+ content (absent from 1.12.2 dump)
mcl_pottery_sherds_pot_side.png,excluded,,,,modern 1.13+ content (absent from 1.12.2 dump)
mcl_pottery_sherds_pot_top.png,excluded,,,,modern 1.13+ content (absent from 1.12.2 dump)
mcl_pottery_sherds_prize.png,excluded,,,,modern 1.13+ content (absent from 1.12.2 dump)
mcl_pottery_sherds_scrape.png,excluded,,,,modern 1.13+ content (absent from 1.12.2 dump)
mcl_pottery_sherds_sheaf.png,excluded,,,,modern 1.13+ content (absent from 1.12.2 dump)
mcl_pottery_sherds_shelter.png,excluded,,,,modern 1.13+ content (absent from 1.12.2 dump)
mcl_pottery_sherds_skull.png,excluded,,,,modern 1.13+ content (absent from 1.12.2 dump)
mcl_pottery_sherds_snort.png,excluded,,,,modern 1.13+ content (absent from 1.12.2 dump)
mcl_raids_hero_of_the_village_icon.png,excluded,,,,GUI/formspec (not content)
mcl_raw_ores_raw_gold.png,excluded,,,,modern 1.13+ content (absent from 1.12.2 dump)
mcl_raw_ores_raw_gold_block.png,excluded,,,,modern 1.13+ content (absent from 1.12.2 dump)
mcl_raw_ores_raw_iron.png,excluded,,,,modern 1.13+ content (absent from 1.12.2 dump)
mcl_raw_ores_raw_iron_block.png,excluded,,,,modern 1.13+ content (absent from 1.12.2 dump)
mcl_redstone_palette_power.png,excluded,,,,no vanilla asset in dump (partial 1.12.2 pool)
mcl_sculk_catalyst_bottom.png,excluded,,,,modern 1.13+ content (absent from 1.12.2 dump)
mcl_sculk_catalyst_side.png,excluded,,,,modern 1.13+ content (absent from 1.12.2 dump)
mcl_sculk_catalyst_top.png,excluded,,,,modern 1.13+ content (absent from 1.12.2 dump)
mcl_sculk_echo_shard.png,excluded,,,,modern 1.13+ content (absent from 1.12.2 dump)
mcl_sculk_sculk.png,excluded,,,,modern 1.13+ content (absent from 1.12.2 dump)
mcl_sculk_sensor_bottom.png,excluded,,,,modern 1.13+ content (absent from 1.12.2 dump)
mcl_sculk_sensor_side.png,excluded,,,,modern 1.13+ content (absent from 1.12.2 dump)
mcl_sculk_sensor_top.png,excluded,,,,modern 1.13+ content (absent from 1.12.2 dump)
mcl_sculk_shrieker_bottom.png,excluded,,,,modern 1.13+ content (absent from 1.12.2 dump)
mcl_sculk_shrieker_side.png,excluded,,,,modern 1.13+ content (absent from 1.12.2 dump)
mcl_sculk_shrieker_top.png,excluded,,,,modern 1.13+ content (absent from 1.12.2 dump)
mcl_sculk_vein.png,excluded,,,,modern 1.13+ content (absent from 1.12.2 dump)
mcl_shield_48.png,excluded,,,,modern 1.13+ content (absent from 1.12.2 dump)
mcl_shield_base_nopattern.png,excluded,,,,modern 1.13+ content (absent from 1.12.2 dump)
mcl_shield_hud.png,excluded,,,,GUI/formspec (not content)
mcl_shield_pattern_base.png,excluded,,,,modern 1.13+ content (absent from 1.12.2 dump)
mcl_signs_default_sign_greyscale.png,excluded,,,,no vanilla asset in dump (partial 1.12.2 pool)
mcl_signs_hanging_sign_acacia.png,excluded,,,,no vanilla asset in dump (partial 1.12.2 pool)
mcl_signs_hanging_sign_acacia_item.png,excluded,,,,no vanilla asset in dump (partial 1.12.2 pool)
mcl_signs_hanging_sign_bamboo.png,excluded,,,,modern 1.13+ content (absent from 1.12.2 dump)
mcl_signs_hanging_sign_bamboo_item.png,excluded,,,,modern 1.13+ content (absent from 1.12.2 dump)
mcl_signs_hanging_sign_birch.png,excluded,,,,no vanilla asset in dump (partial 1.12.2 pool)
mcl_signs_hanging_sign_birch_item.png,excluded,,,,no vanilla asset in dump (partial 1.12.2 pool)
mcl_signs_hanging_sign_cherry_blossom.png,excluded,,,,modern 1.13+ content (absent from 1.12.2 dump)
mcl_signs_hanging_sign_cherry_blossom_item.png,excluded,,,,modern 1.13+ content (absent from 1.12.2 dump)
mcl_signs_hanging_sign_crimson.png,excluded,,,,modern 1.13+ content (absent from 1.12.2 dump)
mcl_signs_hanging_sign_crimson_item.png,excluded,,,,modern 1.13+ content (absent from 1.12.2 dump)
mcl_signs_hanging_sign_dark_oak.png,excluded,,,,no vanilla asset in dump (partial 1.12.2 pool)
mcl_signs_hanging_sign_dark_oak_item.png,excluded,,,,no vanilla asset in dump (partial 1.12.2 pool)
mcl_signs_hanging_sign_jungle.png,excluded,,,,no vanilla asset in dump (partial 1.12.2 pool)
mcl_signs_hanging_sign_jungle_item.png,excluded,,,,no vanilla asset in dump (partial 1.12.2 pool)
mcl_signs_hanging_sign_mangrove.png,excluded,,,,modern 1.13+ content (absent from 1.12.2 dump)
mcl_signs_hanging_sign_mangrove_item.png,excluded,,,,modern 1.13+ content (absent from 1.12.2 dump)
mcl_signs_hanging_sign_oak.png,excluded,,,,no vanilla asset in dump (partial 1.12.2 pool)
mcl_signs_hanging_sign_oak_item.png,excluded,,,,no vanilla asset in dump (partial 1.12.2 pool)
mcl_signs_hanging_sign_pale_oak.png,excluded,,,,modern 1.13+ content (absent from 1.12.2 dump)
mcl_signs_hanging_sign_pale_oak_item.png,excluded,,,,modern 1.13+ content (absent from 1.12.2 dump)
mcl_signs_hanging_sign_spruce.png,excluded,,,,no vanilla asset in dump (partial 1.12.2 pool)
mcl_signs_hanging_sign_spruce_item.png,excluded,,,,no vanilla asset in dump (partial 1.12.2 pool)
mcl_signs_hanging_sign_warped.png,excluded,,,,modern 1.13+ content (absent from 1.12.2 dump)
mcl_signs_hanging_sign_warped_item.png,excluded,,,,modern 1.13+ content (absent from 1.12.2 dump)
mcl_signs_hangljg_sign_pale_oak.png,excluded,,,,modern 1.13+ content (absent from 1.12.2 dump)
mcl_signs_sign_greyscale.png,excluded,,,,no vanilla asset in dump (partial 1.12.2 pool)
mcl_skins_arrow.png,excluded,,,,GUI/formspec (skins menu cursor
mcl_skins_base_1.png,excluded,,,,no vanilla asset in dump (partial 1.12.2 pool)
mcl_skins_base_1_mask.png,excluded,,,,no vanilla asset in dump (partial 1.12.2 pool)
mcl_skins_bottom_1.png,excluded,,,,no vanilla asset in dump (partial 1.12.2 pool)
mcl_skins_bottom_1_mask.png,excluded,,,,no vanilla asset in dump (partial 1.12.2 pool)
mcl_skins_bottom_2.png,excluded,,,,no vanilla asset in dump (partial 1.12.2 pool)
mcl_skins_bottom_2_mask.png,excluded,,,,no vanilla asset in dump (partial 1.12.2 pool)
mcl_skins_bottom_3.png,excluded,,,,no vanilla asset in dump (partial 1.12.2 pool)
mcl_skins_bottom_3_mask.png,excluded,,,,no vanilla asset in dump (partial 1.12.2 pool)
mcl_skins_bottom_4.png,excluded,,,,no vanilla asset in dump (partial 1.12.2 pool)
mcl_skins_bottom_4_mask.png,excluded,,,,no vanilla asset in dump (partial 1.12.2 pool)
mcl_skins_bottom_5.png,excluded,,,,no vanilla asset in dump (partial 1.12.2 pool)
mcl_skins_bottom_5_mask.png,excluded,,,,no vanilla asset in dump (partial 1.12.2 pool)
mcl_skins_button.png,excluded,,,,GUI/formspec (not content)
mcl_skins_character_1.png,excluded,,,,no vanilla asset in dump (partial 1.12.2 pool)
mcl_skins_eye_1.png,excluded,,,,no vanilla asset in dump (partial 1.12.2 pool)
mcl_skins_eye_2.png,excluded,,,,no vanilla asset in dump (partial 1.12.2 pool)
mcl_skins_eye_3.png,excluded,,,,no vanilla asset in dump (partial 1.12.2 pool)
mcl_skins_eye_4.png,excluded,,,,no vanilla asset in dump (partial 1.12.2 pool)
mcl_skins_eye_5.png,excluded,,,,no vanilla asset in dump (partial 1.12.2 pool)
mcl_skins_eye_6.png,excluded,,,,no vanilla asset in dump (partial 1.12.2 pool)
mcl_skins_eye_7.png,excluded,,,,no vanilla asset in dump (partial 1.12.2 pool)
mcl_skins_footwear_1.png,excluded,,,,no vanilla asset in dump (partial 1.12.2 pool)
mcl_skins_footwear_2.png,excluded,,,,no vanilla asset in dump (partial 1.12.2 pool)
mcl_skins_footwear_3.png,excluded,,,,no vanilla asset in dump (partial 1.12.2 pool)
mcl_skins_hair_1.png,excluded,,,,no vanilla asset in dump (partial 1.12.2 pool)
mcl_skins_hair_10.png,excluded,,,,no vanilla asset in dump (partial 1.12.2 pool)
mcl_skins_hair_10_mask.png,excluded,,,,no vanilla asset in dump (partial 1.12.2 pool)
mcl_skins_hair_11.png,excluded,,,,no vanilla asset in dump (partial 1.12.2 pool)
mcl_skins_hair_11_mask.png,excluded,,,,no vanilla asset in dump (partial 1.12.2 pool)
mcl_skins_hair_1_mask.png,excluded,,,,no vanilla asset in dump (partial 1.12.2 pool)
mcl_skins_hair_2.png,excluded,,,,no vanilla asset in dump (partial 1.12.2 pool)
mcl_skins_hair_2_mask.png,excluded,,,,no vanilla asset in dump (partial 1.12.2 pool)
mcl_skins_hair_3.png,excluded,,,,no vanilla asset in dump (partial 1.12.2 pool)
mcl_skins_hair_3_mask.png,excluded,,,,no vanilla asset in dump (partial 1.12.2 pool)
mcl_skins_hair_4.png,excluded,,,,no vanilla asset in dump (partial 1.12.2 pool)
mcl_skins_hair_4_mask.png,excluded,,,,no vanilla asset in dump (partial 1.12.2 pool)
mcl_skins_hair_5.png,excluded,,,,no vanilla asset in dump (partial 1.12.2 pool)
mcl_skins_hair_5_mask.png,excluded,,,,no vanilla asset in dump (partial 1.12.2 pool)
mcl_skins_hair_6.png,excluded,,,,no vanilla asset in dump (partial 1.12.2 pool)
mcl_skins_hair_6_mask.png,excluded,,,,no vanilla asset in dump (partial 1.12.2 pool)
mcl_skins_hair_7.png,excluded,,,,no vanilla asset in dump (partial 1.12.2 pool)
mcl_skins_hair_7_mask.png,excluded,,,,no vanilla asset in dump (partial 1.12.2 pool)
mcl_skins_hair_8.png,excluded,,,,no vanilla asset in dump (partial 1.12.2 pool)
mcl_skins_hair_8_mask.png,excluded,,,,no vanilla asset in dump (partial 1.12.2 pool)
mcl_skins_hair_9.png,excluded,,,,no vanilla asset in dump (partial 1.12.2 pool)
mcl_skins_hair_9_mask.png,excluded,,,,no vanilla asset in dump (partial 1.12.2 pool)
mcl_skins_headwear_1.png,excluded,,,,no vanilla asset in dump (partial 1.12.2 pool)
mcl_skins_headwear_2.png,excluded,,,,no vanilla asset in dump (partial 1.12.2 pool)
mcl_skins_headwear_3.png,excluded,,,,no vanilla asset in dump (partial 1.12.2 pool)
mcl_skins_headwear_4.png,excluded,,,,no vanilla asset in dump (partial 1.12.2 pool)
mcl_skins_headwear_5.png,excluded,,,,no vanilla asset in dump (partial 1.12.2 pool)
mcl_skins_headwear_6.png,excluded,,,,no vanilla asset in dump (partial 1.12.2 pool)
mcl_skins_headwear_7.png,excluded,,,,no vanilla asset in dump (partial 1.12.2 pool)
mcl_skins_icons.png,excluded,,,,GUI/formspec (skins menu icons
mcl_skins_mouth_1.png,excluded,,,,no vanilla asset in dump (partial 1.12.2 pool)
mcl_skins_mouth_2.png,excluded,,,,no vanilla asset in dump (partial 1.12.2 pool)
mcl_skins_mouth_3.png,excluded,,,,no vanilla asset in dump (partial 1.12.2 pool)
mcl_skins_mouth_4.png,excluded,,,,no vanilla asset in dump (partial 1.12.2 pool)
mcl_skins_mouth_5.png,excluded,,,,no vanilla asset in dump (partial 1.12.2 pool)
mcl_skins_mouth_6.png,excluded,,,,no vanilla asset in dump (partial 1.12.2 pool)
mcl_skins_mouth_7.png,excluded,,,,no vanilla asset in dump (partial 1.12.2 pool)
mcl_skins_select_overlay.png,excluded,,,,no vanilla asset in dump (partial 1.12.2 pool)
mcl_skins_slim_arms.png,excluded,,,,no vanilla asset in dump (partial 1.12.2 pool)
mcl_skins_thick_arms.png,excluded,,,,no vanilla asset in dump (partial 1.12.2 pool)
mcl_skins_top_1.png,excluded,,,,no vanilla asset in dump (partial 1.12.2 pool)
mcl_skins_top_10.png,excluded,,,,no vanilla asset in dump (partial 1.12.2 pool)
mcl_skins_top_10_mask.png,excluded,,,,no vanilla asset in dump (partial 1.12.2 pool)
mcl_skins_top_1_mask.png,excluded,,,,no vanilla asset in dump (partial 1.12.2 pool)
mcl_skins_top_2.png,excluded,,,,no vanilla asset in dump (partial 1.12.2 pool)
mcl_skins_top_2_mask.png,excluded,,,,no vanilla asset in dump (partial 1.12.2 pool)
mcl_skins_top_3.png,excluded,,,,no vanilla asset in dump (partial 1.12.2 pool)
mcl_skins_top_3_mask.png,excluded,,,,no vanilla asset in dump (partial 1.12.2 pool)
mcl_skins_top_4.png,excluded,,,,no vanilla asset in dump (partial 1.12.2 pool)
mcl_skins_top_4_mask.png,excluded,,,,no vanilla asset in dump (partial 1.12.2 pool)
mcl_skins_top_5.png,excluded,,,,no vanilla asset in dump (partial 1.12.2 pool)
mcl_skins_top_5_mask.png,excluded,,,,no vanilla asset in dump (partial 1.12.2 pool)
mcl_skins_top_6.png,excluded,,,,no vanilla asset in dump (partial 1.12.2 pool)
mcl_skins_top_6_mask.png,excluded,,,,no vanilla asset in dump (partial 1.12.2 pool)
mcl_skins_top_7.png,excluded,,,,no vanilla asset in dump (partial 1.12.2 pool)
mcl_skins_top_7_mask.png,excluded,,,,no vanilla asset in dump (partial 1.12.2 pool)
mcl_skins_top_8.png,excluded,,,,no vanilla asset in dump (partial 1.12.2 pool)
mcl_skins_top_8_mask.png,excluded,,,,no vanilla asset in dump (partial 1.12.2 pool)
mcl_skins_top_9.png,excluded,,,,no vanilla asset in dump (partial 1.12.2 pool)
mcl_skins_top_9_mask.png,excluded,,,,no vanilla asset in dump (partial 1.12.2 pool)
mcl_smithing_table_bottom.png,excluded,,,,modern 1.13+ content (absent from 1.12.2 dump)
mcl_smithing_table_front.png,excluded,,,,modern 1.13+ content (absent from 1.12.2 dump)
mcl_smithing_table_inventory.png,excluded,,,,GUI/formspec (not content)
mcl_smithing_table_inventory_hammer.png,excluded,,,,GUI/formspec (not content)
mcl_smithing_table_inventory_trim_bg.png,excluded,,,,GUI/formspec (not content)
mcl_smithing_table_side.png,excluded,,,,modern 1.13+ content (absent from 1.12.2 dump)
mcl_smithing_table_top.png,excluded,,,,modern 1.13+ content (absent from 1.12.2 dump)
mcl_sponges_sponge_wet_river_water.png,excluded,,,,no vanilla asset in dump (partial 1.12.2 pool)
mcl_spyglass.png,excluded,,,,modern 1.13+ content (absent from 1.12.2 dump)
mcl_spyglass_scope.png,excluded,,,,modern 1.13+ content (absent from 1.12.2 dump)
mcl_stacksize_button.png,excluded,,,,GUI/formspec (not content)
mcl_stairs_andesite_smooth_slab.png,excluded,,,,no vanilla asset in dump (partial 1.12.2 pool)
mcl_stairs_diorite_smooth_slab.png,excluded,,,,no vanilla asset in dump (partial 1.12.2 pool)
mcl_stairs_gold_block_slab.png,excluded,,,,no vanilla asset in dump (partial 1.12.2 pool)
mcl_stairs_granite_smooth_slab.png,excluded,,,,no vanilla asset in dump (partial 1.12.2 pool)
mcl_stairs_iron_block_slab.png,excluded,,,,no vanilla asset in dump (partial 1.12.2 pool)
mcl_stairs_lapis_block_slab.png,excluded,,,,no vanilla asset in dump (partial 1.12.2 pool)
mcl_stairs_turntexture.png,excluded,,,,no vanilla asset in dump (partial 1.12.2 pool)
mcl_stonecutter_bottom.png,excluded,,,,no vanilla asset in dump (partial 1.12.2 pool)
mcl_stonecutter_saw.png,excluded,,,,no vanilla asset in dump (partial 1.12.2 pool)
mcl_stonecutter_side.png,excluded,,,,no vanilla asset in dump (partial 1.12.2 pool)
mcl_stonecutter_top.png,excluded,,,,no vanilla asset in dump (partial 1.12.2 pool)
mcl_stripped_mangrove_log_side.png,excluded,,,,modern 1.13+ content (absent from 1.12.2 dump)
mcl_stripped_mangrove_log_top.png,excluded,,,,modern 1.13+ content (absent from 1.12.2 dump)
mcl_stripped_pale_oak_log_side.png,excluded,,,,modern 1.13+ content (absent from 1.12.2 dump)
mcl_stripped_pale_oak_log_top.png,excluded,,,,modern 1.13+ content (absent from 1.12.2 dump)
mcl_sus_nodes_brush.png,excluded,,,,modern 1.13+ content (absent from 1.12.2 dump)
mcl_sus_nodes_suspicious_overlay.png,excluded,,,,modern 1.13+ content (absent from 1.12.2 dump)
mcl_sus_nodes_suspicious_overlay_1.png,excluded,,,,modern 1.13+ content (absent from 1.12.2 dump)
mcl_sus_nodes_suspicious_overlay_2.png,excluded,,,,modern 1.13+ content (absent from 1.12.2 dump)
mcl_sus_nodes_suspicious_overlay_3.png,excluded,,,,modern 1.13+ content (absent from 1.12.2 dump)
mcl_target_target_side.png,excluded,,,,modern 1.13+ content (absent from 1.12.2 dump)
mcl_target_target_top.png,excluded,,,,modern 1.13+ content (absent from 1.12.2 dump)
mcl_tnt_blink.png,excluded,,,,no vanilla asset in dump (partial 1.12.2 pool)
mcl_tools_heavy_core_bottom.png,excluded,,,,no vanilla asset in dump (partial 1.12.2 pool)
mcl_tools_heavy_core_side.png,excluded,,,,no vanilla asset in dump (partial 1.12.2 pool)
mcl_tools_heavy_core_top.png,excluded,,,,no vanilla asset in dump (partial 1.12.2 pool)
mcl_tools_mace.png,excluded,,,,no vanilla asset in dump (partial 1.12.2 pool)
mcl_totems_totem.png,excluded,,,,no vanilla asset in dump (partial 1.12.2 pool)
mcl_totems_totem_wieldview.png,excluded,,,,no vanilla asset in dump (partial 1.12.2 pool)
mcl_tridents_trident_entity.png,excluded,,,,modern 1.13+ content (absent from 1.12.2 dump)
mcl_tridents_trident_entity_clip.png,excluded,,,,modern 1.13+ content (absent from 1.12.2 dump)
mcl_tridents_trident_item.png,excluded,,,,modern 1.13+ content (absent from 1.12.2 dump)
mcl_unknown.png,excluded,,,,GUI/formspec (not content)
mcl_vaults_ominous_trial_key.png,excluded,,,,modern 1.13+ content (absent from 1.12.2 dump)
mcl_vaults_trial_key.png,excluded,,,,modern 1.13+ content (absent from 1.12.2 dump)
mcl_vaults_vault_bottom.png,excluded,,,,modern 1.13+ content (absent from 1.12.2 dump)
mcl_vaults_vault_front_ejecting.png,excluded,,,,modern 1.13+ content (absent from 1.12.2 dump)
mcl_vaults_vault_front_off.png,excluded,,,,modern 1.13+ content (absent from 1.12.2 dump)
mcl_vaults_vault_front_on.png,excluded,,,,modern 1.13+ content (absent from 1.12.2 dump)
mcl_vaults_vault_ominous_front_ejecting.png,excluded,,,,modern 1.13+ content (absent from 1.12.2 dump)
mcl_vaults_vault_ominous_front_off.png,excluded,,,,modern 1.13+ content (absent from 1.12.2 dump)
mcl_vaults_vault_ominous_front_on.png,excluded,,,,modern 1.13+ content (absent from 1.12.2 dump)
mcl_vaults_vault_ominous_side_ejecting.png,excluded,,,,modern 1.13+ content (absent from 1.12.2 dump)
mcl_vaults_vault_ominous_side_off.png,excluded,,,,modern 1.13+ content (absent from 1.12.2 dump)
mcl_vaults_vault_ominous_side_on.png,excluded,,,,modern 1.13+ content (absent from 1.12.2 dump)
mcl_vaults_vault_ominous_top_ejecting.png,excluded,,,,modern 1.13+ content (absent from 1.12.2 dump)
mcl_vaults_vault_ominous_top_off.png,excluded,,,,modern 1.13+ content (absent from 1.12.2 dump)
mcl_vaults_vault_ominous_top_on.png,excluded,,,,modern 1.13+ content (absent from 1.12.2 dump)
mcl_vaults_vault_side_ejecting.png,excluded,,,,modern 1.13+ content (absent from 1.12.2 dump)
mcl_vaults_vault_side_off.png,excluded,,,,modern 1.13+ content (absent from 1.12.2 dump)
mcl_vaults_vault_side_on.png,excluded,,,,modern 1.13+ content (absent from 1.12.2 dump)
mcl_vaults_vault_top_ejecting.png,excluded,,,,modern 1.13+ content (absent from 1.12.2 dump)
mcl_vaults_vault_top_off.png,excluded,,,,modern 1.13+ content (absent from 1.12.2 dump)
mcl_vaults_vault_top_on.png,excluded,,,,modern 1.13+ content (absent from 1.12.2 dump)
mcl_vaults_vault_top_unlock.png,excluded,,,,modern 1.13+ content (absent from 1.12.2 dump)
mcl_walls_cobble_mossy_wall_side.png,excluded,,,,no vanilla asset in dump (partial 1.12.2 pool)
mcl_walls_cobble_mossy_wall_top.png,excluded,,,,no vanilla asset in dump (partial 1.12.2 pool)
mcl_walls_cobble_wall_side.png,excluded,,,,no vanilla asset in dump (partial 1.12.2 pool)
mcl_walls_cobble_wall_top.png,excluded,,,,no vanilla asset in dump (partial 1.12.2 pool)
mcl_wear_bar.png,excluded,,,,GUI/formspec (not content)
mcl_wool_light_blue.png,excluded,,,,no vanilla asset in dump (partial 1.12.2 pool)
mcl_wool_lime.png,excluded,,,,no vanilla asset in dump (partial 1.12.2 pool)
mesecons_button_wield_mask.png,excluded,,,,GUI/formspec (not content)
mesecons_delayer_end_locked_off.png,excluded,,,,mod-specific
mesecons_delayer_end_locked_on.png,excluded,,,,mod-specific
mesecons_delayer_ends_off.png,excluded,,,,mod-specific
mesecons_delayer_ends_on.png,excluded,,,,mod-specific
mesecons_delayer_front_locked_off.png,excluded,,,,mod-specific
mesecons_delayer_front_locked_on.png,excluded,,,,mod-specific
mesecons_delayer_item.png,excluded,,,,mod-specific
mesecons_delayer_locked_off.png,excluded,,,,mod-specific
mesecons_delayer_locked_on.png,excluded,,,,mod-specific
mesecons_delayer_off.png,excluded,,,,mod-specific
mesecons_delayer_on.png,excluded,,,,mod-specific
mesecons_delayer_sides_locked_off.png,excluded,,,,mod-specific
mesecons_delayer_sides_locked_on.png,excluded,,,,mod-specific
mesecons_delayer_sides_off.png,excluded,,,,mod-specific
mesecons_delayer_sides_on.png,excluded,,,,mod-specific
mesecons_piston_back.png,excluded,,,,mod-specific
mesecons_piston_pusher_back.png,excluded,,,,mod-specific
mesecons_piston_pusher_bottom.png,excluded,,,,mod-specific
mesecons_piston_pusher_left.png,excluded,,,,mod-specific
mesecons_piston_pusher_right.png,excluded,,,,mod-specific
mesecons_piston_pusher_top.png,excluded,,,,mod-specific
mineclonia_icon.png,excluded,,,,GUI/formspec (not content)
mineclonia_logo.png,excluded,,,,GUI/formspec (not content)
mobs_blood.png,excluded,,,,mobs: custom skins (no 1.12 entity texture)
mobs_chicken_egg.png,excluded,,,,mobs: custom skins (no 1.12 entity texture)
mobs_mc_TEMP_wither_projectile.png,excluded,,,,mobs: custom skins (no 1.12 entity texture)
mobs_mc_arrow_particle.png,excluded,,,,mobs: custom skins (no 1.12 entity texture)
mobs_mc_axolotl_black.png,excluded,,,,mobs: custom skins (no 1.12 entity texture)
mobs_mc_axolotl_brown.png,excluded,,,,mobs: custom skins (no 1.12 entity texture)
mobs_mc_axolotl_green.png,excluded,,,,mobs: custom skins (no 1.12 entity texture)
mobs_mc_axolotl_pink.png,excluded,,,,mobs: custom skins (no 1.12 entity texture)
mobs_mc_axolotl_purple.png,excluded,,,,mobs: custom skins (no 1.12 entity texture)
mobs_mc_axolotl_white.png,excluded,,,,mobs: custom skins (no 1.12 entity texture)
mobs_mc_axolotl_yellow.png,excluded,,,,mobs: custom skins (no 1.12 entity texture)
mobs_mc_bat.png,excluded,,,,mobs: custom skins (no 1.12 entity texture)
mobs_mc_blaze.png,excluded,,,,mobs: custom skins (no 1.12 entity texture)
mobs_mc_cat_all_black.png,excluded,,,,mobs: custom skins (no 1.12 entity texture)
mobs_mc_cat_black.png,excluded,,,,mobs: custom skins (no 1.12 entity texture)
mobs_mc_cat_british_shorthair.png,excluded,,,,mobs: custom skins (no 1.12 entity texture)
mobs_mc_cat_calico.png,excluded,,,,mobs: custom skins (no 1.12 entity texture)
mobs_mc_cat_collar.png,excluded,,,,mobs: custom skins (no 1.12 entity texture)
mobs_mc_cat_jellie.png,excluded,,,,mobs: custom skins (no 1.12 entity texture)
mobs_mc_cat_ocelot.png,excluded,,,,mobs: custom skins (no 1.12 entity texture)
mobs_mc_cat_persian.png,excluded,,,,mobs: custom skins (no 1.12 entity texture)
mobs_mc_cat_ragdoll.png,excluded,,,,mobs: custom skins (no 1.12 entity texture)
mobs_mc_cat_red.png,excluded,,,,mobs: custom skins (no 1.12 entity texture)
mobs_mc_cat_siamese.png,excluded,,,,mobs: custom skins (no 1.12 entity texture)
mobs_mc_cat_tabby.png,excluded,,,,mobs: custom skins (no 1.12 entity texture)
mobs_mc_cat_white.png,excluded,,,,mobs: custom skins (no 1.12 entity texture)
mobs_mc_cave_spider.png,excluded,,,,mobs: custom skins (no 1.12 entity texture)
mobs_mc_chicken.png,excluded,,,,mobs: custom skins (no 1.12 entity texture)
mobs_mc_cow.png,excluded,,,,mobs: custom skins (no 1.12 entity texture)
mobs_mc_creeper.png,excluded,,,,mobs: custom skins (no 1.12 entity texture)
mobs_mc_creeper_charge.png,excluded,,,,mobs: custom skins (no 1.12 entity texture)
mobs_mc_diamond.png,excluded,,,,mobs: custom skins (no 1.12 entity texture)
mobs_mc_donkey.png,excluded,,,,mobs: custom skins (no 1.12 entity texture)
mobs_mc_dragon.png,excluded,,,,mobs: custom skins (no 1.12 entity texture)
mobs_mc_dragon_fireball.png,excluded,,,,mobs: custom skins (no 1.12 entity texture)
mobs_mc_drowned.png,excluded,,,,mobs: custom skins (no 1.12 entity texture)
mobs_mc_drowned_overlay.png,excluded,,,,mobs: custom skins (no 1.12 entity texture)
mobs_mc_emerald.png,excluded,,,,mobs: custom skins (no 1.12 entity texture)
mobs_mc_empty.png,excluded,,,,mobs: custom skins (no 1.12 entity texture)
mobs_mc_endergolem.png,excluded,,,,mobs: custom skins (no 1.12 entity texture)
mobs_mc_enderman.png,excluded,,,,mobs: custom skins (no 1.12 entity texture)
mobs_mc_enderman_cactus_background.png,excluded,,,,mobs: custom skins (no 1.12 entity texture)
mobs_mc_enderman_eyes.png,excluded,,,,mobs: custom skins (no 1.12 entity texture)
mobs_mc_endermite.png,excluded,,,,mobs: custom skins (no 1.12 entity texture)
mobs_mc_evoker.png,excluded,,,,mobs: custom skins (no 1.12 entity texture)
mobs_mc_evoker_fangs.png,excluded,,,,mobs: custom skins (no 1.12 entity texture)
mobs_mc_ghast.png,excluded,,,,mobs: custom skins (no 1.12 entity texture)
mobs_mc_ghast_firing.png,excluded,,,,mobs: custom skins (no 1.12 entity texture)
mobs_mc_gold.png,excluded,,,,mobs: custom skins (no 1.12 entity texture)
mobs_mc_guardian.png,excluded,,,,mobs: custom skins (no 1.12 entity texture)
mobs_mc_guardian_elder.png,excluded,,,,mobs: custom skins (no 1.12 entity texture)
mobs_mc_helmet_mask.png,excluded,,,,mobs: custom skins (no 1.12 entity texture)
mobs_mc_horse_black.png,excluded,,,,mobs: custom skins (no 1.12 entity texture)
mobs_mc_horse_brown.png,excluded,,,,mobs: custom skins (no 1.12 entity texture)
mobs_mc_horse_chestnut.png,excluded,,,,mobs: custom skins (no 1.12 entity texture)
mobs_mc_horse_creamy.png,excluded,,,,mobs: custom skins (no 1.12 entity texture)
mobs_mc_horse_darkbrown.png,excluded,,,,mobs: custom skins (no 1.12 entity texture)
mobs_mc_horse_gray.png,excluded,,,,mobs: custom skins (no 1.12 entity texture)
mobs_mc_horse_skeleton.png,excluded,,,,mobs: custom skins (no 1.12 entity texture)
mobs_mc_horse_white.png,excluded,,,,mobs: custom skins (no 1.12 entity texture)
mobs_mc_horse_zombie.png,excluded,,,,mobs: custom skins (no 1.12 entity texture)
mobs_mc_husk.png,excluded,,,,mobs: custom skins (no 1.12 entity texture)
mobs_mc_illusionist.png,excluded,,,,mobs: custom skins (no 1.12 entity texture)
mobs_mc_iron.png,excluded,,,,mobs: custom skins (no 1.12 entity texture)
mobs_mc_iron_golem.png,excluded,,,,mobs: custom skins (no 1.12 entity texture)
mobs_mc_iron_golem_crack_high.png,excluded,,,,mobs: custom skins (no 1.12 entity texture)
mobs_mc_iron_golem_crack_low.png,excluded,,,,mobs: custom skins (no 1.12 entity texture)
mobs_mc_iron_golem_crack_medium.png,excluded,,,,mobs: custom skins (no 1.12 entity texture)
mobs_mc_llama.png,excluded,,,,mobs: custom skins (no 1.12 entity texture)
mobs_mc_llama_brown.png,excluded,,,,mobs: custom skins (no 1.12 entity texture)
mobs_mc_llama_creamy.png,excluded,,,,mobs: custom skins (no 1.12 entity texture)
mobs_mc_llama_decor_black.png,excluded,,,,mobs: custom skins (no 1.12 entity texture)
mobs_mc_llama_decor_blue.png,excluded,,,,mobs: custom skins (no 1.12 entity texture)
mobs_mc_llama_decor_brown.png,excluded,,,,mobs: custom skins (no 1.12 entity texture)
mobs_mc_llama_decor_cyan.png,excluded,,,,mobs: custom skins (no 1.12 entity texture)
mobs_mc_llama_decor_gray.png,excluded,,,,mobs: custom skins (no 1.12 entity texture)
mobs_mc_llama_decor_green.png,excluded,,,,mobs: custom skins (no 1.12 entity texture)
mobs_mc_llama_decor_light_blue.png,excluded,,,,mobs: custom skins (no 1.12 entity texture)
mobs_mc_llama_decor_light_gray.png,excluded,,,,mobs: custom skins (no 1.12 entity texture)
mobs_mc_llama_decor_lime.png,excluded,,,,mobs: custom skins (no 1.12 entity texture)
mobs_mc_llama_decor_magenta.png,excluded,,,,mobs: custom skins (no 1.12 entity texture)
mobs_mc_llama_decor_orange.png,excluded,,,,mobs: custom skins (no 1.12 entity texture)
mobs_mc_llama_decor_pink.png,excluded,,,,mobs: custom skins (no 1.12 entity texture)
mobs_mc_llama_decor_purple.png,excluded,,,,mobs: custom skins (no 1.12 entity texture)
mobs_mc_llama_decor_red.png,excluded,,,,mobs: custom skins (no 1.12 entity texture)
mobs_mc_llama_decor_wandering_trader.png,excluded,,,,mobs: custom skins (no 1.12 entity texture)
mobs_mc_llama_decor_white.png,excluded,,,,mobs: custom skins (no 1.12 entity texture)
mobs_mc_llama_decor_yellow.png,excluded,,,,mobs: custom skins (no 1.12 entity texture)
mobs_mc_llama_gray.png,excluded,,,,mobs: custom skins (no 1.12 entity texture)
mobs_mc_llama_spit.png,excluded,,,,mobs: custom skins (no 1.12 entity texture)
mobs_mc_llama_white.png,excluded,,,,mobs: custom skins (no 1.12 entity texture)
mobs_mc_magmacube.png,excluded,,,,mobs: custom skins (no 1.12 entity texture)
mobs_mc_mooshroom.png,excluded,,,,mobs: custom skins (no 1.12 entity texture)
mobs_mc_mooshroom_brown.png,excluded,,,,mobs: custom skins (no 1.12 entity texture)
mobs_mc_mule.png,excluded,,,,mobs: custom skins (no 1.12 entity texture)
mobs_mc_mushroom_brown.png,excluded,,,,mobs: custom skins (no 1.12 entity texture)
mobs_mc_mushroom_red.png,excluded,,,,mobs: custom skins (no 1.12 entity texture)
mobs_mc_parrot_blue.png,excluded,,,,mobs: custom skins (no 1.12 entity texture)
mobs_mc_parrot_green.png,excluded,,,,mobs: custom skins (no 1.12 entity texture)
mobs_mc_parrot_grey.png,excluded,,,,mobs: custom skins (no 1.12 entity texture)
mobs_mc_parrot_red_blue.png,excluded,,,,mobs: custom skins (no 1.12 entity texture)
mobs_mc_parrot_yellow_blue.png,excluded,,,,mobs: custom skins (no 1.12 entity texture)
mobs_mc_pig.png,excluded,,,,mobs: custom skins (no 1.12 entity texture)
mobs_mc_pig_saddle.png,excluded,,,,mobs: custom skins (no 1.12 entity texture)
mobs_mc_pillager.png,excluded,,,,mobs: custom skins (no 1.12 entity texture)
mobs_mc_polarbear.png,excluded,,,,mobs: custom skins (no 1.12 entity texture)
mobs_mc_pufferfish.png,excluded,,,,mobs: custom skins (no 1.12 entity texture)
mobs_mc_rabbit_black.png,excluded,,,,mobs: custom skins (no 1.12 entity texture)
mobs_mc_rabbit_brown.png,excluded,,,,mobs: custom skins (no 1.12 entity texture)
mobs_mc_rabbit_caerbannog.png,excluded,,,,mobs: custom skins (no 1.12 entity texture)
mobs_mc_rabbit_gold.png,excluded,,,,mobs: custom skins (no 1.12 entity texture)
mobs_mc_rabbit_salt.png,excluded,,,,mobs: custom skins (no 1.12 entity texture)
mobs_mc_rabbit_toast.png,excluded,,,,mobs: custom skins (no 1.12 entity texture)
mobs_mc_rabbit_white.png,excluded,,,,mobs: custom skins (no 1.12 entity texture)
mobs_mc_rabbit_white_splotched.png,excluded,,,,mobs: custom skins (no 1.12 entity texture)
mobs_mc_ravager.png,excluded,,,,mobs: custom skins (no 1.12 entity texture)
mobs_mc_sheep.png,excluded,,,,mobs: custom skins (no 1.12 entity texture)
mobs_mc_sheep_fur.png,excluded,,,,mobs: custom skins (no 1.12 entity texture)
mobs_mc_sheep_sheared.png,excluded,,,,mobs: custom skins (no 1.12 entity texture)
mobs_mc_shulker_black.png,excluded,,,,mobs: custom skins (no 1.12 entity texture)
mobs_mc_shulker_blue.png,excluded,,,,mobs: custom skins (no 1.12 entity texture)
mobs_mc_shulker_brown.png,excluded,,,,mobs: custom skins (no 1.12 entity texture)
mobs_mc_shulker_cyan.png,excluded,,,,mobs: custom skins (no 1.12 entity texture)
mobs_mc_shulker_gray.png,excluded,,,,mobs: custom skins (no 1.12 entity texture)
mobs_mc_shulker_green.png,excluded,,,,mobs: custom skins (no 1.12 entity texture)
mobs_mc_shulker_light_blue.png,excluded,,,,mobs: custom skins (no 1.12 entity texture)
mobs_mc_shulker_lime.png,excluded,,,,mobs: custom skins (no 1.12 entity texture)
mobs_mc_shulker_magenta.png,excluded,,,,mobs: custom skins (no 1.12 entity texture)
mobs_mc_shulker_orange.png,excluded,,,,mobs: custom skins (no 1.12 entity texture)
mobs_mc_shulker_pink.png,excluded,,,,mobs: custom skins (no 1.12 entity texture)
mobs_mc_shulker_purple.png,excluded,,,,mobs: custom skins (no 1.12 entity texture)
mobs_mc_shulker_red.png,excluded,,,,mobs: custom skins (no 1.12 entity texture)
mobs_mc_shulker_silver.png,excluded,,,,mobs: custom skins (no 1.12 entity texture)
mobs_mc_shulker_white.png,excluded,,,,mobs: custom skins (no 1.12 entity texture)
mobs_mc_shulker_yellow.png,excluded,,,,mobs: custom skins (no 1.12 entity texture)
mobs_mc_shulkerbullet.png,excluded,,,,mobs: custom skins (no 1.12 entity texture)
mobs_mc_silverfish.png,excluded,,,,mobs: custom skins (no 1.12 entity texture)
mobs_mc_skeleton.png,excluded,,,,mobs: custom skins (no 1.12 entity texture)
mobs_mc_slime.png,excluded,,,,mobs: custom skins (no 1.12 entity texture)
mobs_mc_snowman.png,excluded,,,,mobs: custom skins (no 1.12 entity texture)
mobs_mc_spawn_icon_bat.png,excluded,,,,mobs: custom skins (no 1.12 entity texture)
mobs_mc_spawn_icon_blaze.png,excluded,,,,mobs: custom skins (no 1.12 entity texture)
mobs_mc_spawn_icon_cat.png,excluded,,,,mobs: custom skins (no 1.12 entity texture)
mobs_mc_spawn_icon_cave_spider.png,excluded,,,,mobs: custom skins (no 1.12 entity texture)
mobs_mc_spawn_icon_chicken.png,excluded,,,,mobs: custom skins (no 1.12 entity texture)
mobs_mc_spawn_icon_cod.png,excluded,,,,mobs: custom skins (no 1.12 entity texture)
mobs_mc_spawn_icon_cow.png,excluded,,,,mobs: custom skins (no 1.12 entity texture)
mobs_mc_spawn_icon_creeper.png,excluded,,,,mobs: custom skins (no 1.12 entity texture)
mobs_mc_spawn_icon_donkey.png,excluded,,,,mobs: custom skins (no 1.12 entity texture)
mobs_mc_spawn_icon_dragon.png,excluded,,,,mobs: custom skins (no 1.12 entity texture)
mobs_mc_spawn_icon_enderman.png,excluded,,,,mobs: custom skins (no 1.12 entity texture)
mobs_mc_spawn_icon_endermite.png,excluded,,,,mobs: custom skins (no 1.12 entity texture)
mobs_mc_spawn_icon_evoker.png,excluded,,,,mobs: custom skins (no 1.12 entity texture)
mobs_mc_spawn_icon_ghast.png,excluded,,,,mobs: custom skins (no 1.12 entity texture)
mobs_mc_spawn_icon_guardian.png,excluded,,,,mobs: custom skins (no 1.12 entity texture)
mobs_mc_spawn_icon_guardian_elder.png,excluded,,,,mobs: custom skins (no 1.12 entity texture)
mobs_mc_spawn_icon_horse.png,excluded,,,,mobs: custom skins (no 1.12 entity texture)
mobs_mc_spawn_icon_horse_skeleton.png,excluded,,,,mobs: custom skins (no 1.12 entity texture)
mobs_mc_spawn_icon_horse_zombie.png,excluded,,,,mobs: custom skins (no 1.12 entity texture)
mobs_mc_spawn_icon_husk.png,excluded,,,,mobs: custom skins (no 1.12 entity texture)
mobs_mc_spawn_icon_illusioner.png,excluded,,,,mobs: custom skins (no 1.12 entity texture)
mobs_mc_spawn_icon_iron_golem.png,excluded,,,,mobs: custom skins (no 1.12 entity texture)
mobs_mc_spawn_icon_killer_bunny.png,excluded,,,,mobs: custom skins (no 1.12 entity texture)
mobs_mc_spawn_icon_llama.png,excluded,,,,mobs: custom skins (no 1.12 entity texture)
mobs_mc_spawn_icon_magmacube.png,excluded,,,,mobs: custom skins (no 1.12 entity texture)
mobs_mc_spawn_icon_mooshroom.png,excluded,,,,mobs: custom skins (no 1.12 entity texture)
mobs_mc_spawn_icon_mule.png,excluded,,,,mobs: custom skins (no 1.12 entity texture)
mobs_mc_spawn_icon_parrot.png,excluded,,,,mobs: custom skins (no 1.12 entity texture)
mobs_mc_spawn_icon_pig.png,excluded,,,,mobs: custom skins (no 1.12 entity texture)
mobs_mc_spawn_icon_polarbear.png,excluded,,,,mobs: custom skins (no 1.12 entity texture)
mobs_mc_spawn_icon_rabbit.png,excluded,,,,mobs: custom skins (no 1.12 entity texture)
mobs_mc_spawn_icon_salmon.png,excluded,,,,mobs: custom skins (no 1.12 entity texture)
mobs_mc_spawn_icon_sheep.png,excluded,,,,mobs: custom skins (no 1.12 entity texture)
mobs_mc_spawn_icon_shulker.png,excluded,,,,mobs: custom skins (no 1.12 entity texture)
mobs_mc_spawn_icon_silverfish.png,excluded,,,,mobs: custom skins (no 1.12 entity texture)
mobs_mc_spawn_icon_skeleton.png,excluded,,,,mobs: custom skins (no 1.12 entity texture)
mobs_mc_spawn_icon_slime.png,excluded,,,,mobs: custom skins (no 1.12 entity texture)
mobs_mc_spawn_icon_snowman.png,excluded,,,,mobs: custom skins (no 1.12 entity texture)
mobs_mc_spawn_icon_spider.png,excluded,,,,mobs: custom skins (no 1.12 entity texture)
mobs_mc_spawn_icon_squid.png,excluded,,,,mobs: custom skins (no 1.12 entity texture)
mobs_mc_spawn_icon_stray.png,excluded,,,,mobs: custom skins (no 1.12 entity texture)
mobs_mc_spawn_icon_vex.png,excluded,,,,mobs: custom skins (no 1.12 entity texture)
mobs_mc_spawn_icon_villager.png,excluded,,,,mobs: custom skins (no 1.12 entity texture)
mobs_mc_spawn_icon_vindicator.png,excluded,,,,mobs: custom skins (no 1.12 entity texture)
mobs_mc_spawn_icon_witch.png,excluded,,,,mobs: custom skins (no 1.12 entity texture)
mobs_mc_spawn_icon_wither.png,excluded,,,,mobs: custom skins (no 1.12 entity texture)
mobs_mc_spawn_icon_witherskeleton.png,excluded,,,,mobs: custom skins (no 1.12 entity texture)
mobs_mc_spawn_icon_wolf.png,excluded,,,,mobs: custom skins (no 1.12 entity texture)
mobs_mc_spawn_icon_zombie.png,excluded,,,,mobs: custom skins (no 1.12 entity texture)
mobs_mc_spawn_icon_zombie_pigman.png,excluded,,,,mobs: custom skins (no 1.12 entity texture)
mobs_mc_spawn_icon_zombie_villager.png,excluded,,,,mobs: custom skins (no 1.12 entity texture)
mobs_mc_spider.png,excluded,,,,mobs: custom skins (no 1.12 entity texture)
mobs_mc_spider_eyes.png,excluded,,,,mobs: custom skins (no 1.12 entity texture)
mobs_mc_squid.png,excluded,,,,mobs: custom skins (no 1.12 entity texture)
mobs_mc_stone.png,excluded,,,,mobs: custom skins (no 1.12 entity texture)
mobs_mc_stray.png,excluded,,,,mobs: custom skins (no 1.12 entity texture)
mobs_mc_stray_overlay.png,excluded,,,,mobs: custom skins (no 1.12 entity texture)
mobs_mc_trading_formspec_bg.png,excluded,,,,mobs: custom skins (no 1.12 entity texture)
mobs_mc_trading_formspec_disabled.png,excluded,,,,mobs: custom skins (no 1.12 entity texture)
mobs_mc_vex.png,excluded,,,,mobs: custom skins (no 1.12 entity texture)
mobs_mc_vex_charging.png,excluded,,,,mobs: custom skins (no 1.12 entity texture)
mobs_mc_villager.png,excluded,,,,mobs: custom skins (no 1.12 entity texture)
mobs_mc_villager_base.png,excluded,,,,mobs: custom skins (no 1.12 entity texture)
mobs_mc_villager_desert.png,excluded,,,,mobs: custom skins (no 1.12 entity texture)
mobs_mc_villager_jungle.png,excluded,,,,mobs: custom skins (no 1.12 entity texture)
mobs_mc_villager_plains.png,excluded,,,,mobs: custom skins (no 1.12 entity texture)
mobs_mc_villager_profession_armorer.png,excluded,,,,mobs: custom skins (no 1.12 entity texture)
mobs_mc_villager_profession_butcher.png,excluded,,,,mobs: custom skins (no 1.12 entity texture)
mobs_mc_villager_profession_cartographer.png,excluded,,,,mobs: custom skins (no 1.12 entity texture)
mobs_mc_villager_profession_cleric.png,excluded,,,,mobs: custom skins (no 1.12 entity texture)
mobs_mc_villager_profession_farmer.png,excluded,,,,mobs: custom skins (no 1.12 entity texture)
mobs_mc_villager_profession_fisherman.png,excluded,,,,mobs: custom skins (no 1.12 entity texture)
mobs_mc_villager_profession_fletcher.png,excluded,,,,mobs: custom skins (no 1.12 entity texture)
mobs_mc_villager_profession_leatherworker.png,excluded,,,,mobs: custom skins (no 1.12 entity texture)
mobs_mc_villager_profession_librarian.png,excluded,,,,mobs: custom skins (no 1.12 entity texture)
mobs_mc_villager_profession_mason.png,excluded,,,,mobs: custom skins (no 1.12 entity texture)
mobs_mc_villager_profession_nitwit.png,excluded,,,,mobs: custom skins (no 1.12 entity texture)
mobs_mc_villager_profession_shepherd.png,excluded,,,,mobs: custom skins (no 1.12 entity texture)
mobs_mc_villager_profession_toolsmith.png,excluded,,,,mobs: custom skins (no 1.12 entity texture)
mobs_mc_villager_profession_weaponsmith.png,excluded,,,,mobs: custom skins (no 1.12 entity texture)
mobs_mc_villager_savanna.png,excluded,,,,mobs: custom skins (no 1.12 entity texture)
mobs_mc_villager_snow.png,excluded,,,,mobs: custom skins (no 1.12 entity texture)
mobs_mc_villager_swamp.png,excluded,,,,mobs: custom skins (no 1.12 entity texture)
mobs_mc_villager_taiga.png,excluded,,,,mobs: custom skins (no 1.12 entity texture)
mobs_mc_villager_wandering_trader.png,excluded,,,,mobs: custom skins (no 1.12 entity texture)
mobs_mc_vindicator.png,excluded,,,,mobs: custom skins (no 1.12 entity texture)
mobs_mc_witch.png,excluded,,,,mobs: custom skins (no 1.12 entity texture)
mobs_mc_wither.png,excluded,,,,mobs: custom skins (no 1.12 entity texture)
mobs_mc_wither_armor.png,excluded,,,,mobs: custom skins (no 1.12 entity texture)
mobs_mc_wither_invulnerable.png,excluded,,,,mobs: custom skins (no 1.12 entity texture)
mobs_mc_wither_projectile.png,excluded,,,,mobs: custom skins (no 1.12 entity texture)
mobs_mc_wither_projectile_strong.png,excluded,,,,mobs: custom skins (no 1.12 entity texture)
mobs_mc_wither_skeleton.png,excluded,,,,mobs: custom skins (no 1.12 entity texture)
mobs_mc_wolf.png,excluded,,,,mobs: custom skins (no 1.12 entity texture)
mobs_mc_wolf_angry.png,excluded,,,,mobs: custom skins (no 1.12 entity texture)
mobs_mc_wolf_ashen.png,excluded,,,,mobs: custom skins (no 1.12 entity texture)
mobs_mc_wolf_ashen_angry.png,excluded,,,,mobs: custom skins (no 1.12 entity texture)
mobs_mc_wolf_ashen_tame.png,excluded,,,,mobs: custom skins (no 1.12 entity texture)
mobs_mc_wolf_black.png,excluded,,,,mobs: custom skins (no 1.12 entity texture)
mobs_mc_wolf_black_angry.png,excluded,,,,mobs: custom skins (no 1.12 entity texture)
mobs_mc_wolf_black_tame.png,excluded,,,,mobs: custom skins (no 1.12 entity texture)
mobs_mc_wolf_chestnut.png,excluded,,,,mobs: custom skins (no 1.12 entity texture)
mobs_mc_wolf_chestnut_angry.png,excluded,,,,mobs: custom skins (no 1.12 entity texture)
mobs_mc_wolf_chestnut_tame.png,excluded,,,,mobs: custom skins (no 1.12 entity texture)
mobs_mc_wolf_collar.png,excluded,,,,mobs: custom skins (no 1.12 entity texture)
mobs_mc_wolf_icon_roam.png,excluded,,,,mobs: custom skins (no 1.12 entity texture)
mobs_mc_wolf_icon_sit.png,excluded,,,,mobs: custom skins (no 1.12 entity texture)
mobs_mc_wolf_rusty.png,excluded,,,,mobs: custom skins (no 1.12 entity texture)
mobs_mc_wolf_rusty_angry.png,excluded,,,,mobs: custom skins (no 1.12 entity texture)
mobs_mc_wolf_rusty_tame.png,excluded,,,,mobs: custom skins (no 1.12 entity texture)
mobs_mc_wolf_snowy.png,excluded,,,,mobs: custom skins (no 1.12 entity texture)
mobs_mc_wolf_snowy_angry.png,excluded,,,,mobs: custom skins (no 1.12 entity texture)
mobs_mc_wolf_snowy_tame.png,excluded,,,,mobs: custom skins (no 1.12 entity texture)
mobs_mc_wolf_splash_0.png,excluded,,,,mobs: custom skins (no 1.12 entity texture)
mobs_mc_wolf_splash_1.png,excluded,,,,mobs: custom skins (no 1.12 entity texture)
mobs_mc_wolf_splash_2.png,excluded,,,,mobs: custom skins (no 1.12 entity texture)
mobs_mc_wolf_splash_3.png,excluded,,,,mobs: custom skins (no 1.12 entity texture)
mobs_mc_wolf_spotted.png,excluded,,,,mobs: custom skins (no 1.12 entity texture)
mobs_mc_wolf_spotted_angry.png,excluded,,,,mobs: custom skins (no 1.12 entity texture)
mobs_mc_wolf_spotted_tame.png,excluded,,,,mobs: custom skins (no 1.12 entity texture)
mobs_mc_wolf_striped.png,excluded,,,,mobs: custom skins (no 1.12 entity texture)
mobs_mc_wolf_striped_angry.png,excluded,,,,mobs: custom skins (no 1.12 entity texture)
mobs_mc_wolf_striped_tame.png,excluded,,,,mobs: custom skins (no 1.12 entity texture)
mobs_mc_wolf_tame.png,excluded,,,,mobs: custom skins (no 1.12 entity texture)
mobs_mc_wolf_woods.png,excluded,,,,mobs: custom skins (no 1.12 entity texture)
mobs_mc_wolf_woods_angry.png,excluded,,,,mobs: custom skins (no 1.12 entity texture)
mobs_mc_wolf_woods_tame.png,excluded,,,,mobs: custom skins (no 1.12 entity texture)
mobs_mc_zombie.png,excluded,,,,mobs: custom skins (no 1.12 entity texture)
mobs_mc_zombie_villager.png,excluded,,,,mobs: custom skins (no 1.12 entity texture)
mobs_mc_zombie_villager_base.png,excluded,,,,mobs: custom skins (no 1.12 entity texture)
mobs_mc_zombie_villager_desert.png,excluded,,,,mobs: custom skins (no 1.12 entity texture)
mobs_mc_zombie_villager_jungle.png,excluded,,,,mobs: custom skins (no 1.12 entity texture)
mobs_mc_zombie_villager_plains.png,excluded,,,,mobs: custom skins (no 1.12 entity texture)
mobs_mc_zombie_villager_profession_armorer.png,excluded,,,,mobs: custom skins (no 1.12 entity texture)
mobs_mc_zombie_villager_profession_butcher.png,excluded,,,,mobs: custom skins (no 1.12 entity texture)
mobs_mc_zombie_villager_profession_cartographer.png,excluded,,,,mobs: custom skins (no 1.12 entity texture)
mobs_mc_zombie_villager_profession_cleric.png,excluded,,,,mobs: custom skins (no 1.12 entity texture)
mobs_mc_zombie_villager_profession_farmer.png,excluded,,,,mobs: custom skins (no 1.12 entity texture)
mobs_mc_zombie_villager_profession_fisherman.png,excluded,,,,mobs: custom skins (no 1.12 entity texture)
mobs_mc_zombie_villager_profession_fletcher.png,excluded,,,,mobs: custom skins (no 1.12 entity texture)
mobs_mc_zombie_villager_profession_leatherworker.png,excluded,,,,mobs: custom skins (no 1.12 entity texture)
mobs_mc_zombie_villager_profession_librarian.png,excluded,,,,mobs: custom skins (no 1.12 entity texture)
mobs_mc_zombie_villager_profession_mason.png,excluded,,,,mobs: custom skins (no 1.12 entity texture)
mobs_mc_zombie_villager_profession_nitwit.png,excluded,,,,mobs: custom skins (no 1.12 entity texture)
mobs_mc_zombie_villager_profession_shepherd.png,excluded,,,,mobs: custom skins (no 1.12 entity texture)
mobs_mc_zombie_villager_profession_toolsmith.png,excluded,,,,mobs: custom skins (no 1.12 entity texture)
mobs_mc_zombie_villager_profession_weaponsmith.png,excluded,,,,mobs: custom skins (no 1.12 entity texture)
mobs_mc_zombie_villager_savanna.png,excluded,,,,mobs: custom skins (no 1.12 entity texture)
mobs_mc_zombie_villager_snow.png,excluded,,,,mobs: custom skins (no 1.12 entity texture)
mobs_mc_zombie_villager_swamp.png,excluded,,,,mobs: custom skins (no 1.12 entity texture)
mobs_mc_zombie_villager_taiga.png,excluded,,,,mobs: custom skins (no 1.12 entity texture)
nether_sprouts.png,excluded,,,,modern 1.13+ content (absent from 1.12.2 dump)
nether_wart_block.png,excluded,,,,no vanilla asset in dump (partial 1.12.2 pool)
object_crosshair.png,excluded,,,,mod-specific
pointed_dripstone_base.png,excluded,,,,modern 1.13+ content (absent from 1.12.2 dump)
pointed_dripstone_frustum.png,excluded,,,,modern 1.13+ content (absent from 1.12.2 dump)
pointed_dripstone_middle.png,excluded,,,,modern 1.13+ content (absent from 1.12.2 dump)
pointed_dripstone_tip.png,excluded,,,,modern 1.13+ content (absent from 1.12.2 dump)
pointed_dripstone_tip_merge.png,excluded,,,,modern 1.13+ content (absent from 1.12.2 dump)
powder_snow.png,excluded,,,,modern 1.13+ content (absent from 1.12.2 dump)
pufferfish_bucket.png,excluded,,,,mod-specific
redstone_redstone_dust_dot.png,excluded,,,,mod-specific
redstone_redstone_dust_line0.png,excluded,,,,mod-specific
redstone_redstone_dust_line1.png,excluded,,,,mod-specific
respawn_anchor_bottom.png,excluded,,,,modern 1.13+ content (absent from 1.12.2 dump)
respawn_anchor_side0.png,excluded,,,,modern 1.13+ content (absent from 1.12.2 dump)
respawn_anchor_side1.png,excluded,,,,modern 1.13+ content (absent from 1.12.2 dump)
respawn_anchor_side2.png,excluded,,,,modern 1.13+ content (absent from 1.12.2 dump)
respawn_anchor_side3.png,excluded,,,,modern 1.13+ content (absent from 1.12.2 dump)
respawn_anchor_side4.png,excluded,,,,modern 1.13+ content (absent from 1.12.2 dump)
respawn_anchor_top_off.png,excluded,,,,modern 1.13+ content (absent from 1.12.2 dump)
respawn_anchor_top_on.png,excluded,,,,modern 1.13+ content (absent from 1.12.2 dump)
rib_armor_trim_smithing_template.png,excluded,,,,modern 1.13+ content (absent from 1.12.2 dump)
rib_boots.png,excluded,,,,modern 1.13+ content (absent from 1.12.2 dump)
rib_chestplate.png,excluded,,,,modern 1.13+ content (absent from 1.12.2 dump)
rib_helmet.png,excluded,,,,modern 1.13+ content (absent from 1.12.2 dump)
rib_leggings.png,excluded,,,,modern 1.13+ content (absent from 1.12.2 dump)
root_1.png,excluded,,,,mod-specific
root_2.png,excluded,,,,mod-specific
root_3.png,excluded,,,,mod-specific
root_4.png,excluded,,,,mod-specific
root_5.png,excluded,,,,mod-specific
root_6.png,excluded,,,,mod-specific
root_7.png,excluded,,,,mod-specific
root_8.png,excluded,,,,mod-specific
salmon_bucket.png,excluded,,,,mod-specific
screwdriver.png,excluded,,,,mod-specific
sentry_armor_trim_smithing_template.png,excluded,,,,modern 1.13+ content (absent from 1.12.2 dump)
sentry_boots.png,excluded,,,,modern 1.13+ content (absent from 1.12.2 dump)
sentry_chestplate.png,excluded,,,,modern 1.13+ content (absent from 1.12.2 dump)
sentry_helmet.png,excluded,,,,modern 1.13+ content (absent from 1.12.2 dump)
sentry_leggings.png,excluded,,,,modern 1.13+ content (absent from 1.12.2 dump)
shroomlight.png,excluded,,,,mod-specific
silence_armor_trim_smithing_template.png,excluded,,,,modern 1.13+ content (absent from 1.12.2 dump)
silence_boots.png,excluded,,,,modern 1.13+ content (absent from 1.12.2 dump)
silence_chestplate.png,excluded,,,,modern 1.13+ content (absent from 1.12.2 dump)
silence_helmet.png,excluded,,,,modern 1.13+ content (absent from 1.12.2 dump)
silence_leggings.png,excluded,,,,modern 1.13+ content (absent from 1.12.2 dump)
smoke_puff.png,excluded,,,,particles/effects (not content)
smoker_bottom.png,excluded,,,,modern 1.13+ content (absent from 1.12.2 dump)
smoker_front.png,excluded,,,,modern 1.13+ content (absent from 1.12.2 dump)
smoker_front_on.png,excluded,,,,modern 1.13+ content (absent from 1.12.2 dump)
smoker_side.png,excluded,,,,modern 1.13+ content (absent from 1.12.2 dump)
smoker_top.png,excluded,,,,modern 1.13+ content (absent from 1.12.2 dump)
snout_armor_trim_smithing_template.png,excluded,,,,modern 1.13+ content (absent from 1.12.2 dump)
snout_boots.png,excluded,,,,modern 1.13+ content (absent from 1.12.2 dump)
snout_chestplate.png,excluded,,,,modern 1.13+ content (absent from 1.12.2 dump)
snout_helmet.png,excluded,,,,modern 1.13+ content (absent from 1.12.2 dump)
snout_leggings.png,excluded,,,,modern 1.13+ content (absent from 1.12.2 dump)
soul_fire_basic_flame.png,excluded,,,,modern 1.13+ content (absent from 1.12.2 dump)
soul_fire_basic_flame_animated.png,excluded,,,,modern 1.13+ content (absent from 1.12.2 dump)
soul_torch_on_floor.png,excluded,,,,modern 1.13+ content (absent from 1.12.2 dump)
soul_torch_on_floor_animated.png,excluded,,,,modern 1.13+ content (absent from 1.12.2 dump)
spire_armor_trim_smithing_template.png,excluded,,,,modern 1.13+ content (absent from 1.12.2 dump)
spire_boots.png,excluded,,,,modern 1.13+ content (absent from 1.12.2 dump)
spire_chestplate.png,excluded,,,,modern 1.13+ content (absent from 1.12.2 dump)
spire_helmet.png,excluded,,,,modern 1.13+ content (absent from 1.12.2 dump)
spire_leggings.png,excluded,,,,modern 1.13+ content (absent from 1.12.2 dump)
stripped_crimson_stem.png,excluded,,,,modern 1.13+ content (absent from 1.12.2 dump)
stripped_crimson_stem_side.png,excluded,,,,modern 1.13+ content (absent from 1.12.2 dump)
stripped_crimson_stem_top.png,excluded,,,,modern 1.13+ content (absent from 1.12.2 dump)
stripped_warped_stem.png,excluded,,,,modern 1.13+ content (absent from 1.12.2 dump)
stripped_warped_stem_side.png,excluded,,,,modern 1.13+ content (absent from 1.12.2 dump)
stripped_warped_stem_top.png,excluded,,,,modern 1.13+ content (absent from 1.12.2 dump)
sus_stew.png,excluded,,,,modern 1.13+ content (absent from 1.12.2 dump)
testpathfinder_waypoint.png,excluded,,,,mod-specific
testpathfinder_waypoint_end.png,excluded,,,,mod-specific
testpathfinder_waypoint_start.png,excluded,,,,mod-specific
tide_armor_trim_smithing_template.png,excluded,,,,modern 1.13+ content (absent from 1.12.2 dump)
tide_boots.png,excluded,,,,modern 1.13+ content (absent from 1.12.2 dump)
tide_chestplate.png,excluded,,,,modern 1.13+ content (absent from 1.12.2 dump)
tide_helmet.png,excluded,,,,modern 1.13+ content (absent from 1.12.2 dump)
tide_leggings.png,excluded,,,,modern 1.13+ content (absent from 1.12.2 dump)
tree_1.png,excluded,,,,mod-specific
tree_2.png,excluded,,,,mod-specific
tree_3.png,excluded,,,,mod-specific
tree_4.png,excluded,,,,mod-specific
tree_5.png,excluded,,,,mod-specific
tree_6.png,excluded,,,,mod-specific
tree_7.png,excluded,,,,mod-specific
tree_8.png,excluded,,,,mod-specific
trialspawner_blue_bar_particles.1.png,excluded,,,,GUI/formspec (not content)
trialspawner_blue_bar_particles.2.png,excluded,,,,GUI/formspec (not content)
trialspawner_blue_dot_particle.png,excluded,,,,particles/effects (not content)
trialspawner_bottom.png,excluded,,,,mod-specific
trialspawner_bottom_ominous.png,excluded,,,,mod-specific
trialspawner_bottom_on.png,excluded,,,,mod-specific
trialspawner_orange_bar_particles.1.png,excluded,,,,GUI/formspec (not content)
trialspawner_orange_bar_particles.2.png,excluded,,,,GUI/formspec (not content)
trialspawner_side.png,excluded,,,,mod-specific
trialspawner_side_ominous.png,excluded,,,,mod-specific
trialspawner_side_on.png,excluded,,,,mod-specific
trialspawner_top.png,excluded,,,,mod-specific
trialspawner_top_ominous.png,excluded,,,,mod-specific
trialspawner_top_on.png,excluded,,,,mod-specific
tropical_fish_bucket.png,excluded,,,,mod-specific
twisting_vines.png,excluded,,,,modern 1.13+ content (absent from 1.12.2 dump)
twisting_vines_plant.png,excluded,,,,modern 1.13+ content (absent from 1.12.2 dump)
vex_armor_trim_smithing_template.png,excluded,,,,modern 1.13+ content (absent from 1.12.2 dump)
vex_boots.png,excluded,,,,modern 1.13+ content (absent from 1.12.2 dump)
vex_chestplate.png,excluded,,,,modern 1.13+ content (absent from 1.12.2 dump)
vex_helmet.png,excluded,,,,modern 1.13+ content (absent from 1.12.2 dump)
vex_leggings.png,excluded,,,,modern 1.13+ content (absent from 1.12.2 dump)
ward_armor_trim_smithing_template.png,excluded,,,,modern 1.13+ content (absent from 1.12.2 dump)
ward_boots.png,excluded,,,,modern 1.13+ content (absent from 1.12.2 dump)
ward_chestplate.png,excluded,,,,modern 1.13+ content (absent from 1.12.2 dump)
ward_helmet.png,excluded,,,,modern 1.13+ content (absent from 1.12.2 dump)
ward_leggings.png,excluded,,,,modern 1.13+ content (absent from 1.12.2 dump)
warped_hyphae.png,excluded,,,,modern 1.13+ content (absent from 1.12.2 dump)
warped_hyphae_side.png,excluded,,,,modern 1.13+ content (absent from 1.12.2 dump)
warped_hyphae_wood.png,excluded,,,,modern 1.13+ content (absent from 1.12.2 dump)
warped_nylium.png,excluded,,,,modern 1.13+ content (absent from 1.12.2 dump)
warped_nylium_side.png,excluded,,,,modern 1.13+ content (absent from 1.12.2 dump)
warped_roots.png,excluded,,,,modern 1.13+ content (absent from 1.12.2 dump)
warped_stem_stripped_side.png,excluded,,,,modern 1.13+ content (absent from 1.12.2 dump)
warped_stem_stripped_top.png,excluded,,,,modern 1.13+ content (absent from 1.12.2 dump)
warped_wart_block.png,excluded,,,,modern 1.13+ content (absent from 1.12.2 dump)
wayfinder_armor_trim_smithing_template.png,excluded,,,,modern 1.13+ content (absent from 1.12.2 dump)
wayfinder_boots.png,excluded,,,,modern 1.13+ content (absent from 1.12.2 dump)
wayfinder_chestplate.png,excluded,,,,modern 1.13+ content (absent from 1.12.2 dump)
wayfinder_helmet.png,excluded,,,,modern 1.13+ content (absent from 1.12.2 dump)
wayfinder_leggings.png,excluded,,,,modern 1.13+ content (absent from 1.12.2 dump)
weather_pack_rain_raindrop_1.png,excluded,,,,particles/effects (not content)
weather_pack_rain_raindrop_2.png,excluded,,,,particles/effects (not content)
weather_pack_rain_raindrop_3.png,excluded,,,,particles/effects (not content)
weather_pack_snow_snowflake1.png,excluded,,,,mod-specific
weather_pack_snow_snowflake10.png,excluded,,,,mod-specific
weather_pack_snow_snowflake11.png,excluded,,,,mod-specific
weather_pack_snow_snowflake2.png,excluded,,,,mod-specific
weather_pack_snow_snowflake3.png,excluded,,,,mod-specific
weather_pack_snow_snowflake4.png,excluded,,,,mod-specific
weather_pack_snow_snowflake5.png,excluded,,,,mod-specific
weather_pack_snow_snowflake6.png,excluded,,,,mod-specific
weather_pack_snow_snowflake7.png,excluded,,,,mod-specific
weather_pack_snow_snowflake8.png,excluded,,,,mod-specific
weather_pack_snow_snowflake9.png,excluded,,,,mod-specific
wild_armor_trim_smithing_template.png,excluded,,,,modern 1.13+ content (absent from 1.12.2 dump)
wild_boots.png,excluded,,,,modern 1.13+ content (absent from 1.12.2 dump)
wild_chestplate.png,excluded,,,,modern 1.13+ content (absent from 1.12.2 dump)
wild_helmet.png,excluded,,,,modern 1.13+ content (absent from 1.12.2 dump)
wild_leggings.png,excluded,,,,modern 1.13+ content (absent from 1.12.2 dump)
wool_black.png,excluded,,,,no vanilla asset in dump (partial 1.12.2 pool)
wool_blue.png,excluded,,,,no vanilla asset in dump (partial 1.12.2 pool)
wool_brown.png,excluded,,,,no vanilla asset in dump (partial 1.12.2 pool)
wool_cyan.png,excluded,,,,no vanilla asset in dump (partial 1.12.2 pool)
wool_dark_green.png,excluded,,,,no vanilla asset in dump (partial 1.12.2 pool)
wool_grey.png,excluded,,,,no vanilla asset in dump (partial 1.12.2 pool)
wool_magenta.png,excluded,,,,no vanilla asset in dump (partial 1.12.2 pool)
wool_orange.png,excluded,,,,no vanilla asset in dump (partial 1.12.2 pool)
wool_pink.png,excluded,,,,no vanilla asset in dump (partial 1.12.2 pool)
wool_red.png,excluded,,,,no vanilla asset in dump (partial 1.12.2 pool)
wool_violet.png,excluded,,,,no vanilla asset in dump (partial 1.12.2 pool)
wool_white.png,excluded,,,,no vanilla asset in dump (partial 1.12.2 pool)
wool_yellow.png,excluded,,,,no vanilla asset in dump (partial 1.12.2 pool)
xpanes_top_iron.png,excluded,,,,no vanilla asset in dump (partial 1.12.2 pool)
