name,status,vanilla,resolved,applied
default_acacia_tree.png,manual,log_acacia.png,blocks/log_acacia.png,
default_acacia_tree_top.png,manual,log_acacia_top.png,blocks/log_acacia_top.png,
default_acacia_wood.png,manual,log_acacia.png,blocks/log_acacia.png,
default_clay_brick.png,manual,items/brick.png,,
default_clay_lump.png,manual,clay_ball.png,items/clay_ball.png,
default_coal_lump.png,manual,coal.png,items/coal.png,
default_cobble.png,manual,cobblestone.png,blocks/cobblestone.png,
default_diamond.png,manual,diamond.png,items/diamond.png,
default_diamond_block.png,manual,diamond_block.png,blocks/diamond_block.png,
default_dry_shrub.png,manual,deadbush.png,blocks/deadbush.png,
default_furnace_bottom.png,manual,furnace_top.png,blocks/furnace_top.png,
default_furnace_front.png,manual,furnace_front_off.png,blocks/furnace_front_off.png,
default_furnace_front_active.png,manual,furnace_front_on.png,blocks/furnace_front_on.png,
default_glass_detail.png,manual,glass.png,blocks/glass.png,
default_jungleleaves.png,manual,leaves_jungle.png,blocks/leaves_jungle.png,
default_junglesapling.png,manual,sapling_jungle.png,blocks/sapling_jungle.png,
default_jungletree.png,manual,log_jungle.png,blocks/log_jungle.png,
default_jungletree_top.png,manual,log_jungle_top.png,blocks/log_jungle_top.png,
default_junglewood.png,manual,log_jungle.png,blocks/log_jungle.png,
default_lava_flowing_animated.png,manual,lava_flow.png,blocks/lava_flow.png,
default_lava_source_animated.png,manual,lava_still.png,blocks/lava_still.png,
default_leaves.png,manual,leaves_oak.png,blocks/leaves_oak.png,
default_mossycobble.png,manual,cobblestone_mossy.png,blocks/cobblestone_mossy.png,
default_rail.png,manual,rail_normal.png,blocks/rail_normal.png,
default_rail_crossing.png,manual,rail_normal.png,blocks/rail_normal.png,
default_rail_curved.png,manual,rail_normal_turned.png,blocks/rail_normal_turned.png,
default_rail_t_junction.png,manual,rail_normal.png,blocks/rail_normal.png,
default_river_water_flowing_animated.png,manual,water_flow.png,blocks/water_flow.png,
default_river_water_source_animated.png,manual,water_still.png,blocks/water_still.png,
default_sapling.png,manual,sapling_oak.png,blocks/sapling_oak.png,
default_snow.png,manual,snow.png,blocks/snow.png,
default_steel_block.png,manual,iron_block.png,blocks/iron_block.png,
default_steel_ingot.png,manual,iron_ingot.png,items/iron_ingot.png,
default_stone_brick.png,manual,stonebrick.png,blocks/stonebrick.png,
default_tnt_bottom.png,manual,tnt_bottom.png,blocks/tnt_bottom.png,
default_tnt_side.png,manual,tnt_side.png,blocks/tnt_side.png,
default_tnt_top.png,manual,tnt_top.png,blocks/tnt_top.png,
default_tool_diamondaxe.png,manual,diamond_axe.png,items/diamond_axe.png,
default_tool_diamondpick.png,manual,diamond_pickaxe.png,items/diamond_pickaxe.png,
default_tool_diamondshovel.png,manual,diamond_shovel.png,items/diamond_shovel.png,
default_tool_diamondsword.png,manual,diamond_sword.png,items/diamond_sword.png,
default_tool_goldaxe.png,manual,gold_axe.png,items/gold_axe.png,
default_tool_goldpick.png,manual,gold_pickaxe.png,items/gold_pickaxe.png,
default_tool_goldshovel.png,manual,gold_shovel.png,items/gold_shovel.png,
default_tool_goldsword.png,manual,gold_sword.png,items/gold_sword.png,
default_tool_shears.png,manual,shears.png,items/shears.png,
default_tool_steelaxe.png,manual,iron_axe.png,items/iron_axe.png,
default_tool_steelpick.png,manual,iron_pickaxe.png,items/iron_pickaxe.png,
default_tool_steelshovel.png,manual,iron_shovel.png,items/iron_shovel.png,
default_tool_steelsword.png,manual,iron_sword.png,items/iron_sword.png,
default_tool_stoneaxe.png,manual,stone_axe.png,items/stone_axe.png,
default_tool_stonepick.png,manual,stone_pickaxe.png,items/stone_pickaxe.png,
default_tool_stoneshovel.png,manual,stone_shovel.png,items/stone_shovel.png,
default_tool_stonesword.png,manual,stone_sword.png,items/stone_sword.png,
default_tool_woodaxe.png,manual,wood_axe.png,items/wood_axe.png,
default_tool_woodpick.png,manual,wood_pickaxe.png,items/wood_pickaxe.png,
default_tool_woodshovel.png,manual,wood_shovel.png,items/wood_shovel.png,
default_tool_woodsword.png,manual,wood_sword.png,items/wood_sword.png,
default_torch_on_floor.png,manual,torch_on.png,blocks/torch_on.png,
default_torch_on_floor_animated.png,manual,torch_on.png,blocks/torch_on.png,
default_tree.png,manual,log_oak.png,blocks/log_oak.png,
default_tree_top.png,manual,log_oak_top.png,blocks/log_oak_top.png,
default_water_flowing_animated.png,manual,water_flow.png,blocks/water_flow.png,
default_water_source_animated.png,manual,water_still.png,blocks/water_still.png,
farming_carrot_1.png,manual,carrots_stage_0.png,blocks/carrots_stage_0.png,
farming_carrot_2.png,manual,carrots_stage_1.png,blocks/carrots_stage_1.png,
farming_carrot_3.png,manual,carrots_stage_2.png,blocks/carrots_stage_2.png,
farming_carrot_4.png,manual,carrots_stage_3.png,blocks/carrots_stage_3.png,
farming_carrot_gold.png,manual,carrot_golden.png,items/carrot_golden.png,
farming_pumpkin_face.png,manual,pumpkin_face.png,,
farming_pumpkin_face_light.png,manual,pumpkin_face.png,,
farming_tool_diamondhoe.png,manual,diamond_hoe.png,items/diamond_hoe.png,
farming_tool_goldhoe.png,manual,gold_hoe.png,items/gold_hoe.png,
farming_tool_steelhoe.png,manual,iron_hoe.png,items/iron_hoe.png,
farming_tool_stonehoe.png,manual,stone_hoe.png,items/stone_hoe.png,
farming_tool_woodhoe.png,manual,wood_hoe.png,items/wood_hoe.png,
farming_wheat_harvested.png,manual,wheat.png,items/wheat.png,
mcl_armor_boots_chain.png,manual,chainmail_boots.png,items/chainmail_boots.png,
mcl_armor_boots_diamond.png,manual,diamond_boots.png,items/diamond_boots.png,
mcl_armor_boots_gold.png,manual,gold_boots.png,items/gold_boots.png,
mcl_armor_boots_iron.png,manual,iron_boots.png,items/iron_boots.png,
mcl_armor_boots_leather.png,manual,leather_boots.png,items/leather_boots.png,
mcl_armor_chestplate_chain.png,manual,chainmail_chestplate.png,items/chainmail_chestplate.png,
mcl_armor_chestplate_diamond.png,manual,diamond_chestplate.png,items/diamond_chestplate.png,
mcl_armor_chestplate_gold.png,manual,gold_chestplate.png,items/gold_chestplate.png,
mcl_armor_chestplate_iron.png,manual,iron_chestplate.png,items/iron_chestplate.png,
mcl_armor_chestplate_leather.png,manual,leather_chestplate.png,items/leather_chestplate.png,
mcl_armor_helmet_chain.png,manual,chainmail_helmet.png,items/chainmail_helmet.png,
mcl_armor_helmet_diamond.png,manual,diamond_helmet.png,items/diamond_helmet.png,
mcl_armor_helmet_gold.png,manual,gold_helmet.png,items/gold_helmet.png,
mcl_armor_helmet_iron.png,manual,iron_helmet.png,items/iron_helmet.png,
mcl_armor_helmet_leather.png,manual,leather_helmet.png,items/leather_helmet.png,
mcl_armor_inv_boots_chain.png,manual,chainmail_boots.png,items/chainmail_boots.png,
mcl_armor_inv_boots_diamond.png,manual,diamond_boots.png,items/diamond_boots.png,
mcl_armor_inv_boots_gold.png,manual,gold_boots.png,items/gold_boots.png,
mcl_armor_inv_boots_iron.png,manual,iron_boots.png,items/iron_boots.png,
mcl_armor_inv_boots_leather.png,manual,leather_boots.png,items/leather_boots.png,
mcl_armor_inv_chestplate_chain.png,manual,chainmail_chestplate.png,items/chainmail_chestplate.png,
mcl_armor_inv_chestplate_diamond.png,manual,diamond_chestplate.png,items/diamond_chestplate.png,
mcl_armor_inv_chestplate_gold.png,manual,gold_chestplate.png,items/gold_chestplate.png,
mcl_armor_inv_chestplate_iron.png,manual,iron_chestplate.png,items/iron_chestplate.png,
mcl_armor_inv_chestplate_leather.png,manual,leather_chestplate.png,items/leather_chestplate.png,
mcl_armor_inv_helmet_chain.png,manual,chainmail_helmet.png,items/chainmail_helmet.png,
mcl_armor_inv_helmet_diamond.png,manual,diamond_helmet.png,items/diamond_helmet.png,
mcl_armor_inv_helmet_gold.png,manual,gold_helmet.png,items/gold_helmet.png,
mcl_armor_inv_helmet_iron.png,manual,iron_helmet.png,items/iron_helmet.png,
mcl_armor_inv_helmet_leather.png,manual,leather_helmet.png,items/leather_helmet.png,
mcl_armor_inv_leggings_chain.png,manual,chainmail_leggings.png,items/chainmail_leggings.png,
mcl_armor_inv_leggings_diamond.png,manual,diamond_leggings.png,items/diamond_leggings.png,
mcl_armor_inv_leggings_gold.png,manual,gold_leggings.png,items/gold_leggings.png,
mcl_armor_inv_leggings_iron.png,manual,iron_leggings.png,items/iron_leggings.png,
mcl_armor_inv_leggings_leather.png,manual,leather_leggings.png,items/leather_leggings.png,
mcl_armor_leggings_chain.png,manual,chainmail_leggings.png,items/chainmail_leggings.png,
mcl_armor_leggings_diamond.png,manual,diamond_leggings.png,items/diamond_leggings.png,
mcl_armor_leggings_gold.png,manual,gold_leggings.png,items/gold_leggings.png,
mcl_armor_leggings_iron.png,manual,iron_leggings.png,items/iron_leggings.png,
mcl_armor_leggings_leather.png,manual,leather_leggings.png,items/leather_leggings.png,
mcl_core_glass_black_detail.png,manual,glass_black.png,blocks/glass_black.png,
mcl_core_glass_blue_detail.png,manual,glass_blue.png,blocks/glass_blue.png,
mcl_core_glass_brown_detail.png,manual,glass_brown.png,blocks/glass_brown.png,
mcl_core_glass_cyan_detail.png,manual,glass_cyan.png,blocks/glass_cyan.png,
mcl_core_glass_gray_detail.png,manual,glass_gray.png,blocks/glass_gray.png,
mcl_core_glass_green_detail.png,manual,glass_green.png,blocks/glass_green.png,
mcl_core_glass_light_blue_detail.png,manual,glass_light_blue.png,blocks/glass_light_blue.png,
mcl_core_glass_lime_detail.png,manual,glass_lime.png,blocks/glass_lime.png,
mcl_core_glass_magenta_detail.png,manual,glass_magenta.png,blocks/glass_magenta.png,
mcl_core_glass_orange_detail.png,manual,glass_orange.png,blocks/glass_orange.png,
mcl_core_glass_pink_detail.png,manual,glass_pink.png,blocks/glass_pink.png,
mcl_core_glass_purple_detail.png,manual,glass_purple.png,blocks/glass_purple.png,
mcl_core_glass_red_detail.png,manual,glass_red.png,blocks/glass_red.png,
mcl_core_glass_silver_detail.png,manual,glass_silver.png,blocks/glass_silver.png,
mcl_core_glass_white_detail.png,manual,glass_white.png,blocks/glass_white.png,
mcl_core_glass_yellow_detail.png,manual,glass_yellow.png,blocks/glass_yellow.png,
mcl_core_grass_block_side_overlay.png,manual,grass_side_overlay.png,blocks/grass_side_overlay.png,
mcl_core_grass_block_top.png,manual,grass_top.png,blocks/grass_top.png,
mcl_core_grass_path_side.png,manual,grass_side.png,blocks/grass_side.png,
mcl_core_grass_path_top.png,manual,grass_top.png,blocks/grass_top.png,
mcl_core_grass_side_snowed.png,manual,grass_side_snowed.png,blocks/grass_side_snowed.png,
mcl_core_ice_blue.png,manual,ice_packed.png,blocks/ice_packed.png,
mcl_core_lapis.png,manual,lapis_ore.png,blocks/lapis_ore.png,
mcl_core_papyrus.png,manual,reeds.png,blocks/reeds.png,
mcl_core_sapling_big_oak.png,manual,sapling_roofed_oak.png,blocks/sapling_roofed_oak.png,
mcl_nether_netherbrick.png,manual,nether_brick.png,blocks/nether_brick.png,
mcl_nether_quartz_chiseled_side.png,manual,quartz_block_chiseled.png,blocks/quartz_block_chiseled.png,
mcl_nether_quartz_chiseled_top.png,manual,quartz_block_chiseled_top.png,blocks/quartz_block_chiseled_top.png,
mcl_nether_quartz_pillar_side.png,manual,quartz_block_lines.png,blocks/quartz_block_lines.png,
mcl_nether_quartz_pillar_top.png,manual,quartz_block_lines_top.png,blocks/quartz_block_lines_top.png,
bucket_lava.png,exact,bucket_lava.png,items/bucket_lava.png,
bucket_water.png,exact,bucket_water.png,items/bucket_water.png,
cake.png,exact,cake.png,items/cake.png,
cake_bottom.png,exact,cake_bottom.png,blocks/cake_bottom.png,
cake_inner.png,exact,cake_inner.png,blocks/cake_inner.png,
cake_side.png,exact,cake_side.png,blocks/cake_side.png,
cake_top.png,exact,cake_top.png,blocks/cake_top.png,
hardened_clay.png,exact,hardened_clay.png,blocks/hardened_clay.png,
hardened_clay_stained_black.png,exact,hardened_clay_stained_black.png,blocks/hardened_clay_stained_black.png,
hardened_clay_stained_blue.png,exact,hardened_clay_stained_blue.png,blocks/hardened_clay_stained_blue.png,
hardened_clay_stained_brown.png,exact,hardened_clay_stained_brown.png,blocks/hardened_clay_stained_brown.png,
hardened_clay_stained_cyan.png,exact,hardened_clay_stained_cyan.png,blocks/hardened_clay_stained_cyan.png,
hardened_clay_stained_green.png,exact,hardened_clay_stained_green.png,blocks/hardened_clay_stained_green.png,
hardened_clay_stained_light_blue.png,exact,hardened_clay_stained_light_blue.png,blocks/hardened_clay_stained_light_blue.png,
hardened_clay_stained_lime.png,exact,hardened_clay_stained_lime.png,blocks/hardened_clay_stained_lime.png,
hardened_clay_stained_magenta.png,exact,hardened_clay_stained_magenta.png,blocks/hardened_clay_stained_magenta.png,
hardened_clay_stained_orange.png,exact,hardened_clay_stained_orange.png,blocks/hardened_clay_stained_orange.png,
hardened_clay_stained_pink.png,exact,hardened_clay_stained_pink.png,blocks/hardened_clay_stained_pink.png,
hardened_clay_stained_purple.png,exact,hardened_clay_stained_purple.png,blocks/hardened_clay_stained_purple.png,
hardened_clay_stained_red.png,exact,hardened_clay_stained_red.png,blocks/hardened_clay_stained_red.png,
hardened_clay_stained_silver.png,exact,hardened_clay_stained_silver.png,blocks/hardened_clay_stained_silver.png,
hardened_clay_stained_white.png,exact,hardened_clay_stained_white.png,blocks/hardened_clay_stained_white.png,
hardened_clay_stained_yellow.png,exact,hardened_clay_stained_yellow.png,blocks/hardened_clay_stained_yellow.png,
mob_spawner.png,exact,mob_spawner.png,blocks/mob_spawner.png,
spawn_egg.png,exact,spawn_egg.png,items/spawn_egg.png,
spawn_egg_overlay.png,exact,spawn_egg_overlay.png,items/spawn_egg_overlay.png,
default_apple.png,stripped,apple.png,items/apple.png,
default_book.png,stripped,book.png,gui/book.png,
default_bookshelf.png,stripped,bookshelf.png,blocks/bookshelf.png,
default_brick.png,stripped,brick.png,blocks/brick.png,
default_clay.png,stripped,clay.png,blocks/clay.png,
default_coal_block.png,stripped,coal_block.png,blocks/coal_block.png,
default_dirt.png,stripped,dirt.png,blocks/dirt.png,
default_flint.png,stripped,flint.png,items/flint.png,
default_furnace_side.png,stripped,furnace_side.png,blocks/furnace_side.png,
default_furnace_top.png,stripped,furnace_top.png,blocks/furnace_top.png,
default_glass.png,stripped,glass.png,blocks/glass.png,
default_gold_block.png,stripped,gold_block.png,blocks/gold_block.png,
default_gold_ingot.png,stripped,gold_ingot.png,items/gold_ingot.png,
default_gravel.png,stripped,gravel.png,blocks/gravel.png,
default_gunpowder.png,stripped,gunpowder.png,items/gunpowder.png,
default_ice.png,stripped,ice.png,blocks/ice.png,
default_ladder.png,stripped,ladder.png,blocks/ladder.png,
default_obsidian.png,stripped,obsidian.png,blocks/obsidian.png,
default_paper.png,stripped,paper.png,items/paper.png,
default_sand.png,stripped,sand.png,blocks/sand.png,
default_stick.png,stripped,stick.png,items/stick.png,
default_stone.png,stripped,stone.png,blocks/stone.png,
default_wood.png,stripped,wood.png,entity/armorstand/wood.png,
farming_bread.png,stripped,bread.png,items/bread.png,
farming_carrot.png,stripped,carrot.png,items/carrot.png,
farming_cookie.png,stripped,cookie.png,items/cookie.png,
farming_melon.png,stripped,melon.png,items/melon.png,
farming_melon_side.png,stripped,melon_side.png,blocks/melon_side.png,
farming_melon_top.png,stripped,melon_top.png,blocks/melon_top.png,
farming_mushroom_brown.png,stripped,mushroom_brown.png,blocks/mushroom_brown.png,
farming_mushroom_red.png,stripped,mushroom_red.png,blocks/mushroom_red.png,
farming_mushroom_stew.png,stripped,mushroom_stew.png,items/mushroom_stew.png,
farming_potato.png,stripped,potato.png,items/potato.png,
farming_potato_baked.png,stripped,potato_baked.png,items/potato_baked.png,
farming_pumpkin_side.png,stripped,pumpkin_side.png,blocks/pumpkin_side.png,
farming_pumpkin_top.png,stripped,pumpkin_top.png,blocks/pumpkin_top.png,
mcl_brewing_stand.png,stripped,brewing_stand.png,blocks/brewing_stand.png,
mcl_core_apple_golden.png,stripped,apple_golden.png,items/apple_golden.png,
mcl_core_barrier.png,stripped,barrier.png,items/barrier.png,
mcl_core_bedrock.png,stripped,bedrock.png,blocks/bedrock.png,
mcl_core_bowl.png,stripped,bowl.png,items/bowl.png,
mcl_core_cactus_bottom.png,stripped,cactus_bottom.png,blocks/cactus_bottom.png,
mcl_core_cactus_side.png,stripped,cactus_side.png,blocks/cactus_side.png,
mcl_core_cactus_top.png,stripped,cactus_top.png,blocks/cactus_top.png,
mcl_core_charcoal.png,stripped,charcoal.png,items/charcoal.png,
mcl_core_coal_ore.png,stripped,coal_ore.png,blocks/coal_ore.png,
mcl_core_coarse_dirt.png,stripped,coarse_dirt.png,blocks/coarse_dirt.png,
mcl_core_diamond_ore.png,stripped,diamond_ore.png,blocks/diamond_ore.png,
mcl_core_dirt_podzol_side.png,stripped,dirt_podzol_side.png,blocks/dirt_podzol_side.png,
mcl_core_dirt_podzol_top.png,stripped,dirt_podzol_top.png,blocks/dirt_podzol_top.png,
mcl_core_emerald.png,stripped,emerald.png,items/emerald.png,
mcl_core_emerald_block.png,stripped,emerald_block.png,blocks/emerald_block.png,
mcl_core_emerald_ore.png,stripped,emerald_ore.png,blocks/emerald_ore.png,
mcl_core_glass_black.png,stripped,glass_black.png,blocks/glass_black.png,
mcl_core_glass_blue.png,stripped,glass_blue.png,blocks/glass_blue.png,
mcl_core_glass_brown.png,stripped,glass_brown.png,blocks/glass_brown.png,
mcl_core_glass_cyan.png,stripped,glass_cyan.png,blocks/glass_cyan.png,
mcl_core_glass_gray.png,stripped,glass_gray.png,blocks/glass_gray.png,
mcl_core_glass_green.png,stripped,glass_green.png,blocks/glass_green.png,
mcl_core_glass_light_blue.png,stripped,glass_light_blue.png,blocks/glass_light_blue.png,
mcl_core_glass_lime.png,stripped,glass_lime.png,blocks/glass_lime.png,
mcl_core_glass_magenta.png,stripped,glass_magenta.png,blocks/glass_magenta.png,
mcl_core_glass_orange.png,stripped,glass_orange.png,blocks/glass_orange.png,
mcl_core_glass_pink.png,stripped,glass_pink.png,blocks/glass_pink.png,
mcl_core_glass_purple.png,stripped,glass_purple.png,blocks/glass_purple.png,
mcl_core_glass_red.png,stripped,glass_red.png,blocks/glass_red.png,
mcl_core_glass_silver.png,stripped,glass_silver.png,blocks/glass_silver.png,
mcl_core_glass_white.png,stripped,glass_white.png,blocks/glass_white.png,
mcl_core_glass_yellow.png,stripped,glass_yellow.png,blocks/glass_yellow.png,
mcl_core_gold_nugget.png,stripped,gold_nugget.png,items/gold_nugget.png,
mcl_core_gold_ore.png,stripped,gold_ore.png,blocks/gold_ore.png,
mcl_core_ice_packed.png,stripped,ice_packed.png,blocks/ice_packed.png,
mcl_core_iron_ore.png,stripped,iron_ore.png,blocks/iron_ore.png,
mcl_core_lapis_block.png,stripped,lapis_block.png,blocks/lapis_block.png,
mcl_core_lapis_ore.png,stripped,lapis_ore.png,blocks/lapis_ore.png,
mcl_core_leaves_big_oak.png,stripped,leaves_big_oak.png,blocks/leaves_big_oak.png,
mcl_core_leaves_birch.png,stripped,leaves_birch.png,blocks/leaves_birch.png,
mcl_core_leaves_spruce.png,stripped,leaves_spruce.png,blocks/leaves_spruce.png,
mcl_core_log_big_oak.png,stripped,log_big_oak.png,blocks/log_big_oak.png,
mcl_core_log_big_oak_top.png,stripped,log_big_oak_top.png,blocks/log_big_oak_top.png,
mcl_core_log_birch.png,stripped,log_birch.png,blocks/log_birch.png,
mcl_core_log_birch_top.png,stripped,log_birch_top.png,blocks/log_birch_top.png,
mcl_core_log_spruce.png,stripped,log_spruce.png,blocks/log_spruce.png,
mcl_core_log_spruce_top.png,stripped,log_spruce_top.png,blocks/log_spruce_top.png,
mcl_core_mycelium_side.png,stripped,mycelium_side.png,blocks/mycelium_side.png,
mcl_core_mycelium_top.png,stripped,mycelium_top.png,blocks/mycelium_top.png,
mcl_core_planks_big_oak.png,stripped,planks_big_oak.png,blocks/planks_big_oak.png,
mcl_core_planks_birch.png,stripped,planks_birch.png,blocks/planks_birch.png,
mcl_core_planks_spruce.png,stripped,planks_spruce.png,blocks/planks_spruce.png,
mcl_core_red_sand.png,stripped,red_sand.png,blocks/red_sand.png,
mcl_core_red_sandstone_bottom.png,stripped,red_sandstone_bottom.png,blocks/red_sandstone_bottom.png,
mcl_core_red_sandstone_carved.png,stripped,red_sandstone_carved.png,blocks/red_sandstone_carved.png,
mcl_core_red_sandstone_normal.png,stripped,red_sandstone_normal.png,blocks/red_sandstone_normal.png,
mcl_core_red_sandstone_smooth.png,stripped,red_sandstone_smooth.png,blocks/red_sandstone_smooth.png,
mcl_core_red_sandstone_top.png,stripped,red_sandstone_top.png,blocks/red_sandstone_top.png,
mcl_core_redstone_ore.png,stripped,redstone_ore.png,blocks/redstone_ore.png,
mcl_core_reeds.png,stripped,reeds.png,blocks/reeds.png,
mcl_core_sandstone_bottom.png,stripped,sandstone_bottom.png,blocks/sandstone_bottom.png,
mcl_core_sandstone_carved.png,stripped,sandstone_carved.png,blocks/sandstone_carved.png,
mcl_core_sandstone_normal.png,stripped,sandstone_normal.png,blocks/sandstone_normal.png,
mcl_core_sandstone_smooth.png,stripped,sandstone_smooth.png,blocks/sandstone_smooth.png,
mcl_core_sandstone_top.png,stripped,sandstone_top.png,blocks/sandstone_top.png,
mcl_core_sapling_birch.png,stripped,sapling_birch.png,blocks/sapling_birch.png,
mcl_core_sapling_spruce.png,stripped,sapling_spruce.png,blocks/sapling_spruce.png,
mcl_core_slime.png,stripped,slime.png,blocks/slime.png,
mcl_core_stonebrick_carved.png,stripped,stonebrick_carved.png,blocks/stonebrick_carved.png,
mcl_core_stonebrick_cracked.png,stripped,stonebrick_cracked.png,blocks/stonebrick_cracked.png,
mcl_core_stonebrick_mossy.png,stripped,stonebrick_mossy.png,blocks/stonebrick_mossy.png,
mcl_core_sugar.png,stripped,sugar.png,items/sugar.png,
mcl_core_vine.png,stripped,vine.png,blocks/vine.png,
mcl_core_web.png,stripped,web.png,blocks/web.png,
mcl_enchanting_table_bottom.png,stripped,enchanting_table_bottom.png,blocks/enchanting_table_bottom.png,
mcl_enchanting_table_side.png,stripped,enchanting_table_side.png,blocks/enchanting_table_side.png,
mcl_enchanting_table_top.png,stripped,enchanting_table_top.png,blocks/enchanting_table_top.png,
mcl_end_dragon_egg.png,stripped,dragon_egg.png,blocks/dragon_egg.png,
mcl_end_end_stone.png,stripped,end_stone.png,blocks/end_stone.png,
mcl_end_ender_eye.png,stripped,ender_eye.png,items/ender_eye.png,
mcl_end_endframe_eye.png,stripped,endframe_eye.png,blocks/endframe_eye.png,
mcl_end_endframe_side.png,stripped,endframe_side.png,blocks/endframe_side.png,
mcl_end_endframe_top.png,stripped,endframe_top.png,blocks/endframe_top.png,
mcl_experience_bottle.png,stripped,experience_bottle.png,items/experience_bottle.png,
mcl_experience_orb.png,stripped,experience_orb.png,entity/experience_orb.png,
mcl_jukebox_side.png,stripped,jukebox_side.png,blocks/jukebox_side.png,
mcl_jukebox_top.png,stripped,jukebox_top.png,blocks/jukebox_top.png,
mcl_nether_glowstone.png,stripped,glowstone.png,blocks/glowstone.png,
mcl_nether_glowstone_dust.png,stripped,glowstone_dust.png,items/glowstone_dust.png,
mcl_nether_gold_ore.png,stripped,gold_ore.png,blocks/gold_ore.png,
mcl_nether_nether_brick.png,stripped,nether_brick.png,blocks/nether_brick.png,
mcl_nether_nether_wart.png,stripped,nether_wart.png,items/nether_wart.png,
mcl_nether_nether_wart_stage_0.png,stripped,nether_wart_stage_0.png,blocks/nether_wart_stage_0.png,
mcl_nether_nether_wart_stage_1.png,stripped,nether_wart_stage_1.png,blocks/nether_wart_stage_1.png,
mcl_nether_nether_wart_stage_2.png,stripped,nether_wart_stage_2.png,blocks/nether_wart_stage_2.png,
mcl_nether_netherrack.png,stripped,netherrack.png,blocks/netherrack.png,
mcl_nether_quartz.png,stripped,quartz.png,items/quartz.png,
mcl_nether_quartz_block_bottom.png,stripped,quartz_block_bottom.png,blocks/quartz_block_bottom.png,
mcl_nether_quartz_block_side.png,stripped,quartz_block_side.png,blocks/quartz_block_side.png,
mcl_nether_quartz_block_top.png,stripped,quartz_block_top.png,blocks/quartz_block_top.png,
mcl_nether_quartz_ore.png,stripped,quartz_ore.png,blocks/quartz_ore.png,
mcl_nether_soul_sand.png,stripped,soul_sand.png,blocks/soul_sand.png,
redstone_redstone_block.png,token,redstone_block.png,blocks/redstone_block.png,
redstone_redstone_dust.png,token,redstone_dust.png,items/redstone_dust.png,
3d_armor_stand_item.png,unmapped,,,
_0.png,unmapped,,,
_1.png,unmapped,,,
_1_2.png,unmapped,,,
_1_4.png,unmapped,,,
_1_sup.png,unmapped,,,
_2.png,unmapped,,,
_2_sup.png,unmapped,,,
_3.png,unmapped,,,
_3_4.png,unmapped,,,
_3_sup.png,unmapped,,,
_4.png,unmapped,,,
_5.png,unmapped,,,
_6.png,unmapped,,,
_7.png,unmapped,,,
_8.png,unmapped,,,
_9.png,unmapped,,,
_a.png,unmapped,,,
_a_.png,unmapped,,,
_a_acute.png,unmapped,,,
_a_acute_.png,unmapped,,,
_a_breve.png,unmapped,,,
_a_breve_.png,unmapped,,,
_a_circumflex.png,unmapped,,,
_a_circumflex_.png,unmapped,,,
_a_grave.png,unmapped,,,
_a_grave_.png,unmapped,,,
_a_macron.png,unmapped,,,
_a_macron_.png,unmapped,,,
_a_ogonek.png,unmapped,,,
_a_ogonek_.png,unmapped,,,
_a_ring.png,unmapped,,,
_a_ring_.png,unmapped,,,
_a_sup.png,unmapped,,,
_a_tilde.png,unmapped,,,
_a_tilde_.png,unmapped,,,
_acute.png,unmapped,,,
_ae.png,unmapped,,,
_ae_.png,unmapped,,,
_ae_lig.png,unmapped,,,
_ae_lig_.png,unmapped,,,
_am.png,unmapped,,,
_ap.png,unmapped,,,
_as.png,unmapped,,,
_at.png,unmapped,,,
_b.png,unmapped,,,
_b_.png,unmapped,,,
_bl.png,unmapped,,,
_br.png,unmapped,,,
_broken_bar.png,unmapped,,,
_c.png,unmapped,,,
_c_.png,unmapped,,,
_c_acute.png,unmapped,,,
_c_acute_.png,unmapped,,,
_c_caron.png,unmapped,,,
_c_caron_.png,unmapped,,,
_c_cedille.png,unmapped,,,
_c_cedille_.png,unmapped,,,
_c_circumflex.png,unmapped,,,
_c_circumflex_.png,unmapped,,,
_c_overdot.png,unmapped,,,
_c_overdot_.png,unmapped,,,
_ca.png,unmapped,,,
_cedille.png,unmapped,,,
_cent.png,unmapped,,,
_cl.png,unmapped,,,
_cm.png,unmapped,,,
_co.png,unmapped,,,
_copyright.png,unmapped,,,
_cr.png,unmapped,,,
_currency.png,unmapped,,,
_cyr_ae.png,unmapped,,,
_cyr_ae_.png,unmapped,,,
_cyr_b.png,unmapped,,,
_cyr_b_.png,unmapped,,,
_cyr_c.png,unmapped,,,
_cyr_c_.png,unmapped,,,
_cyr_ch.png,unmapped,,,
_cyr_ch_.png,unmapped,,,
_cyr_d_.png,unmapped,,,
_cyr_dje.png,unmapped,,,
_cyr_dje_.png,unmapped,,,
_cyr_dzhe.png,unmapped,,,
_cyr_dzhe_.png,unmapped,,,
_cyr_e.png,unmapped,,,
_cyr_e_.png,unmapped,,,
_cyr_f.png,unmapped,,,
_cyr_f_.png,unmapped,,,
_cyr_g.png,unmapped,,,
_cyr_g_.png,unmapped,,,
_cyr_g_stroke.png,unmapped,,,
_cyr_g_stroke_.png,unmapped,,,
_cyr_ge.png,unmapped,,,
_cyr_ge_.png,unmapped,,,
_cyr_gje.png,unmapped,,,
_cyr_gje_.png,unmapped,,,
_cyr_h_.png,unmapped,,,
_cyr_i_.png,unmapped,,,
_cyr_i_breve_.png,unmapped,,,
_cyr_i_circumflex_.png,unmapped,,,
_cyr_i_diaresis_.png,unmapped,,,
_cyr_i_grave_.png,unmapped,,,
_cyr_i_macron_.png,unmapped,,,
_cyr_k.png,unmapped,,,
_cyr_kh.png,unmapped,,,
_cyr_kh_.png,unmapped,,,
_cyr_kje.png,unmapped,,,
_cyr_kje_.png,unmapped,,,
_cyr_l.png,unmapped,,,
_cyr_l_.png,unmapped,,,
_cyr_lje_.png,unmapped,,,
_cyr_m.png,unmapped,,,
_cyr_n.png,unmapped,,,
_cyr_ng.png,unmapped,,,
_cyr_ng_.png,unmapped,,,
_cyr_nje.png,unmapped,,,
_cyr_nje_.png,unmapped,,,
_cyr_oo.png,unmapped,,,
_cyr_oo_.png,unmapped,,,
_cyr_p.png,unmapped,,,
_cyr_p_.png,unmapped,,,
_cyr_sh.png,unmapped,,,
_cyr_sh_.png,unmapped,,,
_cyr_shch.png,unmapped,,,
_cyr_shch_.png,unmapped,,,
_cyr_t.png,unmapped,,,
_cyr_tshe.png,unmapped,,,
_cyr_tshe_.png,unmapped,,,
_cyr_u_.png,unmapped,,,
_cyr_u_breve_.png,unmapped,,,
_cyr_u_diaresis_.png,unmapped,,,
_cyr_u_macron_.png,unmapped,,,
_cyr_ue.png,unmapped,,,
_cyr_ue_.png,unmapped,,,
_cyr_uu.png,unmapped,,,
_cyr_v.png,unmapped,,,
_cyr_ya.png,unmapped,,,
_cyr_ya_.png,unmapped,,,
_cyr_yat.png,unmapped,,,
_cyr_yat_.png,unmapped,,,
_cyr_ye.png,unmapped,,,
_cyr_ye_.png,unmapped,,,
_cyr_ye_acute.png,unmapped,,,
_cyr_ye_acute_.png,unmapped,,,
_cyr_yer.png,unmapped,,,
_cyr_yer_.png,unmapped,,,
_cyr_yerj.png,unmapped,,,
_cyr_yerj_.png,unmapped,,,
_cyr_yery.png,unmapped,,,
_cyr_yery_.png,unmapped,,,
_cyr_yi.png,unmapped,,,
_cyr_yi_.png,unmapped,,,
_cyr_yu.png,unmapped,,,
_cyr_yu_.png,unmapped,,,
_cyr_z.png,unmapped,,,
_cyr_z_.png,unmapped,,,
_cyr_zh.png,unmapped,,,
_cyr_zh_.png,unmapped,,,
_cyr_zh_breve.png,unmapped,,,
_cyr_zh_breve_.png,unmapped,,,
_cyr_zje.png,unmapped,,,
_cyr_zje_.png,unmapped,,,
_d.png,unmapped,,,
_d_.png,unmapped,,,
_d_caron.png,unmapped,,,
_d_caron_.png,unmapped,,,
_d_dash.png,unmapped,,,
_d_dash_.png,unmapped,,,
_degree.png,unmapped,,,
_diaresis.png,unmapped,,,
_div.png,unmapped,,,
_dl.png,unmapped,,,
_dt.png,unmapped,,,
_dv.png,unmapped,,,
_e.png,unmapped,,,
_e_.png,unmapped,,,
_e_acute.png,unmapped,,,
_e_acute_.png,unmapped,,,
_e_caron.png,unmapped,,,
_e_caron_.png,unmapped,,,
_e_circumflex.png,unmapped,,,
_e_circumflex_.png,unmapped,,,
_e_grave.png,unmapped,,,
_e_grave_.png,unmapped,,,
_e_macron.png,unmapped,,,
_e_macron_.png,unmapped,,,
_e_ogonek.png,unmapped,,,
_e_ogonek_.png,unmapped,,,
_e_overdot.png,unmapped,,,
_e_overdot_.png,unmapped,,,
_ee.png,unmapped,,,
_ee_.png,unmapped,,,
_ellipsis.png,unmapped,,,
_eng.png,unmapped,,,
_eng_.png,unmapped,,,
_eq.png,unmapped,,,
_euro.png,unmapped,,,
_ex.png,unmapped,,,
_ex_inv.png,unmapped,,,
_f.png,unmapped,,,
_f_.png,unmapped,,,
_g.png,unmapped,,,
_g_.png,unmapped,,,
_g_breve.png,unmapped,,,
_g_breve_.png,unmapped,,,
_g_cedille.png,unmapped,,,
_g_cedille_.png,unmapped,,,
_g_circumflex.png,unmapped,,,
_g_circumflex_.png,unmapped,,,
_g_overdot.png,unmapped,,,
_g_overdot_.png,unmapped,,,
_gr.png,unmapped,,,
_grk_a.png,unmapped,,,
_grk_a_tonos.png,unmapped,,,
_grk_a_tonos_.png,unmapped,,,
_grk_b.png,unmapped,,,
_grk_c.png,unmapped,,,
_grk_ch.png,unmapped,,,
_grk_d.png,unmapped,,,
_grk_d_.png,unmapped,,,
_grk_e.png,unmapped,,,
_grk_e_tonos.png,unmapped,,,
_grk_e_tonos_.png,unmapped,,,
_grk_eta.png,unmapped,,,
_grk_eta_tonos.png,unmapped,,,
_grk_eta_tonos_.png,unmapped,,,
_grk_f.png,unmapped,,,
_grk_i_dtonos.png,unmapped,,,
_grk_i_tonos.png,unmapped,,,
_grk_i_tonos_.png,unmapped,,,
_grk_kai.png,unmapped,,,
_grk_kai_.png,unmapped,,,
_grk_l.png,unmapped,,,
_grk_l_.png,unmapped,,,
_grk_o_tonos.png,unmapped,,,
_grk_o_tonos_.png,unmapped,,,
_grk_om.png,unmapped,,,
_grk_om_.png,unmapped,,,
_grk_om_tonos.png,unmapped,,,
_grk_om_tonos_.png,unmapped,,,
_grk_pi.png,unmapped,,,
_grk_ps.png,unmapped,,,
_grk_ps_.png,unmapped,,,
_grk_r.png,unmapped,,,
_grk_s.png,unmapped,,,
_grk_s_.png,unmapped,,,
_grk_t.png,unmapped,,,
_grk_th.png,unmapped,,,
_grk_ths.png,unmapped,,,
_grk_u_dtonos.png,unmapped,,,
_grk_u_tonos.png,unmapped,,,
_grk_u_tonos_.png,unmapped,,,
_grk_xi.png,unmapped,,,
_grk_xi_.png,unmapped,,,
_grk_z.png,unmapped,,,
_gt.png,unmapped,,,
_guill_left.png,unmapped,,,
_guill_right.png,unmapped,,,
_h.png,unmapped,,,
_h_.png,unmapped,,,
_h_circumflex.png,unmapped,,,
_h_circumflex_.png,unmapped,,,
_h_stroke.png,unmapped,,,
_h_stroke_.png,unmapped,,,
_ha.png,unmapped,,,
_hs.png,unmapped,,,
_hyphen.png,unmapped,,,
_i.png,unmapped,,,
_i_.png,unmapped,,,
_i_acute.png,unmapped,,,
_i_acute_.png,unmapped,,,
_i_circumflex.png,unmapped,,,
_i_circumflex_.png,unmapped,,,
_i_dotless.png,unmapped,,,
_i_grave.png,unmapped,,,
_i_grave_.png,unmapped,,,
_i_macron.png,unmapped,,,
_i_macron_.png,unmapped,,,
_i_ogonek.png,unmapped,,,
_i_ogonek_.png,unmapped,,,
_i_overdot_.png,unmapped,,,
_i_tilde.png,unmapped,,,
_i_tilde_.png,unmapped,,,
_j.png,unmapped,,,
_j_.png,unmapped,,,
_j_circumflex.png,unmapped,,,
_j_circumflex_.png,unmapped,,,
_k.png,unmapped,,,
_k_.png,unmapped,,,
_k_cedille.png,unmapped,,,
_k_cedille_.png,unmapped,,,
_l.png,unmapped,,,
_l_.png,unmapped,,,
_l_acute.png,unmapped,,,
_l_acute_.png,unmapped,,,
_l_caron.png,unmapped,,,
_l_caron_.png,unmapped,,,
_l_cedille.png,unmapped,,,
_l_cedille_.png,unmapped,,,
_l_stroke.png,unmapped,,,
_l_stroke_.png,unmapped,,,
_lt.png,unmapped,,,
_m.png,unmapped,,,
_m_.png,unmapped,,,
_macron.png,unmapped,,,
_mn.png,unmapped,,,
_mu.png,unmapped,,,
_n.png,unmapped,,,
_n_.png,unmapped,,,
_n_acute.png,unmapped,,,
_n_acute_.png,unmapped,,,
_n_caron.png,unmapped,,,
_n_caron_.png,unmapped,,,
_n_cedille.png,unmapped,,,
_n_cedille_.png,unmapped,,,
_n_tilde.png,unmapped,,,
_n_tilde_.png,unmapped,,,
_not.png,unmapped,,,
_o.png,unmapped,,,
_o_.png,unmapped,,,
_o_2acute.png,unmapped,,,
_o_2acute_.png,unmapped,,,
_o_acute.png,unmapped,,,
_o_acute_.png,unmapped,,,
_o_circumflex.png,unmapped,,,
_o_circumflex_.png,unmapped,,,
_o_dash.png,unmapped,,,
_o_dash_.png,unmapped,,,
_o_grave.png,unmapped,,,
_o_grave_.png,unmapped,,,
_o_macron.png,unmapped,,,
_o_macron_.png,unmapped,,,
_o_sup.png,unmapped,,,
_o_tilde.png,unmapped,,,
_o_tilde_.png,unmapped,,,
_oe.png,unmapped,,,
_oe_.png,unmapped,,,
_p.png,unmapped,,,
_p_.png,unmapped,,,
_paragraph.png,unmapped,,,
_pilcrow.png,unmapped,,,
_plus_minus.png,unmapped,,,
_pound.png,unmapped,,,
_pr.png,unmapped,,,
_ps.png,unmapped,,,
_q.png,unmapped,,,
_q_.png,unmapped,,,
_qo.png,unmapped,,,
_qu.png,unmapped,,,
_qu_inv.png,unmapped,,,
_r.png,unmapped,,,
_r_.png,unmapped,,,
_r_acute.png,unmapped,,,
_r_acute_.png,unmapped,,,
_r_caron.png,unmapped,,,
_r_caron_.png,unmapped,,,
_r_cedille.png,unmapped,,,
_r_cedille_.png,unmapped,,,
_rc.png,unmapped,,,
_re.png,unmapped,,,
_registered.png,unmapped,,,
_return.png,unmapped,,,
_s.png,unmapped,,,
_s_.png,unmapped,,,
_s_acute.png,unmapped,,,
_s_acute_.png,unmapped,,,
_s_caron.png,unmapped,,,
_s_caron_.png,unmapped,,,
_s_cedille.png,unmapped,,,
_s_cedille_.png,unmapped,,,
_s_circumflex.png,unmapped,,,
_s_circumflex_.png,unmapped,,,
_s_comma.png,unmapped,,,
_s_comma_.png,unmapped,,,
_sl.png,unmapped,,,
_sm.png,unmapped,,,
_sp.png,unmapped,,,
_sr.png,unmapped,,,
_sz.png,unmapped,,,
_t.png,unmapped,,,
_t_.png,unmapped,,,
_t_caron.png,unmapped,,,
_t_caron_.png,unmapped,,,
_t_cedille.png,unmapped,,,
_t_cedille_.png,unmapped,,,
_t_comma.png,unmapped,,,
_t_comma_.png,unmapped,,,
_t_stroke.png,unmapped,,,
_t_stroke_.png,unmapped,,,
_thorn.png,unmapped,,,
_thorn_.png,unmapped,,,
_times_cross.png,unmapped,,,
_times_dot.png,unmapped,,,
_tl.png,unmapped,,,
_u.png,unmapped,,,
_u_.png,unmapped,,,
_u_acute.png,unmapped,,,
_u_acute_.png,unmapped,,,
_u_breve.png,unmapped,,,
_u_breve_.png,unmapped,,,
_u_circumflex.png,unmapped,,,
_u_circumflex_.png,unmapped,,,
_u_grave.png,unmapped,,,
_u_grave_.png,unmapped,,,
_u_macron.png,unmapped,,,
_u_macron_.png,unmapped,,,
_u_ogonek.png,unmapped,,,
_u_ogonek_.png,unmapped,,,
_u_ring.png,unmapped,,,
_u_ring_.png,unmapped,,,
_u_tilde.png,unmapped,,,
_u_tilde_.png,unmapped,,,
_ue.png,unmapped,,,
_ue_.png,unmapped,,,
_un.png,unmapped,,,
_uo.png,unmapped,,,
_uo_.png,unmapped,,,
_v.png,unmapped,,,
_v_.png,unmapped,,,
_vb.png,unmapped,,,
_w.png,unmapped,,,
_w_.png,unmapped,,,
_x.png,unmapped,,,
_x_.png,unmapped,,,
_y.png,unmapped,,,
_y_.png,unmapped,,,
_y_acute.png,unmapped,,,
_y_acute_.png,unmapped,,,
_y_breve.png,unmapped,,,
_y_diaresis.png,unmapped,,,
_y_diaresis_.png,unmapped,,,
_y_macron.png,unmapped,,,
_yen.png,unmapped,,,
_z.png,unmapped,,,
_z_.png,unmapped,,,
_z_acute.png,unmapped,,,
_z_acute_.png,unmapped,,,
_z_caron.png,unmapped,,,
_z_caron_.png,unmapped,,,
_z_overdot.png,unmapped,,,
_z_overdot_.png,unmapped,,,
awards_bg_default.png,unmapped,,,
awards_progress_gray.png,unmapped,,,
awards_progress_green.png,unmapped,,,
awards_unknown.png,unmapped,,,
axolotl_bucket.png,unmapped,,,
beacon_UV.png,unmapped,,,
beacon_achievement_icon.png,unmapped,,,
beacon_beam_palette.png,unmapped,,,
blast_furnace_front.png,unmapped,,,
blast_furnace_front_on.png,unmapped,,,
blast_furnace_side.png,unmapped,,,
blast_furnace_top.png,unmapped,,,
bolt_armor_trim_smithing_template.png,unmapped,,,
bolt_boots.png,unmapped,,,
bolt_chestplate.png,unmapped,,,
bolt_helmet.png,unmapped,,,
bolt_leggings.png,unmapped,,,
boots_trim.png,unmapped,,,
bubble.png,unmapped,,,
bucket.png,unmapped,,,
bucket_powder_snow.png,unmapped,,,
bucket_river_water.png,unmapped,,,
bush_1.png,unmapped,,,
bush_2.png,unmapped,,,
bush_3.png,unmapped,,,
bush_4.png,unmapped,,,
bush_5.png,unmapped,,,
bush_6.png,unmapped,,,
bush_7.png,unmapped,,,
bush_8.png,unmapped,,,
cactus_flower.png,unmapped,,,
cartography_table_side1.png,unmapped,,,
cartography_table_side2.png,unmapped,,,
cartography_table_side3.png,unmapped,,,
cartography_table_top.png,unmapped,,,
character.png,unmapped,,,
chestplate_trim.png,unmapped,,,
coast_armor_trim_smithing_template.png,unmapped,,,
coast_boots.png,unmapped,,,
coast_chestplate.png,unmapped,,,
coast_helmet.png,unmapped,,,
coast_leggings.png,unmapped,,,
cod_bucket.png,unmapped,,,
crack_anylength.png,unmapped,,,
craftguide_arrow.png,unmapped,,,
craftguide_book.png,unmapped,,,
craftguide_clear_icon.png,unmapped,,,
craftguide_furnace.png,unmapped,,,
craftguide_next_icon.png,unmapped,,,
craftguide_prev_icon.png,unmapped,,,
craftguide_search_icon.png,unmapped,,,
craftguide_shapeless.png,unmapped,,,
craftguide_zoomin_icon.png,unmapped,,,
craftguide_zoomout_icon.png,unmapped,,,
crafting_creative_active.png,unmapped,,,
crafting_creative_active_down.png,unmapped,,,
crafting_creative_bg.png,unmapped,,,
crafting_creative_bg_dark.png,unmapped,,,
crafting_creative_inactive.png,unmapped,,,
crafting_creative_inactive_down.png,unmapped,,,
crafting_creative_marker.png,unmapped,,,
crafting_creative_next.png,unmapped,,,
crafting_creative_prev.png,unmapped,,,
crafting_creative_trash.png,unmapped,,,
crafting_formspec_arrow.png,unmapped,,,
crafting_formspec_bg.png,unmapped,,,
crafting_workbench_front.png,unmapped,,,
crafting_workbench_side.png,unmapped,,,
crafting_workbench_top.png,unmapped,,,
credits_bg.png,unmapped,,,
crimson_hyphae.png,unmapped,,,
crimson_hyphae_side.png,unmapped,,,
crimson_hyphae_wood.png,unmapped,,,
crimson_nylium.png,unmapped,,,
crimson_nylium_side.png,unmapped,,,
crimson_roots.png,unmapped,,,
crimson_stem_stripped_side.png,unmapped,,,
crimson_stem_stripped_top.png,unmapped,,,
crosshair.png,unmapped,,,
custom_beacon_symbol_1.png,unmapped,,,
custom_beacon_symbol_2.png,unmapped,,,
custom_beacon_symbol_3.png,unmapped,,,
custom_beacon_symbol_4.png,unmapped,,,
default_acacia_leaves.png,unmapped,,,
default_acacia_sapling.png,unmapped,,,
default_furnace_fire_bg.png,unmapped,,,
default_furnace_fire_fg.png,unmapped,,,
default_tool_netheriteaxe.png,unmapped,,,
default_tool_netheritepick.png,unmapped,,,
default_tool_netheriteshovel.png,unmapped,,,
default_tool_netheritesword.png,unmapped,,,
doc_basics_build.png,unmapped,,,
doc_basics_craft_grid.png,unmapped,,,
doc_basics_hotbar.png,unmapped,,,
doc_basics_inventory_detail.png,unmapped,,,
doc_basics_items_dropped.png,unmapped,,,
doc_basics_light_test.png,unmapped,,,
doc_basics_light_torch.png,unmapped,,,
doc_basics_liquids_nonrenewable.png,unmapped,,,
doc_basics_liquids_range.png,unmapped,,,
doc_basics_liquids_renewable_1.png,unmapped,,,
doc_basics_liquids_renewable_2.png,unmapped,,,
doc_basics_liquids_types.png,unmapped,,,
doc_basics_minimap_map.png,unmapped,,,
doc_basics_minimap_radar.png,unmapped,,,
doc_basics_minimap_round.png,unmapped,,,
doc_basics_nodes.png,unmapped,,,
doc_basics_players_sam.png,unmapped,,,
doc_basics_pointing.png,unmapped,,,
doc_basics_tools.png,unmapped,,,
doc_basics_tools_mining.png,unmapped,,,
doc_button_icon_lores.png,unmapped,,,
doc_identifier_identifier.png,unmapped,,,
doc_identifier_identifier_liquid.png,unmapped,,,
doors_item_steel.png,unmapped,,,
doors_item_wood.png,unmapped,,,
doors_trapdoor.png,unmapped,,,
doors_trapdoor_side.png,unmapped,,,
doors_trapdoor_steel.png,unmapped,,,
doors_trapdoor_steel_side.png,unmapped,,,
dripstone_block.png,unmapped,,,
dune_armor_trim_smithing_template.png,unmapped,,,
dune_boots.png,unmapped,,,
dune_chestplate.png,unmapped,,,
dune_helmet.png,unmapped,,,
dune_leggings.png,unmapped,,,
extra_mobs_cod.png,unmapped,,,
extra_mobs_dolphin.png,unmapped,,,
extra_mobs_glow_ink_sac.png,unmapped,,,
extra_mobs_glow_squid.png,unmapped,,,
extra_mobs_glow_squid_glint1.png,unmapped,,,
extra_mobs_glow_squid_glint2.png,unmapped,,,
extra_mobs_glow_squid_glint3.png,unmapped,,,
extra_mobs_glow_squid_glint4.png,unmapped,,,
extra_mobs_hoglin.png,unmapped,,,
extra_mobs_piglin.png,unmapped,,,
extra_mobs_piglin_brute.png,unmapped,,,
extra_mobs_salmon.png,unmapped,,,
extra_mobs_strider.png,unmapped,,,
extra_mobs_strider_cold.png,unmapped,,,
extra_mobs_tropical_fish_a.png,unmapped,,,
extra_mobs_tropical_fish_b.png,unmapped,,,
extra_mobs_tropical_fish_pattern_a_1.png,unmapped,,,
extra_mobs_tropical_fish_pattern_a_2.png,unmapped,,,
extra_mobs_tropical_fish_pattern_a_3.png,unmapped,,,
extra_mobs_tropical_fish_pattern_a_4.png,unmapped,,,
extra_mobs_tropical_fish_pattern_a_5.png,unmapped,,,
extra_mobs_tropical_fish_pattern_a_6.png,unmapped,,,
extra_mobs_tropical_fish_pattern_b_1.png,unmapped,,,
extra_mobs_tropical_fish_pattern_b_2.png,unmapped,,,
extra_mobs_tropical_fish_pattern_b_3.png,unmapped,,,
extra_mobs_tropical_fish_pattern_b_4.png,unmapped,,,
extra_mobs_tropical_fish_pattern_b_5.png,unmapped,,,
extra_mobs_tropical_fish_pattern_b_6.png,unmapped,,,
extra_mobs_zoglin.png,unmapped,,,
extra_mobs_zombified_piglin.png,unmapped,,,
eye_armor_trim_smithing_template.png,unmapped,,,
eye_boots.png,unmapped,,,
eye_chestplate.png,unmapped,,,
eye_helmet.png,unmapped,,,
eye_leggings.png,unmapped,,,
farming_crimson_fungus.png,unmapped,,,
farming_potato_poison.png,unmapped,,,
farming_tool_netheritehoe.png,unmapped,,,
farming_warped_fungus.png,unmapped,,,
fire_basic_flame.png,unmapped,,,
fire_basic_flame_animated.png,unmapped,,,
fletching_table_bottom.png,unmapped,,,
fletching_table_front.png,unmapped,,,
fletching_table_side.png,unmapped,,,
fletching_table_top.png,unmapped,,,
flow_armor_trim_smithing_template.png,unmapped,,,
flow_boots.png,unmapped,,,
flow_chestplate.png,unmapped,,,
flow_helmet.png,unmapped,,,
flow_leggings.png,unmapped,,,
flower_1.png,unmapped,,,
flower_2.png,unmapped,,,
flower_3.png,unmapped,,,
flower_4.png,unmapped,,,
flower_5.png,unmapped,,,
flower_6.png,unmapped,,,
flower_7.png,unmapped,,,
flower_8.png,unmapped,,,
flowers_dandelion_yellow.png,unmapped,,,
flowers_tulip.png,unmapped,,,
flowers_waterlily.png,unmapped,,,
freezing_1.png,unmapped,,,
freezing_2.png,unmapped,,,
freezing_3.png,unmapped,,,
frozen_heart.png,unmapped,,,
gourd_1.png,unmapped,,,
gourd_2.png,unmapped,,,
gourd_3.png,unmapped,,,
gourd_4.png,unmapped,,,
gourd_5.png,unmapped,,,
gourd_6.png,unmapped,,,
gourd_7.png,unmapped,,,
gourd_8.png,unmapped,,,
grain_1.png,unmapped,,,
grain_2.png,unmapped,,,
grain_3.png,unmapped,,,
grain_4.png,unmapped,,,
grain_5.png,unmapped,,,
grain_6.png,unmapped,,,
grain_7.png,unmapped,,,
grain_8.png,unmapped,,,
grindstone_front.png,unmapped,,,
grindstone_side.png,unmapped,,,
grindstone_top.png,unmapped,,,
gui_crafting_arrow.png,unmapped,,,
gui_furnace_arrow_bg.png,unmapped,,,
gui_furnace_arrow_fg.png,unmapped,,,
hardened_clay_stained_grey.png,unmapped,,,
hbarmor_bar.png,unmapped,,,
hbarmor_bgicon.png,unmapped,,,
hbarmor_icon.png,unmapped,,,
hbhunger_bar.png,unmapped,,,
hbhunger_bar_health_poison.png,unmapped,,,
hbhunger_bgicon.png,unmapped,,,
hbhunger_icon.png,unmapped,,,
hbhunger_icon_health_poison.png,unmapped,,,
hbhunger_icon_regen_poison.png,unmapped,,,
heart.png,unmapped,,,
helmet_trim.png,unmapped,,,
hudbars_bar_background.png,unmapped,,,
hudbars_bar_breath.png,unmapped,,,
hudbars_bar_health.png,unmapped,,,
hudbars_bgicon_breath.png,unmapped,,,
hudbars_bgicon_health.png,unmapped,,,
hudbars_icon_breath.png,unmapped,,,
hudbars_icon_health.png,unmapped,,,
hudbars_icon_regenerate.png,unmapped,,,
jeija_commandblock_off.png,unmapped,,,
jeija_commandblock_on.png,unmapped,,,
jeija_lightstone_gray_off.png,unmapped,,,
jeija_lightstone_gray_on.png,unmapped,,,
jeija_solar_panel.png,unmapped,,,
jeija_solar_panel_inverted.png,unmapped,,,
jeija_solar_panel_side.png,unmapped,,,
jeija_torches_off.png,unmapped,,,
jeija_torches_on.png,unmapped,,,
leggings_trim.png,unmapped,,,
lightning_lightning_1.png,unmapped,,,
lightning_lightning_2.png,unmapped,,,
lightning_lightning_3.png,unmapped,,,
lodestone_bottom.png,unmapped,,,
lodestone_side1.png,unmapped,,,
lodestone_side2.png,unmapped,,,
lodestone_side3.png,unmapped,,,
lodestone_side4.png,unmapped,,,
lodestone_top.png,unmapped,,,
loom_bottom.png,unmapped,,,
loom_front.png,unmapped,,,
loom_side.png,unmapped,,,
loom_top.png,unmapped,,,
mcl_achievements_button.png,unmapped,,,
mcl_amethyst_amethyst_block.png,unmapped,,,
mcl_amethyst_amethyst_bud_large.png,unmapped,,,
mcl_amethyst_amethyst_bud_medium.png,unmapped,,,
mcl_amethyst_amethyst_bud_small.png,unmapped,,,
mcl_amethyst_amethyst_cluster.png,unmapped,,,
mcl_amethyst_amethyst_shard.png,unmapped,,,
mcl_amethyst_budding_amethyst.png,unmapped,,,
mcl_amethyst_calcite_block.png,unmapped,,,
mcl_amethyst_tinted_glass.png,unmapped,,,
mcl_anvils_anvil_base.png,unmapped,,,
mcl_anvils_anvil_side.png,unmapped,,,
mcl_anvils_anvil_top_damaged_0.png,unmapped,,,
mcl_anvils_anvil_top_damaged_1.png,unmapped,,,
mcl_anvils_anvil_top_damaged_2.png,unmapped,,,
mcl_anvils_inventory.png,unmapped,,,
mcl_anvils_inventory_arrow.png,unmapped,,,
mcl_anvils_inventory_cross.png,unmapped,,,
mcl_anvils_inventory_hammer.png,unmapped,,,
mcl_armor_boots_copper.png,unmapped,,,
mcl_armor_boots_leather_desat.png,unmapped,,,
mcl_armor_boots_netherite.png,unmapped,,,
mcl_armor_broken_elytra.png,unmapped,,,
mcl_armor_chestplate_copper.png,unmapped,,,
mcl_armor_chestplate_leather_desat.png,unmapped,,,
mcl_armor_chestplate_netherite.png,unmapped,,,
mcl_armor_elytra.png,unmapped,,,
mcl_armor_helmet_copper.png,unmapped,,,
mcl_armor_helmet_leather_desat.png,unmapped,,,
mcl_armor_helmet_netherite.png,unmapped,,,
mcl_armor_inv_boots_copper.png,unmapped,,,
mcl_armor_inv_boots_leather_desat.png,unmapped,,,
mcl_armor_inv_boots_netherite.png,unmapped,,,
mcl_armor_inv_chestplate_copper.png,unmapped,,,
mcl_armor_inv_chestplate_leather_desat.png,unmapped,,,
mcl_armor_inv_chestplate_netherite.png,unmapped,,,
mcl_armor_inv_elytra.png,unmapped,,,
mcl_armor_inv_helmet_copper.png,unmapped,,,
mcl_armor_inv_helmet_leather_desat.png,unmapped,,,
mcl_armor_inv_helmet_netherite.png,unmapped,,,
mcl_armor_inv_leggings_copper.png,unmapped,,,
mcl_armor_inv_leggings_leather_desat.png,unmapped,,,
mcl_armor_inv_leggings_netherite.png,unmapped,,,
mcl_armor_leggings_copper.png,unmapped,,,
mcl_armor_leggings_leather_desat.png,unmapped,,,
mcl_armor_leggings_netherite.png,unmapped,,,
mcl_backstone_quartz_bricks.png,unmapped,,,
mcl_bamboo_bamboo.png,unmapped,,,
mcl_bamboo_bamboo_block.png,unmapped,,,
mcl_bamboo_bamboo_block_stripped.png,unmapped,,,
mcl_bamboo_bamboo_bottom.png,unmapped,,,
mcl_bamboo_bamboo_bottom_stripped.png,unmapped,,,
mcl_bamboo_bamboo_fpm.png,unmapped,,,
mcl_bamboo_bamboo_inv.png,unmapped,,,
mcl_bamboo_bamboo_plank.png,unmapped,,,
mcl_bamboo_bamboo_plank_mosaic.png,unmapped,,,
mcl_bamboo_bamboo_sign.png,unmapped,,,
mcl_bamboo_bamboo_sign_wield.png,unmapped,,,
mcl_bamboo_door_bottom.png,unmapped,,,
mcl_bamboo_door_bottom_alt.png,unmapped,,,
mcl_bamboo_door_top.png,unmapped,,,
mcl_bamboo_door_top_alt.png,unmapped,,,
mcl_bamboo_door_wield.png,unmapped,,,
mcl_bamboo_endcap.png,unmapped,,,
mcl_bamboo_fence_bamboo.png,unmapped,,,
mcl_bamboo_fence_gate_bamboo.png,unmapped,,,
mcl_bamboo_flower_pot.png,unmapped,,,
mcl_bamboo_leaf_big.png,unmapped,,,
mcl_bamboo_leaf_small.png,unmapped,,,
mcl_bamboo_scaffolding_side.png,unmapped,,,
mcl_bamboo_scaffolding_top.png,unmapped,,,
mcl_bamboo_trapdoor_side.png,unmapped,,,
mcl_banners_banner_base.png,unmapped,,,
mcl_banners_base.png,unmapped,,,
mcl_banners_base_inverted.png,unmapped,,,
mcl_banners_border.png,unmapped,,,
mcl_banners_bricks.png,unmapped,,,
mcl_banners_circle.png,unmapped,,,
mcl_banners_creeper.png,unmapped,,,
mcl_banners_cross.png,unmapped,,,
mcl_banners_curly_border.png,unmapped,,,
mcl_banners_diagonal_left.png,unmapped,,,
mcl_banners_diagonal_right.png,unmapped,,,
mcl_banners_diagonal_up_left.png,unmapped,,,
mcl_banners_diagonal_up_right.png,unmapped,,,
mcl_banners_fallback_wood.png,unmapped,,,
mcl_banners_flow.png,unmapped,,,
mcl_banners_flower.png,unmapped,,,
mcl_banners_globe.png,unmapped,,,
mcl_banners_gradient.png,unmapped,,,
mcl_banners_gradient_up.png,unmapped,,,
mcl_banners_guster.png,unmapped,,,
mcl_banners_half_horizontal.png,unmapped,,,
mcl_banners_half_horizontal_bottom.png,unmapped,,,
mcl_banners_half_vertical.png,unmapped,,,
mcl_banners_half_vertical_right.png,unmapped,,,
mcl_banners_item_base_48.png,unmapped,,,
mcl_banners_item_overlay_48.png,unmapped,,,
mcl_banners_pattern_bricks.png,unmapped,,,
mcl_banners_pattern_creeper.png,unmapped,,,
mcl_banners_pattern_curly_border.png,unmapped,,,
mcl_banners_pattern_flow.png,unmapped,,,
mcl_banners_pattern_flower.png,unmapped,,,
mcl_banners_pattern_globe.png,unmapped,,,
mcl_banners_pattern_guster.png,unmapped,,,
mcl_banners_pattern_piglin.png,unmapped,,,
mcl_banners_pattern_skull.png,unmapped,,,
mcl_banners_pattern_thing.png,unmapped,,,
mcl_banners_piglin.png,unmapped,,,
mcl_banners_rhombus.png,unmapped,,,
mcl_banners_skull.png,unmapped,,,
mcl_banners_small_stripes.png,unmapped,,,
mcl_banners_square_bottom_left.png,unmapped,,,
mcl_banners_square_bottom_right.png,unmapped,,,
mcl_banners_square_top_left.png,unmapped,,,
mcl_banners_square_top_right.png,unmapped,,,
mcl_banners_straight_cross.png,unmapped,,,
mcl_banners_stripe_bottom.png,unmapped,,,
mcl_banners_stripe_center.png,unmapped,,,
mcl_banners_stripe_downleft.png,unmapped,,,
mcl_banners_stripe_downright.png,unmapped,,,
mcl_banners_stripe_left.png,unmapped,,,
mcl_banners_stripe_middle.png,unmapped,,,
mcl_banners_stripe_right.png,unmapped,,,
mcl_banners_stripe_top.png,unmapped,,,
mcl_banners_thing.png,unmapped,,,
mcl_banners_triangle_bottom.png,unmapped,,,
mcl_banners_triangle_top.png,unmapped,,,
mcl_banners_triangles_bottom.png,unmapped,,,
mcl_banners_triangles_top.png,unmapped,,,
mcl_barrels_barrel_bottom.png,unmapped,,,
mcl_barrels_barrel_side.png,unmapped,,,
mcl_barrels_barrel_top.png,unmapped,,,
mcl_barrels_barrel_top_open.png,unmapped,,,
mcl_base_textures_background.png,unmapped,,,
mcl_base_textures_background9.png,unmapped,,,
mcl_base_textures_button9.png,unmapped,,,
mcl_base_textures_button9_pressed.png,unmapped,,,
mcl_beds_bed_black.png,unmapped,,,
mcl_beds_bed_black_inv.png,unmapped,,,
mcl_beds_bed_blue.png,unmapped,,,
mcl_beds_bed_blue_inv.png,unmapped,,,
mcl_beds_bed_brown.png,unmapped,,,
mcl_beds_bed_brown_inv.png,unmapped,,,
mcl_beds_bed_cyan.png,unmapped,,,
mcl_beds_bed_cyan_inv.png,unmapped,,,
mcl_beds_bed_green.png,unmapped,,,
mcl_beds_bed_green_inv.png,unmapped,,,
mcl_beds_bed_grey.png,unmapped,,,
mcl_beds_bed_grey_inv.png,unmapped,,,
mcl_beds_bed_light_blue.png,unmapped,,,
mcl_beds_bed_light_blue_inv.png,unmapped,,,
mcl_beds_bed_lime.png,unmapped,,,
mcl_beds_bed_lime_inv.png,unmapped,,,
mcl_beds_bed_magenta.png,unmapped,,,
mcl_beds_bed_magenta_inv.png,unmapped,,,
mcl_beds_bed_orange.png,unmapped,,,
mcl_beds_bed_orange_inv.png,unmapped,,,
mcl_beds_bed_pink.png,unmapped,,,
mcl_beds_bed_pink_inv.png,unmapped,,,
mcl_beds_bed_purple.png,unmapped,,,
mcl_beds_bed_purple_inv.png,unmapped,,,
mcl_beds_bed_red.png,unmapped,,,
mcl_beds_bed_red_inv.png,unmapped,,,
mcl_beds_bed_silver.png,unmapped,,,
mcl_beds_bed_silver_inv.png,unmapped,,,
mcl_beds_bed_white.png,unmapped,,,
mcl_beds_bed_white_inv.png,unmapped,,,
mcl_beds_bed_yellow.png,unmapped,,,
mcl_beds_bed_yellow_inv.png,unmapped,,,
mcl_beehives_bee_nest_bottom.png,unmapped,,,
mcl_beehives_bee_nest_front.png,unmapped,,,
mcl_beehives_bee_nest_front_honey.png,unmapped,,,
mcl_beehives_bee_nest_side.png,unmapped,,,
mcl_beehives_bee_nest_top.png,unmapped,,,
mcl_beehives_beehive_end.png,unmapped,,,
mcl_beehives_beehive_front.png,unmapped,,,
mcl_beehives_beehive_front_honey.png,unmapped,,,
mcl_beehives_beehive_side.png,unmapped,,,
mcl_bells_bell.png,unmapped,,,
mcl_bells_bell_ceiling.png,unmapped,,,
mcl_bells_bell_floor_front.png,unmapped,,,
mcl_bells_bell_floor_side.png,unmapped,,,
mcl_bells_bell_floor_top.png,unmapped,,,
mcl_bells_bell_uv_bell.png,unmapped,,,
mcl_bells_bell_wall.png,unmapped,,,
mcl_biome_dispatch_transition_bkg.png,unmapped,,,
mcl_blackstone_basalt_side.png,unmapped,,,
mcl_blackstone_basalt_side_polished.png,unmapped,,,
mcl_blackstone_basalt_smooth.png,unmapped,,,
mcl_blackstone_basalt_top.png,unmapped,,,
mcl_blackstone_basalt_top_polished.png,unmapped,,,
mcl_blackstone_chiseled_polished.png,unmapped,,,
mcl_blackstone_gilded.png,unmapped,,,
mcl_blackstone_gilded_side.png,unmapped,,,
mcl_blackstone_polished.png,unmapped,,,
mcl_blackstone_polished_bricks.png,unmapped,,,
mcl_blackstone_polished_bricks_cracked.png,unmapped,,,
mcl_blackstone_side.png,unmapped,,,
mcl_blackstone_soul_soil.png,unmapped,,,
mcl_blackstone_top.png,unmapped,,,
mcl_boats_acacia_boat.png,unmapped,,,
mcl_boats_acacia_chest_boat.png,unmapped,,,
mcl_boats_bamboo_boat.png,unmapped,,,
mcl_boats_bamboo_chest_boat.png,unmapped,,,
mcl_boats_birch_boat.png,unmapped,,,
mcl_boats_birch_chest_boat.png,unmapped,,,
mcl_boats_cherry_blossom_boat.png,unmapped,,,
mcl_boats_cherry_blossom_chest_boat.png,unmapped,,,
mcl_boats_dark_oak_boat.png,unmapped,,,
mcl_boats_dark_oak_chest_boat.png,unmapped,,,
mcl_boats_jungle_boat.png,unmapped,,,
mcl_boats_jungle_chest_boat.png,unmapped,,,
mcl_boats_mangrove_boat.png,unmapped,,,
mcl_boats_mangrove_chest_boat.png,unmapped,,,
mcl_boats_oak_boat.png,unmapped,,,
mcl_boats_oak_chest_boat.png,unmapped,,,
mcl_boats_obsidian_boat.png,unmapped,,,
mcl_boats_pale_oak_boat.png,unmapped,,,
mcl_boats_pale_oak_chest_boat.png,unmapped,,,
mcl_boats_spruce_boat.png,unmapped,,,
mcl_boats_spruce_chest_boat.png,unmapped,,,
mcl_boats_texture_acacia_boat.png,unmapped,,,
mcl_boats_texture_bamboo_boat.png,unmapped,,,
mcl_boats_texture_birch_boat.png,unmapped,,,
mcl_boats_texture_cherry_blossom_boat.png,unmapped,,,
mcl_boats_texture_dark_oak_boat.png,unmapped,,,
mcl_boats_texture_jungle_boat.png,unmapped,,,
mcl_boats_texture_mangrove_boat.png,unmapped,,,
mcl_boats_texture_oak_boat.png,unmapped,,,
mcl_boats_texture_obsidian_boat.png,unmapped,,,
mcl_boats_texture_pale_oak_boat.png,unmapped,,,
mcl_boats_texture_spruce_boat.png,unmapped,,,
mcl_bone_meal_bone_meal.png,unmapped,,,
mcl_book_book_empty_slot.png,unmapped,,,
mcl_books_book_0.png,unmapped,,,
mcl_books_book_1.png,unmapped,,,
mcl_books_book_2.png,unmapped,,,
mcl_books_book_3.png,unmapped,,,
mcl_books_book_4.png,unmapped,,,
mcl_books_book_5.png,unmapped,,,
mcl_books_book_bg.png,unmapped,,,
mcl_books_book_writable.png,unmapped,,,
mcl_books_book_written.png,unmapped,,,
mcl_books_bookshelf_top.png,unmapped,,,
mcl_books_button9.png,unmapped,,,
mcl_books_button9_pressed.png,unmapped,,,
mcl_books_chiseled_bookshelf_empty.png,unmapped,,,
mcl_books_chiseled_bookshelf_full.png,unmapped,,,
mcl_books_chiseled_bookshelf_side.png,unmapped,,,
mcl_books_chiseled_bookshelf_top.png,unmapped,,,
mcl_bossbars.png,unmapped,,,
mcl_bossbars_empty.png,unmapped,,,
mcl_bows_arrow.png,unmapped,,,
mcl_bows_arrow_back.png,unmapped,,,
mcl_bows_arrow_front.png,unmapped,,,
mcl_bows_arrow_inv.png,unmapped,,,
mcl_bows_arrow_overlay.png,unmapped,,,
mcl_bows_bow.png,unmapped,,,
mcl_bows_bow_0.png,unmapped,,,
mcl_bows_bow_1.png,unmapped,,,
mcl_bows_bow_2.png,unmapped,,,
mcl_bows_crossbow.png,unmapped,,,
mcl_bows_crossbow_0.png,unmapped,,,
mcl_bows_crossbow_1.png,unmapped,,,
mcl_bows_crossbow_2.png,unmapped,,,
mcl_bows_crossbow_3.png,unmapped,,,
mcl_bows_firework_blue.png,unmapped,,,
mcl_bows_firework_green.png,unmapped,,,
mcl_bows_firework_red.png,unmapped,,,
mcl_bows_firework_white.png,unmapped,,,
mcl_bows_firework_yellow.png,unmapped,,,
mcl_bows_rocket.png,unmapped,,,
mcl_bows_rocket_particle.png,unmapped,,,
mcl_brewing_bottle_bg.png,unmapped,,,
mcl_brewing_bubble_sprite.png,unmapped,,,
mcl_brewing_bubbles.png,unmapped,,,
mcl_brewing_bubbles_active.png,unmapped,,,
mcl_brewing_burner.png,unmapped,,,
mcl_brewing_burner_active.png,unmapped,,,
mcl_brewing_fuel_bg.png,unmapped,,,
mcl_brewing_inventory.png,unmapped,,,
mcl_brewing_rack.png,unmapped,,,
mcl_brewing_rack_bottle.png,unmapped,,,
mcl_brewing_stand_inv.png,unmapped,,,
mcl_burning_entity_flame_animated.png,unmapped,,,
mcl_burning_hud_flame_animated.png,unmapped,,,
mcl_campfires_campfire_fire.png,unmapped,,,
mcl_campfires_campfire_inv.png,unmapped,,,
mcl_campfires_campfire_log_lit.png,unmapped,,,
mcl_campfires_log.png,unmapped,,,
mcl_campfires_particle_1.png,unmapped,,,
mcl_campfires_particle_10.png,unmapped,,,
mcl_campfires_particle_11.png,unmapped,,,
mcl_campfires_particle_12.png,unmapped,,,
mcl_campfires_particle_2.png,unmapped,,,
mcl_campfires_particle_3.png,unmapped,,,
mcl_campfires_particle_4.png,unmapped,,,
mcl_campfires_particle_5.png,unmapped,,,
mcl_campfires_particle_6.png,unmapped,,,
mcl_campfires_particle_7.png,unmapped,,,
mcl_campfires_particle_8.png,unmapped,,,
mcl_campfires_particle_9.png,unmapped,,,
mcl_campfires_soul_campfire_fire.png,unmapped,,,
mcl_campfires_soul_campfire_inv.png,unmapped,,,
mcl_campfires_soul_campfire_log_lit.png,unmapped,,,
mcl_candles_candle.png,unmapped,,,
mcl_candles_flames.png,unmapped,,,
mcl_candles_item.png,unmapped,,,
mcl_candles_item_black.png,unmapped,,,
mcl_candles_item_blue.png,unmapped,,,
mcl_candles_item_brown.png,unmapped,,,
mcl_candles_item_cyan.png,unmapped,,,
mcl_candles_item_green.png,unmapped,,,
mcl_candles_item_grey.png,unmapped,,,
mcl_candles_item_light_blue.png,unmapped,,,
mcl_candles_item_lime.png,unmapped,,,
mcl_candles_item_magenta.png,unmapped,,,
mcl_candles_item_orange.png,unmapped,,,
mcl_candles_item_pink.png,unmapped,,,
mcl_candles_item_purple.png,unmapped,,,
mcl_candles_item_red.png,unmapped,,,
mcl_candles_item_silver.png,unmapped,,,
mcl_candles_item_white.png,unmapped,,,
mcl_candles_item_yellow.png,unmapped,,,
mcl_candles_palette.png,unmapped,,,
mcl_cauldrons_cauldron.png,unmapped,,,
mcl_cauldrons_cauldron_bottom.png,unmapped,,,
mcl_cauldrons_cauldron_inner.png,unmapped,,,
mcl_cauldrons_cauldron_side.png,unmapped,,,
mcl_cauldrons_cauldron_top.png,unmapped,,,
mcl_charges_wind_burst_1.png,unmapped,,,
mcl_charges_wind_burst_2.png,unmapped,,,
mcl_charges_wind_charge.png,unmapped,,,
mcl_charges_wind_charge_entity.png,unmapped,,,
mcl_cherry_blossom_door_bottom.png,unmapped,,,
mcl_cherry_blossom_door_bottom_bottompart.png,unmapped,,,
mcl_cherry_blossom_door_bottom_side.png,unmapped,,,
mcl_cherry_blossom_door_inv.png,unmapped,,,
mcl_cherry_blossom_door_top.png,unmapped,,,
mcl_cherry_blossom_door_top_side.png,unmapped,,,
mcl_cherry_blossom_door_top_toppart.png,unmapped,,,
mcl_cherry_blossom_leaves.png,unmapped,,,
mcl_cherry_blossom_log.png,unmapped,,,
mcl_cherry_blossom_log_stripped.png,unmapped,,,
mcl_cherry_blossom_log_top.png,unmapped,,,
mcl_cherry_blossom_log_top_stripped.png,unmapped,,,
mcl_cherry_blossom_particle.png,unmapped,,,
mcl_cherry_blossom_particle_1.png,unmapped,,,
mcl_cherry_blossom_particle_2.png,unmapped,,,
mcl_cherry_blossom_particle_3.png,unmapped,,,
mcl_cherry_blossom_pink_petals.png,unmapped,,,
mcl_cherry_blossom_pink_petals_inv.png,unmapped,,,
mcl_cherry_blossom_planks.png,unmapped,,,
mcl_cherry_blossom_sapling.png,unmapped,,,
mcl_cherry_blossom_trapdoor.png,unmapped,,,
mcl_cherry_blossom_trapdoor_side.png,unmapped,,,
mcl_chests_ender.png,unmapped,,,
mcl_chests_ender_present.png,unmapped,,,
mcl_chests_noise.png,unmapped,,,
mcl_chests_noise_double.png,unmapped,,,
mcl_chests_normal.png,unmapped,,,
mcl_chests_normal_double.png,unmapped,,,
mcl_chests_normal_double_present.png,unmapped,,,
mcl_chests_normal_present.png,unmapped,,,
mcl_chests_trapped.png,unmapped,,,
mcl_chests_trapped_double.png,unmapped,,,
mcl_chests_trapped_double_present.png,unmapped,,,
mcl_chests_trapped_present.png,unmapped,,,
mcl_clock_clock_00.png,unmapped,,,
mcl_clock_clock_01.png,unmapped,,,
mcl_clock_clock_02.png,unmapped,,,
mcl_clock_clock_03.png,unmapped,,,
mcl_clock_clock_04.png,unmapped,,,
mcl_clock_clock_05.png,unmapped,,,
mcl_clock_clock_06.png,unmapped,,,
mcl_clock_clock_07.png,unmapped,,,
mcl_clock_clock_08.png,unmapped,,,
mcl_clock_clock_09.png,unmapped,,,
mcl_clock_clock_10.png,unmapped,,,
mcl_clock_clock_11.png,unmapped,,,
mcl_clock_clock_12.png,unmapped,,,
mcl_clock_clock_13.png,unmapped,,,
mcl_clock_clock_14.png,unmapped,,,
mcl_clock_clock_15.png,unmapped,,,
mcl_clock_clock_16.png,unmapped,,,
mcl_clock_clock_17.png,unmapped,,,
mcl_clock_clock_18.png,unmapped,,,
mcl_clock_clock_19.png,unmapped,,,
mcl_clock_clock_20.png,unmapped,,,
mcl_clock_clock_21.png,unmapped,,,
mcl_clock_clock_22.png,unmapped,,,
mcl_clock_clock_23.png,unmapped,,,
mcl_clock_clock_24.png,unmapped,,,
mcl_clock_clock_25.png,unmapped,,,
mcl_clock_clock_26.png,unmapped,,,
mcl_clock_clock_27.png,unmapped,,,
mcl_clock_clock_28.png,unmapped,,,
mcl_clock_clock_29.png,unmapped,,,
mcl_clock_clock_30.png,unmapped,,,
mcl_clock_clock_31.png,unmapped,,,
mcl_clock_clock_32.png,unmapped,,,
mcl_clock_clock_33.png,unmapped,,,
mcl_clock_clock_34.png,unmapped,,,
mcl_clock_clock_35.png,unmapped,,,
mcl_clock_clock_36.png,unmapped,,,
mcl_clock_clock_37.png,unmapped,,,
mcl_clock_clock_38.png,unmapped,,,
mcl_clock_clock_39.png,unmapped,,,
mcl_clock_clock_40.png,unmapped,,,
mcl_clock_clock_41.png,unmapped,,,
mcl_clock_clock_42.png,unmapped,,,
mcl_clock_clock_43.png,unmapped,,,
mcl_clock_clock_44.png,unmapped,,,
mcl_clock_clock_45.png,unmapped,,,
mcl_clock_clock_46.png,unmapped,,,
mcl_clock_clock_47.png,unmapped,,,
mcl_clock_clock_48.png,unmapped,,,
mcl_clock_clock_49.png,unmapped,,,
mcl_clock_clock_50.png,unmapped,,,
mcl_clock_clock_51.png,unmapped,,,
mcl_clock_clock_52.png,unmapped,,,
mcl_clock_clock_53.png,unmapped,,,
mcl_clock_clock_54.png,unmapped,,,
mcl_clock_clock_55.png,unmapped,,,
mcl_clock_clock_56.png,unmapped,,,
mcl_clock_clock_57.png,unmapped,,,
mcl_clock_clock_58.png,unmapped,,,
mcl_clock_clock_59.png,unmapped,,,
mcl_clock_clock_60.png,unmapped,,,
mcl_clock_clock_61.png,unmapped,,,
mcl_clock_clock_62.png,unmapped,,,
mcl_clock_clock_63.png,unmapped,,,
mcl_cocoas_cocoa_beans.png,unmapped,,,
mcl_cocoas_cocoa_stage_0.png,unmapped,,,
mcl_cocoas_cocoa_stage_1.png,unmapped,,,
mcl_cocoas_cocoa_stage_2.png,unmapped,,,
mcl_colorblocks_concrete_black.png,unmapped,,,
mcl_colorblocks_concrete_blue.png,unmapped,,,
mcl_colorblocks_concrete_brown.png,unmapped,,,
mcl_colorblocks_concrete_cyan.png,unmapped,,,
mcl_colorblocks_concrete_green.png,unmapped,,,
mcl_colorblocks_concrete_grey.png,unmapped,,,
mcl_colorblocks_concrete_light_blue.png,unmapped,,,
mcl_colorblocks_concrete_lime.png,unmapped,,,
mcl_colorblocks_concrete_magenta.png,unmapped,,,
mcl_colorblocks_concrete_orange.png,unmapped,,,
mcl_colorblocks_concrete_pink.png,unmapped,,,
mcl_colorblocks_concrete_powder_black.png,unmapped,,,
mcl_colorblocks_concrete_powder_blue.png,unmapped,,,
mcl_colorblocks_concrete_powder_brown.png,unmapped,,,
mcl_colorblocks_concrete_powder_cyan.png,unmapped,,,
mcl_colorblocks_concrete_powder_green.png,unmapped,,,
mcl_colorblocks_concrete_powder_grey.png,unmapped,,,
mcl_colorblocks_concrete_powder_light_blue.png,unmapped,,,
mcl_colorblocks_concrete_powder_lime.png,unmapped,,,
mcl_colorblocks_concrete_powder_magenta.png,unmapped,,,
mcl_colorblocks_concrete_powder_orange.png,unmapped,,,
mcl_colorblocks_concrete_powder_pink.png,unmapped,,,
mcl_colorblocks_concrete_powder_purple.png,unmapped,,,
mcl_colorblocks_concrete_powder_red.png,unmapped,,,
mcl_colorblocks_concrete_powder_silver.png,unmapped,,,
mcl_colorblocks_concrete_powder_white.png,unmapped,,,
mcl_colorblocks_concrete_powder_yellow.png,unmapped,,,
mcl_colorblocks_concrete_purple.png,unmapped,,,
mcl_colorblocks_concrete_red.png,unmapped,,,
mcl_colorblocks_concrete_silver.png,unmapped,,,
mcl_colorblocks_concrete_white.png,unmapped,,,
mcl_colorblocks_concrete_yellow.png,unmapped,,,
mcl_colorblocks_glazed_terracotta_black.png,unmapped,,,
mcl_colorblocks_glazed_terracotta_blue.png,unmapped,,,
mcl_colorblocks_glazed_terracotta_brown.png,unmapped,,,
mcl_colorblocks_glazed_terracotta_cyan.png,unmapped,,,
mcl_colorblocks_glazed_terracotta_green.png,unmapped,,,
mcl_colorblocks_glazed_terracotta_grey.png,unmapped,,,
mcl_colorblocks_glazed_terracotta_light_blue.png,unmapped,,,
mcl_colorblocks_glazed_terracotta_lime.png,unmapped,,,
mcl_colorblocks_glazed_terracotta_magenta.png,unmapped,,,
mcl_colorblocks_glazed_terracotta_orange.png,unmapped,,,
mcl_colorblocks_glazed_terracotta_pink.png,unmapped,,,
mcl_colorblocks_glazed_terracotta_purple.png,unmapped,,,
mcl_colorblocks_glazed_terracotta_red.png,unmapped,,,
mcl_colorblocks_glazed_terracotta_silver.png,unmapped,,,
mcl_colorblocks_glazed_terracotta_white.png,unmapped,,,
mcl_colorblocks_glazed_terracotta_yellow.png,unmapped,,,
mcl_comparators_comp.png,unmapped,,,
mcl_comparators_ends_comp.png,unmapped,,,
mcl_comparators_ends_off.png,unmapped,,,
mcl_comparators_ends_on.png,unmapped,,,
mcl_comparators_ends_sub.png,unmapped,,,
mcl_comparators_item.png,unmapped,,,
mcl_comparators_off.png,unmapped,,,
mcl_comparators_on.png,unmapped,,,
mcl_comparators_sides_comp.png,unmapped,,,
mcl_comparators_sides_off.png,unmapped,,,
mcl_comparators_sides_on.png,unmapped,,,
mcl_comparators_sides_sub.png,unmapped,,,
mcl_comparators_sub.png,unmapped,,,
mcl_compass_compass_00.png,unmapped,,,
mcl_compass_compass_01.png,unmapped,,,
mcl_compass_compass_02.png,unmapped,,,
mcl_compass_compass_03.png,unmapped,,,
mcl_compass_compass_04.png,unmapped,,,
mcl_compass_compass_05.png,unmapped,,,
mcl_compass_compass_06.png,unmapped,,,
mcl_compass_compass_07.png,unmapped,,,
mcl_compass_compass_08.png,unmapped,,,
mcl_compass_compass_09.png,unmapped,,,
mcl_compass_compass_10.png,unmapped,,,
mcl_compass_compass_11.png,unmapped,,,
mcl_compass_compass_12.png,unmapped,,,
mcl_compass_compass_13.png,unmapped,,,
mcl_compass_compass_14.png,unmapped,,,
mcl_compass_compass_15.png,unmapped,,,
mcl_compass_compass_16.png,unmapped,,,
mcl_compass_compass_17.png,unmapped,,,
mcl_compass_compass_18.png,unmapped,,,
mcl_compass_compass_19.png,unmapped,,,
mcl_compass_compass_20.png,unmapped,,,
mcl_compass_compass_21.png,unmapped,,,
mcl_compass_compass_22.png,unmapped,,,
mcl_compass_compass_23.png,unmapped,,,
mcl_compass_compass_24.png,unmapped,,,
mcl_compass_compass_25.png,unmapped,,,
mcl_compass_compass_26.png,unmapped,,,
mcl_compass_compass_27.png,unmapped,,,
mcl_compass_compass_28.png,unmapped,,,
mcl_compass_compass_29.png,unmapped,,,
mcl_compass_compass_30.png,unmapped,,,
mcl_compass_compass_31.png,unmapped,,,
mcl_compass_recovery_compass_00.png,unmapped,,,
mcl_compass_recovery_compass_01.png,unmapped,,,
mcl_compass_recovery_compass_02.png,unmapped,,,
mcl_compass_recovery_compass_03.png,unmapped,,,
mcl_compass_recovery_compass_04.png,unmapped,,,
mcl_compass_recovery_compass_05.png,unmapped,,,
mcl_compass_recovery_compass_06.png,unmapped,,,
mcl_compass_recovery_compass_07.png,unmapped,,,
mcl_compass_recovery_compass_08.png,unmapped,,,
mcl_compass_recovery_compass_09.png,unmapped,,,
mcl_compass_recovery_compass_10.png,unmapped,,,
mcl_compass_recovery_compass_11.png,unmapped,,,
mcl_compass_recovery_compass_12.png,unmapped,,,
mcl_compass_recovery_compass_13.png,unmapped,,,
mcl_compass_recovery_compass_14.png,unmapped,,,
mcl_compass_recovery_compass_15.png,unmapped,,,
mcl_compass_recovery_compass_16.png,unmapped,,,
mcl_compass_recovery_compass_17.png,unmapped,,,
mcl_compass_recovery_compass_18.png,unmapped,,,
mcl_compass_recovery_compass_19.png,unmapped,,,
mcl_compass_recovery_compass_20.png,unmapped,,,
mcl_compass_recovery_compass_21.png,unmapped,,,
mcl_compass_recovery_compass_22.png,unmapped,,,
mcl_compass_recovery_compass_23.png,unmapped,,,
mcl_compass_recovery_compass_24.png,unmapped,,,
mcl_compass_recovery_compass_25.png,unmapped,,,
mcl_compass_recovery_compass_26.png,unmapped,,,
mcl_compass_recovery_compass_27.png,unmapped,,,
mcl_compass_recovery_compass_28.png,unmapped,,,
mcl_compass_recovery_compass_29.png,unmapped,,,
mcl_compass_recovery_compass_30.png,unmapped,,,
mcl_compass_recovery_compass_31.png,unmapped,,,
mcl_composter_bottom.png,unmapped,,,
mcl_composter_compost.png,unmapped,,,
mcl_composter_ready.png,unmapped,,,
mcl_composter_side.png,unmapped,,,
mcl_composter_top.png,unmapped,,,
mcl_conduit_conduit.png,unmapped,,,
mcl_conduit_conduit_node.png,unmapped,,,
mcl_copper_anti_oxidation_particle.png,unmapped,,,
mcl_copper_block.png,unmapped,,,
mcl_copper_block_bulb_off.png,unmapped,,,
mcl_copper_block_bulb_off_powered.png,unmapped,,,
mcl_copper_block_bulb_on.png,unmapped,,,
mcl_copper_block_bulb_on_powered.png,unmapped,,,
mcl_copper_block_chiseled.png,unmapped,,,
mcl_copper_block_cut.png,unmapped,,,
mcl_copper_block_grate.png,unmapped,,,
mcl_copper_block_raw.png,unmapped,,,
mcl_copper_chain.png,unmapped,,,
mcl_copper_chain_exposed.png,unmapped,,,
mcl_copper_chain_exposed_inv.png,unmapped,,,
mcl_copper_chain_inv.png,unmapped,,,
mcl_copper_chain_oxidized.png,unmapped,,,
mcl_copper_chain_oxidized_inv.png,unmapped,,,
mcl_copper_chain_weathered.png,unmapped,,,
mcl_copper_chain_weathered_inv.png,unmapped,,,
mcl_copper_chestplate_copper.png,unmapped,,,
mcl_copper_door.png,unmapped,,,
mcl_copper_door_bottom.png,unmapped,,,
mcl_copper_door_exposed.png,unmapped,,,
mcl_copper_door_exposed_bottom.png,unmapped,,,
mcl_copper_door_exposed_top.png,unmapped,,,
mcl_copper_door_oxidized.png,unmapped,,,
mcl_copper_door_oxidized_bottom.png,unmapped,,,
mcl_copper_door_oxidized_top.png,unmapped,,,
mcl_copper_door_top.png,unmapped,,,
mcl_copper_door_weathered.png,unmapped,,,
mcl_copper_door_weathered_bottom.png,unmapped,,,
mcl_copper_door_weathered_top.png,unmapped,,,
mcl_copper_exposed.png,unmapped,,,
mcl_copper_exposed_bulb_off.png,unmapped,,,
mcl_copper_exposed_bulb_off_powered.png,unmapped,,,
mcl_copper_exposed_bulb_on.png,unmapped,,,
mcl_copper_exposed_bulb_on_powered.png,unmapped,,,
mcl_copper_exposed_chiseled.png,unmapped,,,
mcl_copper_exposed_cut.png,unmapped,,,
mcl_copper_exposed_grate.png,unmapped,,,
mcl_copper_helmet_copper.png,unmapped,,,
mcl_copper_ingot.png,unmapped,,,
mcl_copper_inv_boots_copper.png,unmapped,,,
mcl_copper_inv_chestplate_copper.png,unmapped,,,
mcl_copper_inv_helmet_copper.png,unmapped,,,
mcl_copper_inv_leggings_copper.png,unmapped,,,
mcl_copper_lantern.png,unmapped,,,
mcl_copper_lantern_exposed.png,unmapped,,,
mcl_copper_lantern_exposed_inv.png,unmapped,,,
mcl_copper_lantern_inv.png,unmapped,,,
mcl_copper_lantern_oxidized.png,unmapped,,,
mcl_copper_lantern_oxidized_inv.png,unmapped,,,
mcl_copper_lantern_weathered.png,unmapped,,,
mcl_copper_lantern_weathered_inv.png,unmapped,,,
mcl_copper_leggings_copper.png,unmapped,,,
mcl_copper_nugget.png,unmapped,,,
mcl_copper_ore.png,unmapped,,,
mcl_copper_oxidized.png,unmapped,,,
mcl_copper_oxidized_bulb_off.png,unmapped,,,
mcl_copper_oxidized_bulb_off_powered.png,unmapped,,,
mcl_copper_oxidized_bulb_on.png,unmapped,,,
mcl_copper_oxidized_bulb_on_powered.png,unmapped,,,
mcl_copper_oxidized_chiseled.png,unmapped,,,
mcl_copper_oxidized_cut.png,unmapped,,,
mcl_copper_oxidized_grate.png,unmapped,,,
mcl_copper_pane.png,unmapped,,,
mcl_copper_pane_exposed.png,unmapped,,,
mcl_copper_pane_oxidized.png,unmapped,,,
mcl_copper_pane_top.png,unmapped,,,
mcl_copper_pane_top_exposed.png,unmapped,,,
mcl_copper_pane_top_oxidized.png,unmapped,,,
mcl_copper_pane_top_weathered.png,unmapped,,,
mcl_copper_pane_weathered.png,unmapped,,,
mcl_copper_raw.png,unmapped,,,
mcl_copper_tool_axe.png,unmapped,,,
mcl_copper_tool_hoe.png,unmapped,,,
mcl_copper_tool_pick.png,unmapped,,,
mcl_copper_tool_shovel.png,unmapped,,,
mcl_copper_tool_sword.png,unmapped,,,
mcl_copper_top.png,unmapped,,,
mcl_copper_top_exposed.png,unmapped,,,
mcl_copper_top_oxidized.png,unmapped,,,
mcl_copper_top_weathered.png,unmapped,,,
mcl_copper_torch.png,unmapped,,,
mcl_copper_torch_animated.png,unmapped,,,
mcl_copper_trapdoor.png,unmapped,,,
mcl_copper_trapdoor_exposed.png,unmapped,,,
mcl_copper_trapdoor_exposed_side.png,unmapped,,,
mcl_copper_trapdoor_oxidized.png,unmapped,,,
mcl_copper_trapdoor_oxidized_side.png,unmapped,,,
mcl_copper_trapdoor_side.png,unmapped,,,
mcl_copper_trapdoor_weathered.png,unmapped,,,
mcl_copper_trapdoor_weathered_side.png,unmapped,,,
mcl_copper_weathered.png,unmapped,,,
mcl_copper_weathered_bulb_off.png,unmapped,,,
mcl_copper_weathered_bulb_off_powered.png,unmapped,,,
mcl_copper_weathered_bulb_on.png,unmapped,,,
mcl_copper_weathered_bulb_on_powered.png,unmapped,,,
mcl_copper_weathered_chiseled.png,unmapped,,,
mcl_copper_weathered_cut.png,unmapped,,,
mcl_copper_weathered_grate.png,unmapped,,,
mcl_core_andesite.png,unmapped,,,
mcl_core_andesite_smooth.png,unmapped,,,
mcl_core_bone_block_side.png,unmapped,,,
mcl_core_bone_block_top.png,unmapped,,,
mcl_core_crying_obsidian.png,unmapped,,,
mcl_core_crying_obsidian_tear.png,unmapped,,,
mcl_core_crying_obsidian_tear2.png,unmapped,,,
mcl_core_crying_obsidian_tear3.png,unmapped,,,
mcl_core_diorite.png,unmapped,,,
mcl_core_diorite_smooth.png,unmapped,,,
mcl_core_frosted_ice_0.png,unmapped,,,
mcl_core_frosted_ice_1.png,unmapped,,,
mcl_core_frosted_ice_2.png,unmapped,,,
mcl_core_frosted_ice_3.png,unmapped,,,
mcl_core_glow_lichen.png,unmapped,,,
mcl_core_granite.png,unmapped,,,
mcl_core_granite_smooth.png,unmapped,,,
mcl_core_iron_nugget.png,unmapped,,,
mcl_core_light_0.png,unmapped,,,
mcl_core_light_1.png,unmapped,,,
mcl_core_light_10.png,unmapped,,,
mcl_core_light_11.png,unmapped,,,
mcl_core_light_12.png,unmapped,,,
mcl_core_light_13.png,unmapped,,,
mcl_core_light_14.png,unmapped,,,
mcl_core_light_2.png,unmapped,,,
mcl_core_light_3.png,unmapped,,,
mcl_core_light_4.png,unmapped,,,
mcl_core_light_5.png,unmapped,,,
mcl_core_light_6.png,unmapped,,,
mcl_core_light_7.png,unmapped,,,
mcl_core_light_8.png,unmapped,,,
mcl_core_light_9.png,unmapped,,,
mcl_core_mycelium_particle.png,unmapped,,,
mcl_core_palette_grass.png,unmapped,,,
mcl_core_palette_grass_levelgen.png,unmapped,,,
mcl_core_palette_leaves.png,unmapped,,,
mcl_core_stripped_acacia_side.png,unmapped,,,
mcl_core_stripped_acacia_top.png,unmapped,,,
mcl_core_stripped_birch_side.png,unmapped,,,
mcl_core_stripped_birch_top.png,unmapped,,,
mcl_core_stripped_dark_oak_side.png,unmapped,,,
mcl_core_stripped_dark_oak_top.png,unmapped,,,
mcl_core_stripped_jungle_side.png,unmapped,,,
mcl_core_stripped_jungle_top.png,unmapped,,,
mcl_core_stripped_oak_side.png,unmapped,,,
mcl_core_stripped_oak_top.png,unmapped,,,
mcl_core_stripped_spruce_side.png,unmapped,,,
mcl_core_stripped_spruce_top.png,unmapped,,,
mcl_core_void.png,unmapped,,,
mcl_craftguide_fuel.png,unmapped,,,
mcl_crafting_guide_craft.png,unmapped,,,
mcl_crafting_table_inv_fill.png,unmapped,,,
mcl_crimson_crimson_door.png,unmapped,,,
mcl_crimson_crimson_door_bottom.png,unmapped,,,
mcl_crimson_crimson_door_top.png,unmapped,,,
mcl_crimson_crimson_fence.png,unmapped,,,
mcl_crimson_crimson_fence_side.png,unmapped,,,
mcl_crimson_crimson_fence_top.png,unmapped,,,
mcl_crimson_crimson_trapdoor.png,unmapped,,,
mcl_crimson_crimson_trapdoor_side.png,unmapped,,,
mcl_crimson_warped_door.png,unmapped,,,
mcl_crimson_warped_door_bottom.png,unmapped,,,
mcl_crimson_warped_door_top.png,unmapped,,,
mcl_crimson_warped_fence.png,unmapped,,,
mcl_crimson_warped_fence_side.png,unmapped,,,
mcl_crimson_warped_fence_top.png,unmapped,,,
mcl_crimson_warped_trapdoor.png,unmapped,,,
mcl_crimson_warped_trapdoor_side.png,unmapped,,,
mcl_crimson_weeping_vines.png,unmapped,,,
mcl_deepslate.png,unmapped,,,
mcl_deepslate_bricks.png,unmapped,,,
mcl_deepslate_bricks_cracked.png,unmapped,,,
mcl_deepslate_chiseled.png,unmapped,,,
mcl_deepslate_coal_ore.png,unmapped,,,
mcl_deepslate_cobbled.png,unmapped,,,
mcl_deepslate_copper_ore.png,unmapped,,,
mcl_deepslate_diamond_ore.png,unmapped,,,
mcl_deepslate_emerald_ore.png,unmapped,,,
mcl_deepslate_gold_ore.png,unmapped,,,
mcl_deepslate_iron_ore.png,unmapped,,,
mcl_deepslate_lapis_ore.png,unmapped,,,
mcl_deepslate_polished.png,unmapped,,,
mcl_deepslate_redstone_ore.png,unmapped,,,
mcl_deepslate_reinforced.png,unmapped,,,
mcl_deepslate_reinforced_bottom.png,unmapped,,,
mcl_deepslate_reinforced_top.png,unmapped,,,
mcl_deepslate_tiles.png,unmapped,,,
mcl_deepslate_tiles_cracked.png,unmapped,,,
mcl_deepslate_top.png,unmapped,,,
mcl_deepslate_tuff.png,unmapped,,,
mcl_deepslate_tuff_bricks.png,unmapped,,,
mcl_deepslate_tuff_chiseled.png,unmapped,,,
mcl_deepslate_tuff_chiseled_bricks.png,unmapped,,,
mcl_deepslate_tuff_chiseled_bricks_top.png,unmapped,,,
mcl_deepslate_tuff_chiseled_top.png,unmapped,,,
mcl_deepslate_tuff_polished.png,unmapped,,,
mcl_dirt_grass_shadow.png,unmapped,,,
mcl_dispensers_dispenser_front_horizontal.png,unmapped,,,
mcl_dispensers_dispenser_front_vertical.png,unmapped,,,
mcl_doors_door_acacia.png,unmapped,,,
mcl_doors_door_acacia_lower.png,unmapped,,,
mcl_doors_door_acacia_side_lower.png,unmapped,,,
mcl_doors_door_acacia_side_upper.png,unmapped,,,
mcl_doors_door_acacia_upper.png,unmapped,,,
mcl_doors_door_birch.png,unmapped,,,
mcl_doors_door_birch_lower.png,unmapped,,,
mcl_doors_door_birch_side_lower.png,unmapped,,,
mcl_doors_door_birch_side_upper.png,unmapped,,,
mcl_doors_door_birch_upper.png,unmapped,,,
mcl_doors_door_crimson_side_lower.png,unmapped,,,
mcl_doors_door_crimson_side_upper.png,unmapped,,,
mcl_doors_door_dark_oak.png,unmapped,,,
mcl_doors_door_dark_oak_lower.png,unmapped,,,
mcl_doors_door_dark_oak_side_lower.png,unmapped,,,
mcl_doors_door_dark_oak_side_upper.png,unmapped,,,
mcl_doors_door_dark_oak_upper.png,unmapped,,,
mcl_doors_door_iron_lower.png,unmapped,,,
mcl_doors_door_iron_side_lower.png,unmapped,,,
mcl_doors_door_iron_side_upper.png,unmapped,,,
mcl_doors_door_iron_upper.png,unmapped,,,
mcl_doors_door_jungle.png,unmapped,,,
mcl_doors_door_jungle_lower.png,unmapped,,,
mcl_doors_door_jungle_side_lower.png,unmapped,,,
mcl_doors_door_jungle_side_upper.png,unmapped,,,
mcl_doors_door_jungle_upper.png,unmapped,,,
mcl_doors_door_spruce.png,unmapped,,,
mcl_doors_door_spruce_lower.png,unmapped,,,
mcl_doors_door_spruce_side_lower.png,unmapped,,,
mcl_doors_door_spruce_side_upper.png,unmapped,,,
mcl_doors_door_spruce_upper.png,unmapped,,,
mcl_doors_door_warped_side_lower.png,unmapped,,,
mcl_doors_door_warped_side_upper.png,unmapped,,,
mcl_doors_door_wood_lower.png,unmapped,,,
mcl_doors_door_wood_side_lower.png,unmapped,,,
mcl_doors_door_wood_side_upper.png,unmapped,,,
mcl_doors_door_wood_upper.png,unmapped,,,
mcl_doors_trapdoor_acacia.png,unmapped,,,
mcl_doors_trapdoor_acacia_side.png,unmapped,,,
mcl_doors_trapdoor_birch.png,unmapped,,,
mcl_doors_trapdoor_birch_side.png,unmapped,,,
mcl_doors_trapdoor_dark_oak.png,unmapped,,,
mcl_doors_trapdoor_dark_oak_side.png,unmapped,,,
mcl_doors_trapdoor_jungle.png,unmapped,,,
mcl_doors_trapdoor_jungle_side.png,unmapped,,,
mcl_doors_trapdoor_spruce.png,unmapped,,,
mcl_doors_trapdoor_spruce_side.png,unmapped,,,
mcl_droppers_dropper_front_horizontal.png,unmapped,,,
mcl_droppers_dropper_front_vertical.png,unmapped,,,
mcl_dye.png,unmapped,,,
mcl_dye_mask.png,unmapped,,,
mcl_dyes_palette.png,unmapped,,,
mcl_enchanting_book_closed.png,unmapped,,,
mcl_enchanting_book_enchanted.png,unmapped,,,
mcl_enchanting_book_entity.png,unmapped,,,
mcl_enchanting_book_open.png,unmapped,,,
mcl_enchanting_button.png,unmapped,,,
mcl_enchanting_button_background.png,unmapped,,,
mcl_enchanting_button_hovered.png,unmapped,,,
mcl_enchanting_button_off.png,unmapped,,,
mcl_enchanting_glyph_1.png,unmapped,,,
mcl_enchanting_glyph_10.png,unmapped,,,
mcl_enchanting_glyph_11.png,unmapped,,,
mcl_enchanting_glyph_12.png,unmapped,,,
mcl_enchanting_glyph_13.png,unmapped,,,
mcl_enchanting_glyph_14.png,unmapped,,,
mcl_enchanting_glyph_15.png,unmapped,,,
mcl_enchanting_glyph_16.png,unmapped,,,
mcl_enchanting_glyph_17.png,unmapped,,,
mcl_enchanting_glyph_18.png,unmapped,,,
mcl_enchanting_glyph_2.png,unmapped,,,
mcl_enchanting_glyph_3.png,unmapped,,,
mcl_enchanting_glyph_4.png,unmapped,,,
mcl_enchanting_glyph_5.png,unmapped,,,
mcl_enchanting_glyph_6.png,unmapped,,,
mcl_enchanting_glyph_7.png,unmapped,,,
mcl_enchanting_glyph_8.png,unmapped,,,
mcl_enchanting_glyph_9.png,unmapped,,,
mcl_enchanting_lapis_background.png,unmapped,,,
mcl_enchanting_number_1.png,unmapped,,,
mcl_enchanting_number_1_off.png,unmapped,,,
mcl_enchanting_number_2.png,unmapped,,,
mcl_enchanting_number_2_off.png,unmapped,,,
mcl_enchanting_number_3.png,unmapped,,,
mcl_enchanting_number_3_off.png,unmapped,,,
mcl_end_chorus_flower.png,unmapped,,,
mcl_end_chorus_flower_1.png,unmapped,,,
mcl_end_chorus_flower_10.png,unmapped,,,
mcl_end_chorus_flower_2.png,unmapped,,,
mcl_end_chorus_flower_3.png,unmapped,,,
mcl_end_chorus_flower_4.png,unmapped,,,
mcl_end_chorus_flower_5.png,unmapped,,,
mcl_end_chorus_flower_6.png,unmapped,,,
mcl_end_chorus_flower_7.png,unmapped,,,
mcl_end_chorus_flower_8.png,unmapped,,,
mcl_end_chorus_flower_9.png,unmapped,,,
mcl_end_chorus_flower_dead.png,unmapped,,,
mcl_end_chorus_fruit.png,unmapped,,,
mcl_end_chorus_fruit_popped.png,unmapped,,,
mcl_end_chorus_plant.png,unmapped,,,
mcl_end_crystal.png,unmapped,,,
mcl_end_crystal_beam.png,unmapped,,,
mcl_end_crystal_item.png,unmapped,,,
mcl_end_end_bricks.png,unmapped,,,
mcl_end_end_rod_bottom.png,unmapped,,,
mcl_end_end_rod_side.png,unmapped,,,
mcl_end_end_rod_top.png,unmapped,,,
mcl_end_purpur_block.png,unmapped,,,
mcl_end_purpur_pillar.png,unmapped,,,
mcl_end_purpur_pillar_top.png,unmapped,,,
mcl_experience_bar.png,unmapped,,,
mcl_experience_bar_background.png,unmapped,,,
mcl_farming_beetroot.png,unmapped,,,
mcl_farming_beetroot_0.png,unmapped,,,
mcl_farming_beetroot_1.png,unmapped,,,
mcl_farming_beetroot_2.png,unmapped,,,
mcl_farming_beetroot_3.png,unmapped,,,
mcl_farming_beetroot_seeds.png,unmapped,,,
mcl_farming_beetroot_soup.png,unmapped,,,
mcl_farming_farmland_dry.png,unmapped,,,
mcl_farming_farmland_wet.png,unmapped,,,
mcl_farming_hayblock_side.png,unmapped,,,
mcl_farming_hayblock_top.png,unmapped,,,
mcl_farming_melon_seeds.png,unmapped,,,
mcl_farming_melon_stem_connected.png,unmapped,,,
mcl_farming_melon_stem_disconnected.png,unmapped,,,
mcl_farming_potatoes_stage_0.png,unmapped,,,
mcl_farming_potatoes_stage_1.png,unmapped,,,
mcl_farming_potatoes_stage_2.png,unmapped,,,
mcl_farming_potatoes_stage_3.png,unmapped,,,
mcl_farming_pumpkin_face.png,unmapped,,,
mcl_farming_pumpkin_face_light.png,unmapped,,,
mcl_farming_pumpkin_hud.png,unmapped,,,
mcl_farming_pumpkin_pie.png,unmapped,,,
mcl_farming_pumpkin_seeds.png,unmapped,,,
mcl_farming_pumpkin_stem_connected.png,unmapped,,,
mcl_farming_pumpkin_stem_disconnected.png,unmapped,,,
mcl_farming_sweet_berry.png,unmapped,,,
mcl_farming_sweet_berry_bush_0.png,unmapped,,,
mcl_farming_sweet_berry_bush_1.png,unmapped,,,
mcl_farming_sweet_berry_bush_2.png,unmapped,,,
mcl_farming_sweet_berry_bush_3.png,unmapped,,,
mcl_farming_wheat_seeds.png,unmapped,,,
mcl_farming_wheat_stage_0.png,unmapped,,,
mcl_farming_wheat_stage_1.png,unmapped,,,
mcl_farming_wheat_stage_2.png,unmapped,,,
mcl_farming_wheat_stage_3.png,unmapped,,,
mcl_farming_wheat_stage_4.png,unmapped,,,
mcl_farming_wheat_stage_5.png,unmapped,,,
mcl_farming_wheat_stage_6.png,unmapped,,,
mcl_farming_wheat_stage_7.png,unmapped,,,
mcl_fences_fence_acacia.png,unmapped,,,
mcl_fences_fence_big_oak.png,unmapped,,,
mcl_fences_fence_birch.png,unmapped,,,
mcl_fences_fence_gate_acacia.png,unmapped,,,
mcl_fences_fence_gate_big_oak.png,unmapped,,,
mcl_fences_fence_gate_birch.png,unmapped,,,
mcl_fences_fence_gate_jungle.png,unmapped,,,
mcl_fences_fence_gate_mask.png,unmapped,,,
mcl_fences_fence_gate_nether_brick.png,unmapped,,,
mcl_fences_fence_gate_oak.png,unmapped,,,
mcl_fences_fence_gate_red_nether_brick.png,unmapped,,,
mcl_fences_fence_gate_spruce.png,unmapped,,,
mcl_fences_fence_jungle.png,unmapped,,,
mcl_fences_fence_mask.png,unmapped,,,
mcl_fences_fence_nether_brick.png,unmapped,,,
mcl_fences_fence_oak.png,unmapped,,,
mcl_fences_fence_red_nether_brick.png,unmapped,,,
mcl_fences_fence_spruce.png,unmapped,,,
mcl_fire_fire_charge.png,unmapped,,,
mcl_fire_flint_and_steel.png,unmapped,,,
mcl_fireworks_rocket.png,unmapped,,,
mcl_fishing_bobber.png,unmapped,,,
mcl_fishing_clownfish_raw.png,unmapped,,,
mcl_fishing_fish_cooked.png,unmapped,,,
mcl_fishing_fish_raw.png,unmapped,,,
mcl_fishing_fishing_rod.png,unmapped,,,
mcl_fishing_pufferfish_raw.png,unmapped,,,
mcl_fishing_salmon_cooked.png,unmapped,,,
mcl_fishing_salmon_raw.png,unmapped,,,
mcl_flowerpots_cactus.png,unmapped,,,
mcl_flowerpots_flowerpot.png,unmapped,,,
mcl_flowerpots_flowerpot_inventory.png,unmapped,,,
mcl_flowers_allium.png,unmapped,,,
mcl_flowers_azure_bluet.png,unmapped,,,
mcl_flowers_blue_orchid.png,unmapped,,,
mcl_flowers_bush.png,unmapped,,,
mcl_flowers_cornflower.png,unmapped,,,
mcl_flowers_double_plant_fern_bottom.png,unmapped,,,
mcl_flowers_double_plant_fern_inv.png,unmapped,,,
mcl_flowers_double_plant_fern_top.png,unmapped,,,
mcl_flowers_double_plant_grass_bottom.png,unmapped,,,
mcl_flowers_double_plant_grass_inv.png,unmapped,,,
mcl_flowers_double_plant_grass_top.png,unmapped,,,
mcl_flowers_double_plant_paeonia_bottom.png,unmapped,,,
mcl_flowers_double_plant_paeonia_top.png,unmapped,,,
mcl_flowers_double_plant_rose_bottom.png,unmapped,,,
mcl_flowers_double_plant_rose_top.png,unmapped,,,
mcl_flowers_double_plant_sunflower_back.png,unmapped,,,
mcl_flowers_double_plant_sunflower_bottom.png,unmapped,,,
mcl_flowers_double_plant_sunflower_front.png,unmapped,,,
mcl_flowers_double_plant_sunflower_top.png,unmapped,,,
mcl_flowers_double_plant_syringa_bottom.png,unmapped,,,
mcl_flowers_double_plant_syringa_top.png,unmapped,,,
mcl_flowers_dry_vegetation_palette.png,unmapped,,,
mcl_flowers_fern.png,unmapped,,,
mcl_flowers_fern_inv.png,unmapped,,,
mcl_flowers_firefly_bush.png,unmapped,,,
mcl_flowers_firefly_bush_inv.png,unmapped,,,
mcl_flowers_leaf_litter.png,unmapped,,,
mcl_flowers_lily_of_the_valley.png,unmapped,,,
mcl_flowers_oxeye_daisy.png,unmapped,,,
mcl_flowers_poppy.png,unmapped,,,
mcl_flowers_short_dry_grass.png,unmapped,,,
mcl_flowers_tall_dry_grass.png,unmapped,,,
mcl_flowers_tallgrass.png,unmapped,,,
mcl_flowers_tallgrass_inv.png,unmapped,,,
mcl_flowers_tulip_pink.png,unmapped,,,
mcl_flowers_tulip_red.png,unmapped,,,
mcl_flowers_tulip_white.png,unmapped,,,
mcl_flowers_wildflower.png,unmapped,,,
mcl_flowers_wildflower_stem.png,unmapped,,,
mcl_flowers_wither_rose.png,unmapped,,,
mcl_formspec_itemslot.png,unmapped,,,
mcl_heads_creeper.png,unmapped,,,
mcl_heads_dragon.png,unmapped,,,
mcl_heads_piglin.png,unmapped,,,
mcl_heads_skeleton.png,unmapped,,,
mcl_heads_steve.png,unmapped,,,
mcl_heads_wither_skeleton.png,unmapped,,,
mcl_heads_zombie.png,unmapped,,,
mcl_honey_block_bottom.png,unmapped,,,
mcl_honey_block_side.png,unmapped,,,
mcl_honey_block_top.png,unmapped,,,
mcl_honey_honey_bottle.png,unmapped,,,
mcl_honey_honeycomb.png,unmapped,,,
mcl_honey_honeycomb_block.png,unmapped,,,
mcl_hoppers_hopper_inside.png,unmapped,,,
mcl_hoppers_hopper_outside.png,unmapped,,,
mcl_hoppers_hopper_top.png,unmapped,,,
mcl_hoppers_item.png,unmapped,,,
mcl_hunger_bar_exhaustion.png,unmapped,,,
mcl_hunger_bar_foodpoison.png,unmapped,,,
mcl_hunger_bar_saturation.png,unmapped,,,
mcl_hunger_bgicon_exhaustion.png,unmapped,,,
mcl_hunger_bgicon_saturation.png,unmapped,,,
mcl_hunger_icon_exhaustion.png,unmapped,,,
mcl_hunger_icon_foodpoison.png,unmapped,,,
mcl_hunger_icon_saturation.png,unmapped,,,
mcl_inventory_background9.png,unmapped,,,
mcl_inventory_bar.png,unmapped,,,
mcl_inventory_bar_fill.png,unmapped,,,
mcl_inventory_button9.png,unmapped,,,
mcl_inventory_button9_pressed.png,unmapped,,,
mcl_inventory_empty_armor_slot_boots.png,unmapped,,,
mcl_inventory_empty_armor_slot_chestplate.png,unmapped,,,
mcl_inventory_empty_armor_slot_helmet.png,unmapped,,,
mcl_inventory_empty_armor_slot_leggings.png,unmapped,,,
mcl_inventory_empty_armor_slot_shield.png,unmapped,,,
mcl_inventory_hotbar.png,unmapped,,,
mcl_inventory_hotbar_selected.png,unmapped,,,
mcl_itemframes_glow_item_frame.png,unmapped,,,
mcl_itemframes_glow_item_frame_border.png,unmapped,,,
mcl_itemframes_invisible_glow_item_frame.png,unmapped,,,
mcl_itemframes_invisible_item_frame.png,unmapped,,,
mcl_itemframes_item_frame.png,unmapped,,,
mcl_itemframes_itemframe_background.png,unmapped,,,
mcl_jukebox_record_11.png,unmapped,,,
mcl_jukebox_record_13.png,unmapped,,,
mcl_jukebox_record_blocks.png,unmapped,,,
mcl_jukebox_record_cat.png,unmapped,,,
mcl_jukebox_record_chirp.png,unmapped,,,
mcl_jukebox_record_far.png,unmapped,,,
mcl_jukebox_record_mall.png,unmapped,,,
mcl_jukebox_record_mellohi.png,unmapped,,,
mcl_jukebox_record_stal.png,unmapped,,,
mcl_jukebox_record_strad.png,unmapped,,,
mcl_jukebox_record_wait.png,unmapped,,,
mcl_jukebox_record_ward.png,unmapped,,,
mcl_lanterns_chain.png,unmapped,,,
mcl_lanterns_chain_inv.png,unmapped,,,
mcl_lanterns_lantern.png,unmapped,,,
mcl_lanterns_lantern_inv.png,unmapped,,,
mcl_lanterns_soul_lantern.png,unmapped,,,
mcl_lanterns_soul_lantern_inv.png,unmapped,,,
mcl_lectern_lectern.png,unmapped,,,
mcl_levelgen_jigsaw_block_bottom.png,unmapped,,,
mcl_levelgen_jigsaw_block_side_north.png,unmapped,,,
mcl_levelgen_jigsaw_block_side_south.png,unmapped,,,
mcl_levelgen_jigsaw_block_top.png,unmapped,,,
mcl_levelgen_schematic_border_checkers.png,unmapped,,,
mcl_levelgen_structure_block_corner_side.png,unmapped,,,
mcl_levelgen_structure_block_corner_top.png,unmapped,,,
mcl_levelgen_structure_block_data_side.png,unmapped,,,
mcl_levelgen_structure_block_data_top.png,unmapped,,,
mcl_levelgen_structure_block_load_side.png,unmapped,,,
mcl_levelgen_structure_block_load_top.png,unmapped,,,
mcl_levelgen_structure_block_save_side.png,unmapped,,,
mcl_levelgen_structure_block_save_top.png,unmapped,,,
mcl_levelgen_structure_block_side.png,unmapped,,,
mcl_levelgen_structure_block_top.png,unmapped,,,
mcl_levelgen_structure_void.png,unmapped,,,
mcl_lightning_rods_rod.png,unmapped,,,
mcl_lightning_rods_rod_exposed.png,unmapped,,,
mcl_lightning_rods_rod_oxidized.png,unmapped,,,
mcl_lightning_rods_rod_weathered.png,unmapped,,,
mcl_loom_itemslot_bg_banner.png,unmapped,,,
mcl_loom_itemslot_bg_dye.png,unmapped,,,
mcl_loom_itemslot_bg_pattern.png,unmapped,,,
mcl_lush_caves_azalea_flowering_side.png,unmapped,,,
mcl_lush_caves_azalea_flowering_top.png,unmapped,,,
mcl_lush_caves_azalea_leaves.png,unmapped,,,
mcl_lush_caves_azalea_leaves_flowering.png,unmapped,,,
mcl_lush_caves_azalea_plant.png,unmapped,,,
mcl_lush_caves_azalea_side.png,unmapped,,,
mcl_lush_caves_azalea_top.png,unmapped,,,
mcl_lush_caves_big_dripleaf_side.png,unmapped,,,
mcl_lush_caves_big_dripleaf_stem.png,unmapped,,,
mcl_lush_caves_big_dripleaf_tip.png,unmapped,,,
mcl_lush_caves_big_dripleaf_top.png,unmapped,,,
mcl_lush_caves_cave_vines.png,unmapped,,,
mcl_lush_caves_cave_vines_lit.png,unmapped,,,
mcl_lush_caves_cave_vines_plant.png,unmapped,,,
mcl_lush_caves_cave_vines_plant_lit.png,unmapped,,,
mcl_lush_caves_dripleaf_big.png,unmapped,,,
mcl_lush_caves_dripleaf_small.png,unmapped,,,
mcl_lush_caves_dripleaf_stem.png,unmapped,,,
mcl_lush_caves_glow_berries.png,unmapped,,,
mcl_lush_caves_hanging_roots.png,unmapped,,,
mcl_lush_caves_moss.png,unmapped,,,
mcl_lush_caves_moss_block.png,unmapped,,,
mcl_lush_caves_moss_carpet.png,unmapped,,,
mcl_lush_caves_moss_carpet_side.png,unmapped,,,
mcl_lush_caves_rooted_dirt.png,unmapped,,,
mcl_lush_caves_small_dripleaf_side.png,unmapped,,,
mcl_lush_caves_small_dripleaf_stem_bottom.png,unmapped,,,
mcl_lush_caves_small_dripleaf_stem_top.png,unmapped,,,
mcl_lush_caves_small_dripleaf_top.png,unmapped,,,
mcl_lush_caves_spore_blossom.png,unmapped,,,
mcl_lush_caves_spore_blossom_base.png,unmapped,,,
mcl_lush_caves_spore_blossom_particle.png,unmapped,,,
mcl_mangrove_door_bottom.png,unmapped,,,
mcl_mangrove_door_top.png,unmapped,,,
mcl_mangrove_doors.png,unmapped,,,
mcl_mangrove_fence.png,unmapped,,,
mcl_mangrove_fence_gate.png,unmapped,,,
mcl_mangrove_leaves.png,unmapped,,,
mcl_mangrove_log.png,unmapped,,,
mcl_mangrove_log_top.png,unmapped,,,
mcl_mangrove_planks.png,unmapped,,,
mcl_mangrove_propagule.png,unmapped,,,
mcl_mangrove_propagule_hanging.png,unmapped,,,
mcl_mangrove_propagule_item.png,unmapped,,,
mcl_mangrove_roots_side.png,unmapped,,,
mcl_mangrove_roots_top.png,unmapped,,,
mcl_mangrove_trapdoor.png,unmapped,,,
mcl_mangrove_trapdoor_side.png,unmapped,,,
mcl_maps_map_background.png,unmapped,,,
mcl_maps_map_empty.png,unmapped,,,
mcl_maps_map_filled.png,unmapped,,,
mcl_maps_map_filled_markings.png,unmapped,,,
mcl_maps_player_arrow.png,unmapped,,,
mcl_maps_player_dot.png,unmapped,,,
mcl_minecarts_minecart.png,unmapped,,,
mcl_minecarts_minecart_chest.png,unmapped,,,
mcl_minecarts_minecart_command_block.png,unmapped,,,
mcl_minecarts_minecart_furnace.png,unmapped,,,
mcl_minecarts_minecart_hopper.png,unmapped,,,
mcl_minecarts_minecart_normal.png,unmapped,,,
mcl_minecarts_minecart_tnt.png,unmapped,,,
mcl_minecarts_rail_activator.png,unmapped,,,
mcl_minecarts_rail_activator_crossing.png,unmapped,,,
mcl_minecarts_rail_activator_crossing_powered.png,unmapped,,,
mcl_minecarts_rail_activator_curved.png,unmapped,,,
mcl_minecarts_rail_activator_curved_powered.png,unmapped,,,
mcl_minecarts_rail_activator_powered.png,unmapped,,,
mcl_minecarts_rail_activator_t_junction.png,unmapped,,,
mcl_minecarts_rail_activator_t_junction_powered.png,unmapped,,,
mcl_minecarts_rail_detector.png,unmapped,,,
mcl_minecarts_rail_detector_crossing.png,unmapped,,,
mcl_minecarts_rail_detector_crossing_powered.png,unmapped,,,
mcl_minecarts_rail_detector_curved.png,unmapped,,,
mcl_minecarts_rail_detector_curved_powered.png,unmapped,,,
mcl_minecarts_rail_detector_powered.png,unmapped,,,
mcl_minecarts_rail_detector_t_junction.png,unmapped,,,
mcl_minecarts_rail_detector_t_junction_powered.png,unmapped,,,
mcl_minecarts_rail_golden.png,unmapped,,,
mcl_minecarts_rail_golden_crossing.png,unmapped,,,
mcl_minecarts_rail_golden_crossing_powered.png,unmapped,,,
mcl_minecarts_rail_golden_curved.png,unmapped,,,
mcl_minecarts_rail_golden_curved_powered.png,unmapped,,,
mcl_minecarts_rail_golden_powered.png,unmapped,,,
mcl_minecarts_rail_golden_t_junction.png,unmapped,,,
mcl_minecarts_rail_golden_t_junction_powered.png,unmapped,,,
mcl_mobitems_beef_cooked.png,unmapped,,,
mcl_mobitems_beef_raw.png,unmapped,,,
mcl_mobitems_blaze_powder.png,unmapped,,,
mcl_mobitems_blaze_rod.png,unmapped,,,
mcl_mobitems_bone.png,unmapped,,,
mcl_mobitems_breeze_rod.png,unmapped,,,
mcl_mobitems_bucket_milk.png,unmapped,,,
mcl_mobitems_carrot_on_a_stick.png,unmapped,,,
mcl_mobitems_chicken_cooked.png,unmapped,,,
mcl_mobitems_chicken_raw.png,unmapped,,,
mcl_mobitems_copper_horse_armor.png,unmapped,,,
mcl_mobitems_diamond_horse_armor.png,unmapped,,,
mcl_mobitems_feather.png,unmapped,,,
mcl_mobitems_ghast_tear.png,unmapped,,,
mcl_mobitems_gold_horse_armor.png,unmapped,,,
mcl_mobitems_heart_of_the_sea.png,unmapped,,,
mcl_mobitems_heart_of_the_sea_split.png,unmapped,,,
mcl_mobitems_horse_armor_copper.png,unmapped,,,
mcl_mobitems_horse_armor_diamond.png,unmapped,,,
mcl_mobitems_horse_armor_gold.png,unmapped,,,
mcl_mobitems_horse_armor_iron.png,unmapped,,,
mcl_mobitems_horse_armor_leather.png,unmapped,,,
mcl_mobitems_horse_armor_leather_desat.png,unmapped,,,
mcl_mobitems_ink_sac.png,unmapped,,,
mcl_mobitems_iron_horse_armor.png,unmapped,,,
mcl_mobitems_leather.png,unmapped,,,
mcl_mobitems_leather_horse_armor.png,unmapped,,,
mcl_mobitems_leather_horse_armor_desat.png,unmapped,,,
mcl_mobitems_magma_cream.png,unmapped,,,
mcl_mobitems_mutton_cooked.png,unmapped,,,
mcl_mobitems_mutton_raw.png,unmapped,,,
mcl_mobitems_nametag.png,unmapped,,,
mcl_mobitems_nautilus_shell.png,unmapped,,,
mcl_mobitems_nether_star.png,unmapped,,,
mcl_mobitems_porkchop_cooked.png,unmapped,,,
mcl_mobitems_porkchop_raw.png,unmapped,,,
mcl_mobitems_rabbit_cooked.png,unmapped,,,
mcl_mobitems_rabbit_foot.png,unmapped,,,
mcl_mobitems_rabbit_hide.png,unmapped,,,
mcl_mobitems_rabbit_raw.png,unmapped,,,
mcl_mobitems_rabbit_stew.png,unmapped,,,
mcl_mobitems_rotten_flesh.png,unmapped,,,
mcl_mobitems_saddle.png,unmapped,,,
mcl_mobitems_shulker_shell.png,unmapped,,,
mcl_mobitems_slimeball.png,unmapped,,,
mcl_mobitems_spider_eye.png,unmapped,,,
mcl_mobitems_string.png,unmapped,,,
mcl_mobitems_warped_fungus_on_a_stick.png,unmapped,,,
mcl_mobs_hud_vehicle_container.png,unmapped,,,
mcl_mobs_hud_vehicle_full.png,unmapped,,,
mcl_mobs_hud_vehicle_half.png,unmapped,,,
mcl_moon_moon_phases.png,unmapped,,,
mcl_mud.png,unmapped,,,
mcl_mud_bricks.png,unmapped,,,
mcl_mud_packed_mud.png,unmapped,,,
mcl_mushrooms_mushroom_block_inside.png,unmapped,,,
mcl_mushrooms_mushroom_block_skin_brown.png,unmapped,,,
mcl_mushrooms_mushroom_block_skin_red.png,unmapped,,,
mcl_mushrooms_mushroom_block_skin_stem.png,unmapped,,,
mcl_nether_ancient_debris_side.png,unmapped,,,
mcl_nether_ancient_debris_top.png,unmapped,,,
mcl_nether_chiseled_nether_bricks.png,unmapped,,,
mcl_nether_cracked_nether_bricks.png,unmapped,,,
mcl_nether_magma.png,unmapped,,,
mcl_nether_nether_wart_block.png,unmapped,,,
mcl_nether_netherite_ingot.png,unmapped,,,
mcl_nether_netherite_scrap.png,unmapped,,,
mcl_nether_netherite_upgrade_template.png,unmapped,,,
mcl_nether_netheriteblock.png,unmapped,,,
mcl_nether_red_nether_brick.png,unmapped,,,
mcl_observers_observer_back.png,unmapped,,,
mcl_observers_observer_back_lit.png,unmapped,,,
mcl_observers_observer_front.png,unmapped,,,
mcl_observers_observer_side.png,unmapped,,,
mcl_observers_observer_top.png,unmapped,,,
mcl_ocean_brain_coral.png,unmapped,,,
mcl_ocean_brain_coral_block.png,unmapped,,,
mcl_ocean_brain_coral_fan.png,unmapped,,,
mcl_ocean_bubble_coral.png,unmapped,,,
mcl_ocean_bubble_coral_block.png,unmapped,,,
mcl_ocean_bubble_coral_fan.png,unmapped,,,
mcl_ocean_dead_brain_coral.png,unmapped,,,
mcl_ocean_dead_brain_coral_block.png,unmapped,,,
mcl_ocean_dead_brain_coral_fan.png,unmapped,,,
mcl_ocean_dead_bubble_coral.png,unmapped,,,
mcl_ocean_dead_bubble_coral_block.png,unmapped,,,
mcl_ocean_dead_bubble_coral_fan.png,unmapped,,,
mcl_ocean_dead_fire_coral.png,unmapped,,,
mcl_ocean_dead_fire_coral_block.png,unmapped,,,
mcl_ocean_dead_fire_coral_fan.png,unmapped,,,
mcl_ocean_dead_horn_coral.png,unmapped,,,
mcl_ocean_dead_horn_coral_block.png,unmapped,,,
mcl_ocean_dead_horn_coral_fan.png,unmapped,,,
mcl_ocean_dead_tube_coral.png,unmapped,,,
mcl_ocean_dead_tube_coral_block.png,unmapped,,,
mcl_ocean_dead_tube_coral_fan.png,unmapped,,,
mcl_ocean_dried_kelp.png,unmapped,,,
mcl_ocean_dried_kelp_bottom.png,unmapped,,,
mcl_ocean_dried_kelp_side.png,unmapped,,,
mcl_ocean_dried_kelp_top.png,unmapped,,,
mcl_ocean_fire_coral.png,unmapped,,,
mcl_ocean_fire_coral_block.png,unmapped,,,
mcl_ocean_fire_coral_fan.png,unmapped,,,
mcl_ocean_horn_coral.png,unmapped,,,
mcl_ocean_horn_coral_block.png,unmapped,,,
mcl_ocean_horn_coral_fan.png,unmapped,,,
mcl_ocean_kelp_item.png,unmapped,,,
mcl_ocean_kelp_plant.png,unmapped,,,
mcl_ocean_prismarine_anim.png,unmapped,,,
mcl_ocean_prismarine_bricks.png,unmapped,,,
mcl_ocean_prismarine_crystals.png,unmapped,,,
mcl_ocean_prismarine_dark.png,unmapped,,,
mcl_ocean_prismarine_shard.png,unmapped,,,
mcl_ocean_sea_lantern.png,unmapped,,,
mcl_ocean_sea_pickle_1_anim.png,unmapped,,,
mcl_ocean_sea_pickle_1_off.png,unmapped,,,
mcl_ocean_sea_pickle_2_anim.png,unmapped,,,
mcl_ocean_sea_pickle_2_off.png,unmapped,,,
mcl_ocean_sea_pickle_3_anim.png,unmapped,,,
mcl_ocean_sea_pickle_3_off.png,unmapped,,,
mcl_ocean_sea_pickle_4_anim.png,unmapped,,,
mcl_ocean_sea_pickle_4_off.png,unmapped,,,
mcl_ocean_sea_pickle_item.png,unmapped,,,
mcl_ocean_seagrass.png,unmapped,,,
mcl_ocean_seagrass_item.png,unmapped,,,
mcl_ocean_tube_coral.png,unmapped,,,
mcl_ocean_tube_coral_block.png,unmapped,,,
mcl_ocean_tube_coral_fan.png,unmapped,,,
mcl_offhand_slot.png,unmapped,,,
mcl_paintings_frame.png,unmapped,,,
mcl_paintings_painting.png,unmapped,,,
mcl_paintings_painting_ancient_octopus.png,unmapped,,,
mcl_paintings_painting_balding_man.png,unmapped,,,
mcl_paintings_painting_battle_axe.png,unmapped,,,
mcl_paintings_painting_blue_banner.png,unmapped,,,
mcl_paintings_painting_butcher_knives.png,unmapped,,,
mcl_paintings_painting_cooking_utensils.png,unmapped,,,
mcl_paintings_painting_decorative_swords.png,unmapped,,,
mcl_paintings_painting_dense_jungle_forest.png,unmapped,,,
mcl_paintings_painting_desert_castle.png,unmapped,,,
mcl_paintings_painting_elf_utopia.png,unmapped,,,
mcl_paintings_painting_endless_dunes.png,unmapped,,,
mcl_paintings_painting_froggy_pond.png,unmapped,,,
mcl_paintings_painting_gloom_mountain.png,unmapped,,,
mcl_paintings_painting_green_banner.png,unmapped,,,
mcl_paintings_painting_green_bottles.png,unmapped,,,
mcl_paintings_painting_moonshine_tundra.png,unmapped,,,
mcl_paintings_painting_mountain_tower.png,unmapped,,,
mcl_paintings_painting_notes.png,unmapped,,,
mcl_paintings_painting_poster.png,unmapped,,,
mcl_paintings_painting_quest_board.png,unmapped,,,
mcl_paintings_painting_sarmatian_decoration.png,unmapped,,,
mcl_paintings_painting_snowy_mountain.png,unmapped,,,
mcl_paintings_painting_support_truss.png,unmapped,,,
mcl_paintings_painting_viking_shield.png,unmapped,,,
mcl_paintings_painting_volendam_costume.png,unmapped,,,
mcl_paintings_painting_waterfall_bridge.png,unmapped,,,
mcl_pale_oak_chiseled_resin_bricks.png,unmapped,,,
mcl_pale_oak_door_bottom.png,unmapped,,,
mcl_pale_oak_door_item.png,unmapped,,,
mcl_pale_oak_door_top.png,unmapped,,,
mcl_pale_oak_eyeblossom.png,unmapped,,,
mcl_pale_oak_eyeblossom_open.png,unmapped,,,
mcl_pale_oak_hanging_moss.png,unmapped,,,
mcl_pale_oak_hanging_moss_tip.png,unmapped,,,
mcl_pale_oak_leaves.png,unmapped,,,
mcl_pale_oak_log.png,unmapped,,,
mcl_pale_oak_log_top.png,unmapped,,,
mcl_pale_oak_moss.png,unmapped,,,
mcl_pale_oak_planks.png,unmapped,,,
mcl_pale_oak_resin_block.png,unmapped,,,
mcl_pale_oak_resin_brick.png,unmapped,,,
mcl_pale_oak_resin_brick_block.png,unmapped,,,
mcl_pale_oak_resin_clump.png,unmapped,,,
mcl_pale_oak_sapling_pale_oak.png,unmapped,,,
mcl_pale_oak_trapdoor.png,unmapped,,,
mcl_pale_oak_trapdoor_side.png,unmapped,,,
mcl_particles_angry_villager.png,unmapped,,,
mcl_particles_bonemeal.png,unmapped,,,
mcl_particles_bubble.png,unmapped,,,
mcl_particles_crit.png,unmapped,,,
mcl_particles_dragon_breath_1.png,unmapped,,,
mcl_particles_dragon_breath_2.png,unmapped,,,
mcl_particles_dragon_breath_3.png,unmapped,,,
mcl_particles_droplet_bottle.png,unmapped,,,
mcl_particles_effect.png,unmapped,,,
mcl_particles_fire_flame.png,unmapped,,,
mcl_particles_instant_effect.png,unmapped,,,
mcl_particles_lava.png,unmapped,,,
mcl_particles_mob_death.png,unmapped,,,
mcl_particles_nether_dust1.png,unmapped,,,
mcl_particles_nether_dust2.png,unmapped,,,
mcl_particles_nether_dust3.png,unmapped,,,
mcl_particles_nether_portal.png,unmapped,,,
mcl_particles_nether_portal_t.png,unmapped,,,
mcl_particles_note.png,unmapped,,,
mcl_particles_smoke.png,unmapped,,,
mcl_particles_smoke_anim.png,unmapped,,,
mcl_particles_soul_fire_flame.png,unmapped,,,
mcl_particles_sponge1.png,unmapped,,,
mcl_particles_sponge2.png,unmapped,,,
mcl_particles_sponge3.png,unmapped,,,
mcl_particles_sponge4.png,unmapped,,,
mcl_particles_sponge5.png,unmapped,,,
mcl_particles_squid_ink.png,unmapped,,,
mcl_particles_squid_ink_1.png,unmapped,,,
mcl_particles_squid_ink_2.png,unmapped,,,
mcl_particles_teleport.png,unmapped,,,
mcl_particles_totem1.png,unmapped,,,
mcl_particles_totem2.png,unmapped,,,
mcl_particles_totem3.png,unmapped,,,
mcl_particles_totem4.png,unmapped,,,
mcl_player_settings.png,unmapped,,,
mcl_playerplus_end_sky.png,unmapped,,,
mcl_portals_end_portal.png,unmapped,,,
mcl_portals_endframe_bottom.png,unmapped,,,
mcl_portals_endframe_eye.png,unmapped,,,
mcl_portals_endframe_side.png,unmapped,,,
mcl_portals_endframe_top.png,unmapped,,,
mcl_portals_particle1.png,unmapped,,,
mcl_portals_particle2.png,unmapped,,,
mcl_portals_particle3.png,unmapped,,,
mcl_portals_particle4.png,unmapped,,,
mcl_portals_particle5.png,unmapped,,,
mcl_portals_portal.png,unmapped,,,
mcl_potions_arrow_inv.png,unmapped,,,
mcl_potions_blindness_hud.png,unmapped,,,
mcl_potions_dragon_breath.png,unmapped,,,
mcl_potions_effect_absorbtion.png,unmapped,,,
mcl_potions_effect_absorption.png,unmapped,,,
mcl_potions_effect_bad_luck.png,unmapped,,,
mcl_potions_effect_bad_omen.png,unmapped,,,
mcl_potions_effect_blindness.png,unmapped,,,
mcl_potions_effect_conduit_power.png,unmapped,,,
mcl_potions_effect_darkness.png,unmapped,,,
mcl_potions_effect_dolphin_grace.png,unmapped,,,
mcl_potions_effect_fatigue.png,unmapped,,,
mcl_potions_effect_fire_proof.png,unmapped,,,
mcl_potions_effect_food_poisoning.png,unmapped,,,
mcl_potions_effect_glowing.png,unmapped,,,
mcl_potions_effect_haste.png,unmapped,,,
mcl_potions_effect_health_boost.png,unmapped,,,
mcl_potions_effect_hero_of_village.png,unmapped,,,
mcl_potions_effect_infested.png,unmapped,,,
mcl_potions_effect_invisible.png,unmapped,,,
mcl_potions_effect_leaping.png,unmapped,,,
mcl_potions_effect_levitation.png,unmapped,,,
mcl_potions_effect_luck.png,unmapped,,,
mcl_potions_effect_nausea.png,unmapped,,,
mcl_potions_effect_night_vision.png,unmapped,,,
mcl_potions_effect_oozing.png,unmapped,,,
mcl_potions_effect_poisoned.png,unmapped,,,
mcl_potions_effect_regenerating.png,unmapped,,,
mcl_potions_effect_regeneration.png,unmapped,,,
mcl_potions_effect_resistance.png,unmapped,,,
mcl_potions_effect_saturation.png,unmapped,,,
mcl_potions_effect_slow.png,unmapped,,,
mcl_potions_effect_slow_falling.png,unmapped,,,
mcl_potions_effect_strong.png,unmapped,,,
mcl_potions_effect_swift.png,unmapped,,,
mcl_potions_effect_trial_omen.png,unmapped,,,
mcl_potions_effect_water_breathing.png,unmapped,,,
mcl_potions_effect_weak.png,unmapped,,,
mcl_potions_effect_weaving.png,unmapped,,,
mcl_potions_effect_wind_charged.png,unmapped,,,
mcl_potions_effect_withering.png,unmapped,,,
mcl_potions_glow_waypoint.png,unmapped,,,
mcl_potions_icon_absorb.png,unmapped,,,
mcl_potions_icon_regen_wither.png,unmapped,,,
mcl_potions_icon_wither.png,unmapped,,,
mcl_potions_lingering_bottle.png,unmapped,,,
mcl_potions_melon_speckled.png,unmapped,,,
mcl_potions_ominous_potion.png,unmapped,,,
mcl_potions_potion_bottle.png,unmapped,,,
mcl_potions_potion_overlay.png,unmapped,,,
mcl_potions_spider_eye_fermented.png,unmapped,,,
mcl_potions_splash_bottle.png,unmapped,,,
mcl_potions_splash_overlay.png,unmapped,,,
mcl_pottery_sherds.png,unmapped,,,
mcl_pottery_sherds_angler.png,unmapped,,,
mcl_pottery_sherds_archer.png,unmapped,,,
mcl_pottery_sherds_arms_up.png,unmapped,,,
mcl_pottery_sherds_blade.png,unmapped,,,
mcl_pottery_sherds_brewer.png,unmapped,,,
mcl_pottery_sherds_burn.png,unmapped,,,
mcl_pottery_sherds_danger.png,unmapped,,,
mcl_pottery_sherds_explorer.png,unmapped,,,
mcl_pottery_sherds_flow.png,unmapped,,,
mcl_pottery_sherds_friend.png,unmapped,,,
mcl_pottery_sherds_guster.png,unmapped,,,
mcl_pottery_sherds_heart.png,unmapped,,,
mcl_pottery_sherds_heartbreak.png,unmapped,,,
mcl_pottery_sherds_howl.png,unmapped,,,
mcl_pottery_sherds_miner.png,unmapped,,,
mcl_pottery_sherds_mourner.png,unmapped,,,
mcl_pottery_sherds_pattern_angler.png,unmapped,,,
mcl_pottery_sherds_pattern_archer.png,unmapped,,,
mcl_pottery_sherds_pattern_arms_up.png,unmapped,,,
mcl_pottery_sherds_pattern_blade.png,unmapped,,,
mcl_pottery_sherds_pattern_brewer.png,unmapped,,,
mcl_pottery_sherds_pattern_burn.png,unmapped,,,
mcl_pottery_sherds_pattern_danger.png,unmapped,,,
mcl_pottery_sherds_pattern_explorer.png,unmapped,,,
mcl_pottery_sherds_pattern_flow.png,unmapped,,,
mcl_pottery_sherds_pattern_friend.png,unmapped,,,
mcl_pottery_sherds_pattern_guster.png,unmapped,,,
mcl_pottery_sherds_pattern_heart.png,unmapped,,,
mcl_pottery_sherds_pattern_heartbreak.png,unmapped,,,
mcl_pottery_sherds_pattern_howl.png,unmapped,,,
mcl_pottery_sherds_pattern_miner.png,unmapped,,,
mcl_pottery_sherds_pattern_mourner.png,unmapped,,,
mcl_pottery_sherds_pattern_plenty.png,unmapped,,,
mcl_pottery_sherds_pattern_prize.png,unmapped,,,
mcl_pottery_sherds_pattern_scrape.png,unmapped,,,
mcl_pottery_sherds_pattern_sheaf.png,unmapped,,,
mcl_pottery_sherds_pattern_shelter.png,unmapped,,,
mcl_pottery_sherds_pattern_skull.png,unmapped,,,
mcl_pottery_sherds_pattern_snort.png,unmapped,,,
mcl_pottery_sherds_plenty.png,unmapped,,,
mcl_pottery_sherds_pot_1.png,unmapped,,,
mcl_pottery_sherds_pot_10.png,unmapped,,,
mcl_pottery_sherds_pot_2.png,unmapped,,,
mcl_pottery_sherds_pot_3.png,unmapped,,,
mcl_pottery_sherds_pot_4.png,unmapped,,,
mcl_pottery_sherds_pot_5.png,unmapped,,,
mcl_pottery_sherds_pot_6.png,unmapped,,,
mcl_pottery_sherds_pot_7.png,unmapped,,,
mcl_pottery_sherds_pot_8.png,unmapped,,,
mcl_pottery_sherds_pot_9.png,unmapped,,,
mcl_pottery_sherds_pot_bottom.png,unmapped,,,
mcl_pottery_sherds_pot_side.png,unmapped,,,
mcl_pottery_sherds_pot_top.png,unmapped,,,
mcl_pottery_sherds_prize.png,unmapped,,,
mcl_pottery_sherds_scrape.png,unmapped,,,
mcl_pottery_sherds_sheaf.png,unmapped,,,
mcl_pottery_sherds_shelter.png,unmapped,,,
mcl_pottery_sherds_skull.png,unmapped,,,
mcl_pottery_sherds_snort.png,unmapped,,,
mcl_raids_hero_of_the_village_icon.png,unmapped,,,
mcl_raw_ores_raw_gold.png,unmapped,,,
mcl_raw_ores_raw_gold_block.png,unmapped,,,
mcl_raw_ores_raw_iron.png,unmapped,,,
mcl_raw_ores_raw_iron_block.png,unmapped,,,
mcl_redstone_palette_power.png,unmapped,,,
mcl_sculk_catalyst_bottom.png,unmapped,,,
mcl_sculk_catalyst_side.png,unmapped,,,
mcl_sculk_catalyst_top.png,unmapped,,,
mcl_sculk_echo_shard.png,unmapped,,,
mcl_sculk_sculk.png,unmapped,,,
mcl_sculk_sensor_bottom.png,unmapped,,,
mcl_sculk_sensor_side.png,unmapped,,,
mcl_sculk_sensor_top.png,unmapped,,,
mcl_sculk_shrieker_bottom.png,unmapped,,,
mcl_sculk_shrieker_side.png,unmapped,,,
mcl_sculk_shrieker_top.png,unmapped,,,
mcl_sculk_vein.png,unmapped,,,
mcl_shield_48.png,unmapped,,,
mcl_shield_base_nopattern.png,unmapped,,,
mcl_shield_hud.png,unmapped,,,
mcl_shield_pattern_base.png,unmapped,,,
mcl_signs_default_sign_greyscale.png,unmapped,,,
mcl_signs_hanging_sign_acacia.png,unmapped,,,
mcl_signs_hanging_sign_acacia_item.png,unmapped,,,
mcl_signs_hanging_sign_bamboo.png,unmapped,,,
mcl_signs_hanging_sign_bamboo_item.png,unmapped,,,
mcl_signs_hanging_sign_birch.png,unmapped,,,
mcl_signs_hanging_sign_birch_item.png,unmapped,,,
mcl_signs_hanging_sign_cherry_blossom.png,unmapped,,,
mcl_signs_hanging_sign_cherry_blossom_item.png,unmapped,,,
mcl_signs_hanging_sign_crimson.png,unmapped,,,
mcl_signs_hanging_sign_crimson_item.png,unmapped,,,
mcl_signs_hanging_sign_dark_oak.png,unmapped,,,
mcl_signs_hanging_sign_dark_oak_item.png,unmapped,,,
mcl_signs_hanging_sign_jungle.png,unmapped,,,
mcl_signs_hanging_sign_jungle_item.png,unmapped,,,
mcl_signs_hanging_sign_mangrove.png,unmapped,,,
mcl_signs_hanging_sign_mangrove_item.png,unmapped,,,
mcl_signs_hanging_sign_oak.png,unmapped,,,
mcl_signs_hanging_sign_oak_item.png,unmapped,,,
mcl_signs_hanging_sign_pale_oak.png,unmapped,,,
mcl_signs_hanging_sign_pale_oak_item.png,unmapped,,,
mcl_signs_hanging_sign_spruce.png,unmapped,,,
mcl_signs_hanging_sign_spruce_item.png,unmapped,,,
mcl_signs_hanging_sign_warped.png,unmapped,,,
mcl_signs_hanging_sign_warped_item.png,unmapped,,,
mcl_signs_hangljg_sign_pale_oak.png,unmapped,,,
mcl_signs_sign_greyscale.png,unmapped,,,
mcl_skins_arrow.png,unmapped,,,
mcl_skins_base_1.png,unmapped,,,
mcl_skins_base_1_mask.png,unmapped,,,
mcl_skins_bottom_1.png,unmapped,,,
mcl_skins_bottom_1_mask.png,unmapped,,,
mcl_skins_bottom_2.png,unmapped,,,
mcl_skins_bottom_2_mask.png,unmapped,,,
mcl_skins_bottom_3.png,unmapped,,,
mcl_skins_bottom_3_mask.png,unmapped,,,
mcl_skins_bottom_4.png,unmapped,,,
mcl_skins_bottom_4_mask.png,unmapped,,,
mcl_skins_bottom_5.png,unmapped,,,
mcl_skins_bottom_5_mask.png,unmapped,,,
mcl_skins_button.png,unmapped,,,
mcl_skins_character_1.png,unmapped,,,
mcl_skins_eye_1.png,unmapped,,,
mcl_skins_eye_2.png,unmapped,,,
mcl_skins_eye_3.png,unmapped,,,
mcl_skins_eye_4.png,unmapped,,,
mcl_skins_eye_5.png,unmapped,,,
mcl_skins_eye_6.png,unmapped,,,
mcl_skins_eye_7.png,unmapped,,,
mcl_skins_footwear_1.png,unmapped,,,
mcl_skins_footwear_2.png,unmapped,,,
mcl_skins_footwear_3.png,unmapped,,,
mcl_skins_hair_1.png,unmapped,,,
mcl_skins_hair_10.png,unmapped,,,
mcl_skins_hair_10_mask.png,unmapped,,,
mcl_skins_hair_11.png,unmapped,,,
mcl_skins_hair_11_mask.png,unmapped,,,
mcl_skins_hair_1_mask.png,unmapped,,,
mcl_skins_hair_2.png,unmapped,,,
mcl_skins_hair_2_mask.png,unmapped,,,
mcl_skins_hair_3.png,unmapped,,,
mcl_skins_hair_3_mask.png,unmapped,,,
mcl_skins_hair_4.png,unmapped,,,
mcl_skins_hair_4_mask.png,unmapped,,,
mcl_skins_hair_5.png,unmapped,,,
mcl_skins_hair_5_mask.png,unmapped,,,
mcl_skins_hair_6.png,unmapped,,,
mcl_skins_hair_6_mask.png,unmapped,,,
mcl_skins_hair_7.png,unmapped,,,
mcl_skins_hair_7_mask.png,unmapped,,,
mcl_skins_hair_8.png,unmapped,,,
mcl_skins_hair_8_mask.png,unmapped,,,
mcl_skins_hair_9.png,unmapped,,,
mcl_skins_hair_9_mask.png,unmapped,,,
mcl_skins_headwear_1.png,unmapped,,,
mcl_skins_headwear_2.png,unmapped,,,
mcl_skins_headwear_3.png,unmapped,,,
mcl_skins_headwear_4.png,unmapped,,,
mcl_skins_headwear_5.png,unmapped,,,
mcl_skins_headwear_6.png,unmapped,,,
mcl_skins_headwear_7.png,unmapped,,,
mcl_skins_icons.png,unmapped,,,
mcl_skins_mouth_1.png,unmapped,,,
mcl_skins_mouth_2.png,unmapped,,,
mcl_skins_mouth_3.png,unmapped,,,
mcl_skins_mouth_4.png,unmapped,,,
mcl_skins_mouth_5.png,unmapped,,,
mcl_skins_mouth_6.png,unmapped,,,
mcl_skins_mouth_7.png,unmapped,,,
mcl_skins_select_overlay.png,unmapped,,,
mcl_skins_slim_arms.png,unmapped,,,
mcl_skins_thick_arms.png,unmapped,,,
mcl_skins_top_1.png,unmapped,,,
mcl_skins_top_10.png,unmapped,,,
mcl_skins_top_10_mask.png,unmapped,,,
mcl_skins_top_1_mask.png,unmapped,,,
mcl_skins_top_2.png,unmapped,,,
mcl_skins_top_2_mask.png,unmapped,,,
mcl_skins_top_3.png,unmapped,,,
mcl_skins_top_3_mask.png,unmapped,,,
mcl_skins_top_4.png,unmapped,,,
mcl_skins_top_4_mask.png,unmapped,,,
mcl_skins_top_5.png,unmapped,,,
mcl_skins_top_5_mask.png,unmapped,,,
mcl_skins_top_6.png,unmapped,,,
mcl_skins_top_6_mask.png,unmapped,,,
mcl_skins_top_7.png,unmapped,,,
mcl_skins_top_7_mask.png,unmapped,,,
mcl_skins_top_8.png,unmapped,,,
mcl_skins_top_8_mask.png,unmapped,,,
mcl_skins_top_9.png,unmapped,,,
mcl_skins_top_9_mask.png,unmapped,,,
mcl_smithing_table_bottom.png,unmapped,,,
mcl_smithing_table_front.png,unmapped,,,
mcl_smithing_table_inventory.png,unmapped,,,
mcl_smithing_table_inventory_hammer.png,unmapped,,,
mcl_smithing_table_inventory_trim_bg.png,unmapped,,,
mcl_smithing_table_side.png,unmapped,,,
mcl_smithing_table_top.png,unmapped,,,
mcl_sponges_sponge.png,unmapped,,,
mcl_sponges_sponge_wet.png,unmapped,,,
mcl_sponges_sponge_wet_river_water.png,unmapped,,,
mcl_spyglass.png,unmapped,,,
mcl_spyglass_scope.png,unmapped,,,
mcl_stacksize_button.png,unmapped,,,
mcl_stairs_andesite_smooth_slab.png,unmapped,,,
mcl_stairs_diorite_smooth_slab.png,unmapped,,,
mcl_stairs_gold_block_slab.png,unmapped,,,
mcl_stairs_granite_smooth_slab.png,unmapped,,,
mcl_stairs_iron_block_slab.png,unmapped,,,
mcl_stairs_lapis_block_slab.png,unmapped,,,
mcl_stairs_stone_slab_side.png,unmapped,,,
mcl_stairs_stone_slab_top.png,unmapped,,,
mcl_stairs_turntexture.png,unmapped,,,
mcl_stonecutter_bottom.png,unmapped,,,
mcl_stonecutter_saw.png,unmapped,,,
mcl_stonecutter_side.png,unmapped,,,
mcl_stonecutter_top.png,unmapped,,,
mcl_stripped_mangrove_log_side.png,unmapped,,,
mcl_stripped_mangrove_log_top.png,unmapped,,,
mcl_stripped_pale_oak_log_side.png,unmapped,,,
mcl_stripped_pale_oak_log_top.png,unmapped,,,
mcl_sus_nodes_brush.png,unmapped,,,
mcl_sus_nodes_suspicious_overlay.png,unmapped,,,
mcl_sus_nodes_suspicious_overlay_1.png,unmapped,,,
mcl_sus_nodes_suspicious_overlay_2.png,unmapped,,,
mcl_sus_nodes_suspicious_overlay_3.png,unmapped,,,
mcl_target_target_side.png,unmapped,,,
mcl_target_target_top.png,unmapped,,,
mcl_throwing_egg.png,unmapped,,,
mcl_throwing_ender_pearl.png,unmapped,,,
mcl_throwing_snowball.png,unmapped,,,
mcl_tnt_blink.png,unmapped,,,
mcl_tools_heavy_core_bottom.png,unmapped,,,
mcl_tools_heavy_core_side.png,unmapped,,,
mcl_tools_heavy_core_top.png,unmapped,,,
mcl_tools_mace.png,unmapped,,,
mcl_totems_totem.png,unmapped,,,
mcl_totems_totem_wieldview.png,unmapped,,,
mcl_tridents_trident_entity.png,unmapped,,,
mcl_tridents_trident_entity_clip.png,unmapped,,,
mcl_tridents_trident_item.png,unmapped,,,
mcl_unknown.png,unmapped,,,
mcl_vaults_ominous_trial_key.png,unmapped,,,
mcl_vaults_trial_key.png,unmapped,,,
mcl_vaults_vault_bottom.png,unmapped,,,
mcl_vaults_vault_front_ejecting.png,unmapped,,,
mcl_vaults_vault_front_off.png,unmapped,,,
mcl_vaults_vault_front_on.png,unmapped,,,
mcl_vaults_vault_ominous_front_ejecting.png,unmapped,,,
mcl_vaults_vault_ominous_front_off.png,unmapped,,,
mcl_vaults_vault_ominous_front_on.png,unmapped,,,
mcl_vaults_vault_ominous_side_ejecting.png,unmapped,,,
mcl_vaults_vault_ominous_side_off.png,unmapped,,,
mcl_vaults_vault_ominous_side_on.png,unmapped,,,
mcl_vaults_vault_ominous_top_ejecting.png,unmapped,,,
mcl_vaults_vault_ominous_top_off.png,unmapped,,,
mcl_vaults_vault_ominous_top_on.png,unmapped,,,
mcl_vaults_vault_side_ejecting.png,unmapped,,,
mcl_vaults_vault_side_off.png,unmapped,,,
mcl_vaults_vault_side_on.png,unmapped,,,
mcl_vaults_vault_top_ejecting.png,unmapped,,,
mcl_vaults_vault_top_off.png,unmapped,,,
mcl_vaults_vault_top_on.png,unmapped,,,
mcl_vaults_vault_top_unlock.png,unmapped,,,
mcl_walls_cobble_mossy_wall_side.png,unmapped,,,
mcl_walls_cobble_mossy_wall_top.png,unmapped,,,
mcl_walls_cobble_wall_side.png,unmapped,,,
mcl_walls_cobble_wall_top.png,unmapped,,,
mcl_wear_bar.png,unmapped,,,
mcl_wool_light_blue.png,unmapped,,,
mcl_wool_lime.png,unmapped,,,
mesecons_button_wield_mask.png,unmapped,,,
mesecons_delayer_end_locked_off.png,unmapped,,,
mesecons_delayer_end_locked_on.png,unmapped,,,
mesecons_delayer_ends_off.png,unmapped,,,
mesecons_delayer_ends_on.png,unmapped,,,
mesecons_delayer_front_locked_off.png,unmapped,,,
mesecons_delayer_front_locked_on.png,unmapped,,,
mesecons_delayer_item.png,unmapped,,,
mesecons_delayer_locked_off.png,unmapped,,,
mesecons_delayer_locked_on.png,unmapped,,,
mesecons_delayer_off.png,unmapped,,,
mesecons_delayer_on.png,unmapped,,,
mesecons_delayer_sides_locked_off.png,unmapped,,,
mesecons_delayer_sides_locked_on.png,unmapped,,,
mesecons_delayer_sides_off.png,unmapped,,,
mesecons_delayer_sides_on.png,unmapped,,,
mesecons_noteblock.png,unmapped,,,
mesecons_piston_back.png,unmapped,,,
mesecons_piston_bottom.png,unmapped,,,
mesecons_piston_on_front.png,unmapped,,,
mesecons_piston_pusher_back.png,unmapped,,,
mesecons_piston_pusher_bottom.png,unmapped,,,
mesecons_piston_pusher_front.png,unmapped,,,
mesecons_piston_pusher_front_sticky.png,unmapped,,,
mesecons_piston_pusher_left.png,unmapped,,,
mesecons_piston_pusher_right.png,unmapped,,,
mesecons_piston_pusher_top.png,unmapped,,,
mesecons_walllever_lever.png,unmapped,,,
mesecons_walllever_lever_inv.png,unmapped,,,
mineclonia_icon.png,unmapped,,,
mineclonia_logo.png,unmapped,,,
mobs_blood.png,unmapped,,,
mobs_chicken_egg.png,unmapped,,,
mobs_mc_TEMP_wither_projectile.png,unmapped,,,
mobs_mc_arrow_particle.png,unmapped,,,
mobs_mc_axolotl_black.png,unmapped,,,
mobs_mc_axolotl_brown.png,unmapped,,,
mobs_mc_axolotl_green.png,unmapped,,,
mobs_mc_axolotl_pink.png,unmapped,,,
mobs_mc_axolotl_purple.png,unmapped,,,
mobs_mc_axolotl_white.png,unmapped,,,
mobs_mc_axolotl_yellow.png,unmapped,,,
mobs_mc_bat.png,unmapped,,,
mobs_mc_blaze.png,unmapped,,,
mobs_mc_cat_all_black.png,unmapped,,,
mobs_mc_cat_black.png,unmapped,,,
mobs_mc_cat_british_shorthair.png,unmapped,,,
mobs_mc_cat_calico.png,unmapped,,,
mobs_mc_cat_collar.png,unmapped,,,
mobs_mc_cat_jellie.png,unmapped,,,
mobs_mc_cat_ocelot.png,unmapped,,,
mobs_mc_cat_persian.png,unmapped,,,
mobs_mc_cat_ragdoll.png,unmapped,,,
mobs_mc_cat_red.png,unmapped,,,
mobs_mc_cat_siamese.png,unmapped,,,
mobs_mc_cat_tabby.png,unmapped,,,
mobs_mc_cat_white.png,unmapped,,,
mobs_mc_cave_spider.png,unmapped,,,
mobs_mc_chicken.png,unmapped,,,
mobs_mc_cow.png,unmapped,,,
mobs_mc_creeper.png,unmapped,,,
mobs_mc_creeper_charge.png,unmapped,,,
mobs_mc_diamond.png,unmapped,,,
mobs_mc_donkey.png,unmapped,,,
mobs_mc_dragon.png,unmapped,,,
mobs_mc_dragon_fireball.png,unmapped,,,
mobs_mc_drowned.png,unmapped,,,
mobs_mc_drowned_overlay.png,unmapped,,,
mobs_mc_emerald.png,unmapped,,,
mobs_mc_empty.png,unmapped,,,
mobs_mc_endergolem.png,unmapped,,,
mobs_mc_enderman.png,unmapped,,,
mobs_mc_enderman_cactus_background.png,unmapped,,,
mobs_mc_enderman_eyes.png,unmapped,,,
mobs_mc_endermite.png,unmapped,,,
mobs_mc_evoker.png,unmapped,,,
mobs_mc_evoker_fangs.png,unmapped,,,
mobs_mc_ghast.png,unmapped,,,
mobs_mc_ghast_firing.png,unmapped,,,
mobs_mc_gold.png,unmapped,,,
mobs_mc_guardian.png,unmapped,,,
mobs_mc_guardian_elder.png,unmapped,,,
mobs_mc_helmet_mask.png,unmapped,,,
mobs_mc_horse_black.png,unmapped,,,
mobs_mc_horse_brown.png,unmapped,,,
mobs_mc_horse_chestnut.png,unmapped,,,
mobs_mc_horse_creamy.png,unmapped,,,
mobs_mc_horse_darkbrown.png,unmapped,,,
mobs_mc_horse_gray.png,unmapped,,,
mobs_mc_horse_markings_blackdots.png,unmapped,,,
mobs_mc_horse_markings_white.png,unmapped,,,
mobs_mc_horse_markings_whitedots.png,unmapped,,,
mobs_mc_horse_markings_whitefield.png,unmapped,,,
mobs_mc_horse_skeleton.png,unmapped,,,
mobs_mc_horse_white.png,unmapped,,,
mobs_mc_horse_zombie.png,unmapped,,,
mobs_mc_husk.png,unmapped,,,
mobs_mc_illusionist.png,unmapped,,,
mobs_mc_iron.png,unmapped,,,
mobs_mc_iron_golem.png,unmapped,,,
mobs_mc_iron_golem_crack_high.png,unmapped,,,
mobs_mc_iron_golem_crack_low.png,unmapped,,,
mobs_mc_iron_golem_crack_medium.png,unmapped,,,
mobs_mc_llama.png,unmapped,,,
mobs_mc_llama_brown.png,unmapped,,,
mobs_mc_llama_creamy.png,unmapped,,,
mobs_mc_llama_decor_black.png,unmapped,,,
mobs_mc_llama_decor_blue.png,unmapped,,,
mobs_mc_llama_decor_brown.png,unmapped,,,
mobs_mc_llama_decor_cyan.png,unmapped,,,
mobs_mc_llama_decor_gray.png,unmapped,,,
mobs_mc_llama_decor_green.png,unmapped,,,
mobs_mc_llama_decor_light_blue.png,unmapped,,,
mobs_mc_llama_decor_light_gray.png,unmapped,,,
mobs_mc_llama_decor_lime.png,unmapped,,,
mobs_mc_llama_decor_magenta.png,unmapped,,,
mobs_mc_llama_decor_orange.png,unmapped,,,
mobs_mc_llama_decor_pink.png,unmapped,,,
mobs_mc_llama_decor_purple.png,unmapped,,,
mobs_mc_llama_decor_red.png,unmapped,,,
mobs_mc_llama_decor_wandering_trader.png,unmapped,,,
mobs_mc_llama_decor_white.png,unmapped,,,
mobs_mc_llama_decor_yellow.png,unmapped,,,
mobs_mc_llama_gray.png,unmapped,,,
mobs_mc_llama_spit.png,unmapped,,,
mobs_mc_llama_white.png,unmapped,,,
mobs_mc_magmacube.png,unmapped,,,
mobs_mc_mooshroom.png,unmapped,,,
mobs_mc_mooshroom_brown.png,unmapped,,,
mobs_mc_mule.png,unmapped,,,
mobs_mc_mushroom_brown.png,unmapped,,,
mobs_mc_mushroom_red.png,unmapped,,,
mobs_mc_parrot_blue.png,unmapped,,,
mobs_mc_parrot_green.png,unmapped,,,
mobs_mc_parrot_grey.png,unmapped,,,
mobs_mc_parrot_red_blue.png,unmapped,,,
mobs_mc_parrot_yellow_blue.png,unmapped,,,
mobs_mc_pig.png,unmapped,,,
mobs_mc_pig_saddle.png,unmapped,,,
mobs_mc_pillager.png,unmapped,,,
mobs_mc_polarbear.png,unmapped,,,
mobs_mc_pufferfish.png,unmapped,,,
mobs_mc_rabbit_black.png,unmapped,,,
mobs_mc_rabbit_brown.png,unmapped,,,
mobs_mc_rabbit_caerbannog.png,unmapped,,,
mobs_mc_rabbit_gold.png,unmapped,,,
mobs_mc_rabbit_salt.png,unmapped,,,
mobs_mc_rabbit_toast.png,unmapped,,,
mobs_mc_rabbit_white.png,unmapped,,,
mobs_mc_rabbit_white_splotched.png,unmapped,,,
mobs_mc_ravager.png,unmapped,,,
mobs_mc_sheep.png,unmapped,,,
mobs_mc_sheep_fur.png,unmapped,,,
mobs_mc_sheep_sheared.png,unmapped,,,
mobs_mc_shulker_black.png,unmapped,,,
mobs_mc_shulker_blue.png,unmapped,,,
mobs_mc_shulker_brown.png,unmapped,,,
mobs_mc_shulker_cyan.png,unmapped,,,
mobs_mc_shulker_gray.png,unmapped,,,
mobs_mc_shulker_green.png,unmapped,,,
mobs_mc_shulker_light_blue.png,unmapped,,,
mobs_mc_shulker_lime.png,unmapped,,,
mobs_mc_shulker_magenta.png,unmapped,,,
mobs_mc_shulker_orange.png,unmapped,,,
mobs_mc_shulker_pink.png,unmapped,,,
mobs_mc_shulker_purple.png,unmapped,,,
mobs_mc_shulker_red.png,unmapped,,,
mobs_mc_shulker_silver.png,unmapped,,,
mobs_mc_shulker_white.png,unmapped,,,
mobs_mc_shulker_yellow.png,unmapped,,,
mobs_mc_shulkerbullet.png,unmapped,,,
mobs_mc_silverfish.png,unmapped,,,
mobs_mc_skeleton.png,unmapped,,,
mobs_mc_slime.png,unmapped,,,
mobs_mc_snowman.png,unmapped,,,
mobs_mc_spawn_icon_bat.png,unmapped,,,
mobs_mc_spawn_icon_blaze.png,unmapped,,,
mobs_mc_spawn_icon_cat.png,unmapped,,,
mobs_mc_spawn_icon_cave_spider.png,unmapped,,,
mobs_mc_spawn_icon_chicken.png,unmapped,,,
mobs_mc_spawn_icon_cod.png,unmapped,,,
mobs_mc_spawn_icon_cow.png,unmapped,,,
mobs_mc_spawn_icon_creeper.png,unmapped,,,
mobs_mc_spawn_icon_donkey.png,unmapped,,,
mobs_mc_spawn_icon_dragon.png,unmapped,,,
mobs_mc_spawn_icon_enderman.png,unmapped,,,
mobs_mc_spawn_icon_endermite.png,unmapped,,,
mobs_mc_spawn_icon_evoker.png,unmapped,,,
mobs_mc_spawn_icon_ghast.png,unmapped,,,
mobs_mc_spawn_icon_guardian.png,unmapped,,,
mobs_mc_spawn_icon_guardian_elder.png,unmapped,,,
mobs_mc_spawn_icon_horse.png,unmapped,,,
mobs_mc_spawn_icon_horse_skeleton.png,unmapped,,,
mobs_mc_spawn_icon_horse_zombie.png,unmapped,,,
mobs_mc_spawn_icon_husk.png,unmapped,,,
mobs_mc_spawn_icon_illusioner.png,unmapped,,,
mobs_mc_spawn_icon_iron_golem.png,unmapped,,,
mobs_mc_spawn_icon_killer_bunny.png,unmapped,,,
mobs_mc_spawn_icon_llama.png,unmapped,,,
mobs_mc_spawn_icon_magmacube.png,unmapped,,,
mobs_mc_spawn_icon_mooshroom.png,unmapped,,,
mobs_mc_spawn_icon_mule.png,unmapped,,,
mobs_mc_spawn_icon_parrot.png,unmapped,,,
mobs_mc_spawn_icon_pig.png,unmapped,,,
mobs_mc_spawn_icon_polarbear.png,unmapped,,,
mobs_mc_spawn_icon_rabbit.png,unmapped,,,
mobs_mc_spawn_icon_salmon.png,unmapped,,,
mobs_mc_spawn_icon_sheep.png,unmapped,,,
mobs_mc_spawn_icon_shulker.png,unmapped,,,
mobs_mc_spawn_icon_silverfish.png,unmapped,,,
mobs_mc_spawn_icon_skeleton.png,unmapped,,,
mobs_mc_spawn_icon_slime.png,unmapped,,,
mobs_mc_spawn_icon_snowman.png,unmapped,,,
mobs_mc_spawn_icon_spider.png,unmapped,,,
mobs_mc_spawn_icon_squid.png,unmapped,,,
mobs_mc_spawn_icon_stray.png,unmapped,,,
mobs_mc_spawn_icon_vex.png,unmapped,,,
mobs_mc_spawn_icon_villager.png,unmapped,,,
mobs_mc_spawn_icon_vindicator.png,unmapped,,,
mobs_mc_spawn_icon_witch.png,unmapped,,,
mobs_mc_spawn_icon_wither.png,unmapped,,,
mobs_mc_spawn_icon_witherskeleton.png,unmapped,,,
mobs_mc_spawn_icon_wolf.png,unmapped,,,
mobs_mc_spawn_icon_zombie.png,unmapped,,,
mobs_mc_spawn_icon_zombie_pigman.png,unmapped,,,
mobs_mc_spawn_icon_zombie_villager.png,unmapped,,,
mobs_mc_spider.png,unmapped,,,
mobs_mc_spider_eyes.png,unmapped,,,
mobs_mc_squid.png,unmapped,,,
mobs_mc_stone.png,unmapped,,,
mobs_mc_stray.png,unmapped,,,
mobs_mc_stray_overlay.png,unmapped,,,
mobs_mc_trading_formspec_bg.png,unmapped,,,
mobs_mc_trading_formspec_disabled.png,unmapped,,,
mobs_mc_vex.png,unmapped,,,
mobs_mc_vex_charging.png,unmapped,,,
mobs_mc_villager.png,unmapped,,,
mobs_mc_villager_base.png,unmapped,,,
mobs_mc_villager_desert.png,unmapped,,,
mobs_mc_villager_jungle.png,unmapped,,,
mobs_mc_villager_plains.png,unmapped,,,
mobs_mc_villager_profession_armorer.png,unmapped,,,
mobs_mc_villager_profession_butcher.png,unmapped,,,
mobs_mc_villager_profession_cartographer.png,unmapped,,,
mobs_mc_villager_profession_cleric.png,unmapped,,,
mobs_mc_villager_profession_farmer.png,unmapped,,,
mobs_mc_villager_profession_fisherman.png,unmapped,,,
mobs_mc_villager_profession_fletcher.png,unmapped,,,
mobs_mc_villager_profession_leatherworker.png,unmapped,,,
mobs_mc_villager_profession_librarian.png,unmapped,,,
mobs_mc_villager_profession_mason.png,unmapped,,,
mobs_mc_villager_profession_nitwit.png,unmapped,,,
mobs_mc_villager_profession_shepherd.png,unmapped,,,
mobs_mc_villager_profession_toolsmith.png,unmapped,,,
mobs_mc_villager_profession_weaponsmith.png,unmapped,,,
mobs_mc_villager_savanna.png,unmapped,,,
mobs_mc_villager_snow.png,unmapped,,,
mobs_mc_villager_swamp.png,unmapped,,,
mobs_mc_villager_taiga.png,unmapped,,,
mobs_mc_villager_wandering_trader.png,unmapped,,,
mobs_mc_vindicator.png,unmapped,,,
mobs_mc_witch.png,unmapped,,,
mobs_mc_wither.png,unmapped,,,
mobs_mc_wither_armor.png,unmapped,,,
mobs_mc_wither_invulnerable.png,unmapped,,,
mobs_mc_wither_projectile.png,unmapped,,,
mobs_mc_wither_projectile_strong.png,unmapped,,,
mobs_mc_wither_skeleton.png,unmapped,,,
mobs_mc_wolf.png,unmapped,,,
mobs_mc_wolf_angry.png,unmapped,,,
mobs_mc_wolf_ashen.png,unmapped,,,
mobs_mc_wolf_ashen_angry.png,unmapped,,,
mobs_mc_wolf_ashen_tame.png,unmapped,,,
mobs_mc_wolf_black.png,unmapped,,,
mobs_mc_wolf_black_angry.png,unmapped,,,
mobs_mc_wolf_black_tame.png,unmapped,,,
mobs_mc_wolf_chestnut.png,unmapped,,,
mobs_mc_wolf_chestnut_angry.png,unmapped,,,
mobs_mc_wolf_chestnut_tame.png,unmapped,,,
mobs_mc_wolf_collar.png,unmapped,,,
mobs_mc_wolf_icon_roam.png,unmapped,,,
mobs_mc_wolf_icon_sit.png,unmapped,,,
mobs_mc_wolf_rusty.png,unmapped,,,
mobs_mc_wolf_rusty_angry.png,unmapped,,,
mobs_mc_wolf_rusty_tame.png,unmapped,,,
mobs_mc_wolf_snowy.png,unmapped,,,
mobs_mc_wolf_snowy_angry.png,unmapped,,,
mobs_mc_wolf_snowy_tame.png,unmapped,,,
mobs_mc_wolf_splash_0.png,unmapped,,,
mobs_mc_wolf_splash_1.png,unmapped,,,
mobs_mc_wolf_splash_2.png,unmapped,,,
mobs_mc_wolf_splash_3.png,unmapped,,,
mobs_mc_wolf_spotted.png,unmapped,,,
mobs_mc_wolf_spotted_angry.png,unmapped,,,
mobs_mc_wolf_spotted_tame.png,unmapped,,,
mobs_mc_wolf_striped.png,unmapped,,,
mobs_mc_wolf_striped_angry.png,unmapped,,,
mobs_mc_wolf_striped_tame.png,unmapped,,,
mobs_mc_wolf_tame.png,unmapped,,,
mobs_mc_wolf_woods.png,unmapped,,,
mobs_mc_wolf_woods_angry.png,unmapped,,,
mobs_mc_wolf_woods_tame.png,unmapped,,,
mobs_mc_zombie.png,unmapped,,,
mobs_mc_zombie_villager.png,unmapped,,,
mobs_mc_zombie_villager_base.png,unmapped,,,
mobs_mc_zombie_villager_desert.png,unmapped,,,
mobs_mc_zombie_villager_jungle.png,unmapped,,,
mobs_mc_zombie_villager_plains.png,unmapped,,,
mobs_mc_zombie_villager_profession_armorer.png,unmapped,,,
mobs_mc_zombie_villager_profession_butcher.png,unmapped,,,
mobs_mc_zombie_villager_profession_cartographer.png,unmapped,,,
mobs_mc_zombie_villager_profession_cleric.png,unmapped,,,
mobs_mc_zombie_villager_profession_farmer.png,unmapped,,,
mobs_mc_zombie_villager_profession_fisherman.png,unmapped,,,
mobs_mc_zombie_villager_profession_fletcher.png,unmapped,,,
mobs_mc_zombie_villager_profession_leatherworker.png,unmapped,,,
mobs_mc_zombie_villager_profession_librarian.png,unmapped,,,
mobs_mc_zombie_villager_profession_mason.png,unmapped,,,
mobs_mc_zombie_villager_profession_nitwit.png,unmapped,,,
mobs_mc_zombie_villager_profession_shepherd.png,unmapped,,,
mobs_mc_zombie_villager_profession_toolsmith.png,unmapped,,,
mobs_mc_zombie_villager_profession_weaponsmith.png,unmapped,,,
mobs_mc_zombie_villager_savanna.png,unmapped,,,
mobs_mc_zombie_villager_snow.png,unmapped,,,
mobs_mc_zombie_villager_swamp.png,unmapped,,,
mobs_mc_zombie_villager_taiga.png,unmapped,,,
nether_sprouts.png,unmapped,,,
nether_wart_block.png,unmapped,,,
object_crosshair.png,unmapped,,,
pointed_dripstone_base.png,unmapped,,,
pointed_dripstone_frustum.png,unmapped,,,
pointed_dripstone_middle.png,unmapped,,,
pointed_dripstone_tip.png,unmapped,,,
pointed_dripstone_tip_merge.png,unmapped,,,
powder_snow.png,unmapped,,,
pufferfish_bucket.png,unmapped,,,
redstone_redstone_dust_dot.png,unmapped,,,
redstone_redstone_dust_line0.png,unmapped,,,
redstone_redstone_dust_line1.png,unmapped,,,
respawn_anchor_bottom.png,unmapped,,,
respawn_anchor_side0.png,unmapped,,,
respawn_anchor_side1.png,unmapped,,,
respawn_anchor_side2.png,unmapped,,,
respawn_anchor_side3.png,unmapped,,,
respawn_anchor_side4.png,unmapped,,,
respawn_anchor_top_off.png,unmapped,,,
respawn_anchor_top_on.png,unmapped,,,
rib_armor_trim_smithing_template.png,unmapped,,,
rib_boots.png,unmapped,,,
rib_chestplate.png,unmapped,,,
rib_helmet.png,unmapped,,,
rib_leggings.png,unmapped,,,
root_1.png,unmapped,,,
root_2.png,unmapped,,,
root_3.png,unmapped,,,
root_4.png,unmapped,,,
root_5.png,unmapped,,,
root_6.png,unmapped,,,
root_7.png,unmapped,,,
root_8.png,unmapped,,,
salmon_bucket.png,unmapped,,,
screwdriver.png,unmapped,,,
sentry_armor_trim_smithing_template.png,unmapped,,,
sentry_boots.png,unmapped,,,
sentry_chestplate.png,unmapped,,,
sentry_helmet.png,unmapped,,,
sentry_leggings.png,unmapped,,,
shroomlight.png,unmapped,,,
silence_armor_trim_smithing_template.png,unmapped,,,
silence_boots.png,unmapped,,,
silence_chestplate.png,unmapped,,,
silence_helmet.png,unmapped,,,
silence_leggings.png,unmapped,,,
smoke_puff.png,unmapped,,,
smoker_bottom.png,unmapped,,,
smoker_front.png,unmapped,,,
smoker_front_on.png,unmapped,,,
smoker_side.png,unmapped,,,
smoker_top.png,unmapped,,,
snout_armor_trim_smithing_template.png,unmapped,,,
snout_boots.png,unmapped,,,
snout_chestplate.png,unmapped,,,
snout_helmet.png,unmapped,,,
snout_leggings.png,unmapped,,,
soul_fire_basic_flame.png,unmapped,,,
soul_fire_basic_flame_animated.png,unmapped,,,
soul_torch_on_floor.png,unmapped,,,
soul_torch_on_floor_animated.png,unmapped,,,
spire_armor_trim_smithing_template.png,unmapped,,,
spire_boots.png,unmapped,,,
spire_chestplate.png,unmapped,,,
spire_helmet.png,unmapped,,,
spire_leggings.png,unmapped,,,
stripped_crimson_stem.png,unmapped,,,
stripped_crimson_stem_side.png,unmapped,,,
stripped_crimson_stem_top.png,unmapped,,,
stripped_warped_stem.png,unmapped,,,
stripped_warped_stem_side.png,unmapped,,,
stripped_warped_stem_top.png,unmapped,,,
sus_stew.png,unmapped,,,
testpathfinder_waypoint.png,unmapped,,,
testpathfinder_waypoint_end.png,unmapped,,,
testpathfinder_waypoint_start.png,unmapped,,,
tide_armor_trim_smithing_template.png,unmapped,,,
tide_boots.png,unmapped,,,
tide_chestplate.png,unmapped,,,
tide_helmet.png,unmapped,,,
tide_leggings.png,unmapped,,,
tree_1.png,unmapped,,,
tree_2.png,unmapped,,,
tree_3.png,unmapped,,,
tree_4.png,unmapped,,,
tree_5.png,unmapped,,,
tree_6.png,unmapped,,,
tree_7.png,unmapped,,,
tree_8.png,unmapped,,,
trialspawner_blue_bar_particles.1.png,unmapped,,,
trialspawner_blue_bar_particles.2.png,unmapped,,,
trialspawner_blue_dot_particle.png,unmapped,,,
trialspawner_bottom.png,unmapped,,,
trialspawner_bottom_ominous.png,unmapped,,,
trialspawner_bottom_on.png,unmapped,,,
trialspawner_orange_bar_particles.1.png,unmapped,,,
trialspawner_orange_bar_particles.2.png,unmapped,,,
trialspawner_side.png,unmapped,,,
trialspawner_side_ominous.png,unmapped,,,
trialspawner_side_on.png,unmapped,,,
trialspawner_top.png,unmapped,,,
trialspawner_top_ominous.png,unmapped,,,
trialspawner_top_on.png,unmapped,,,
tropical_fish_bucket.png,unmapped,,,
twisting_vines.png,unmapped,,,
twisting_vines_plant.png,unmapped,,,
vex_armor_trim_smithing_template.png,unmapped,,,
vex_boots.png,unmapped,,,
vex_chestplate.png,unmapped,,,
vex_helmet.png,unmapped,,,
vex_leggings.png,unmapped,,,
ward_armor_trim_smithing_template.png,unmapped,,,
ward_boots.png,unmapped,,,
ward_chestplate.png,unmapped,,,
ward_helmet.png,unmapped,,,
ward_leggings.png,unmapped,,,
warped_hyphae.png,unmapped,,,
warped_hyphae_side.png,unmapped,,,
warped_hyphae_wood.png,unmapped,,,
warped_nylium.png,unmapped,,,
warped_nylium_side.png,unmapped,,,
warped_roots.png,unmapped,,,
warped_stem_stripped_side.png,unmapped,,,
warped_stem_stripped_top.png,unmapped,,,
warped_wart_block.png,unmapped,,,
wayfinder_armor_trim_smithing_template.png,unmapped,,,
wayfinder_boots.png,unmapped,,,
wayfinder_chestplate.png,unmapped,,,
wayfinder_helmet.png,unmapped,,,
wayfinder_leggings.png,unmapped,,,
weather_pack_rain_raindrop_1.png,unmapped,,,
weather_pack_rain_raindrop_2.png,unmapped,,,
weather_pack_rain_raindrop_3.png,unmapped,,,
weather_pack_snow_snowflake1.png,unmapped,,,
weather_pack_snow_snowflake10.png,unmapped,,,
weather_pack_snow_snowflake11.png,unmapped,,,
weather_pack_snow_snowflake2.png,unmapped,,,
weather_pack_snow_snowflake3.png,unmapped,,,
weather_pack_snow_snowflake4.png,unmapped,,,
weather_pack_snow_snowflake5.png,unmapped,,,
weather_pack_snow_snowflake6.png,unmapped,,,
weather_pack_snow_snowflake7.png,unmapped,,,
weather_pack_snow_snowflake8.png,unmapped,,,
weather_pack_snow_snowflake9.png,unmapped,,,
wild_armor_trim_smithing_template.png,unmapped,,,
wild_boots.png,unmapped,,,
wild_chestplate.png,unmapped,,,
wild_helmet.png,unmapped,,,
wild_leggings.png,unmapped,,,
wool_black.png,unmapped,,,
wool_blue.png,unmapped,,,
wool_brown.png,unmapped,,,
wool_cyan.png,unmapped,,,
wool_dark_green.png,unmapped,,,
wool_dark_grey.png,unmapped,,,
wool_grey.png,unmapped,,,
wool_magenta.png,unmapped,,,
wool_orange.png,unmapped,,,
wool_pink.png,unmapped,,,
wool_red.png,unmapped,,,
wool_violet.png,unmapped,,,
wool_white.png,unmapped,,,
wool_yellow.png,unmapped,,,
xpanes_pane_iron.png,unmapped,,,
xpanes_top_glass_black.png,unmapped,,,
xpanes_top_glass_blue.png,unmapped,,,
xpanes_top_glass_brown.png,unmapped,,,
xpanes_top_glass_cyan.png,unmapped,,,
xpanes_top_glass_gray.png,unmapped,,,
xpanes_top_glass_green.png,unmapped,,,
xpanes_top_glass_light_blue.png,unmapped,,,
xpanes_top_glass_lime.png,unmapped,,,
xpanes_top_glass_magenta.png,unmapped,,,
xpanes_top_glass_natural.png,unmapped,,,
xpanes_top_glass_orange.png,unmapped,,,
xpanes_top_glass_pink.png,unmapped,,,
xpanes_top_glass_purple.png,unmapped,,,
xpanes_top_glass_red.png,unmapped,,,
xpanes_top_glass_silver.png,unmapped,,,
xpanes_top_glass_white.png,unmapped,,,
xpanes_top_glass_yellow.png,unmapped,,,
xpanes_top_iron.png,unmapped,,,
